Date,Station,Season,PM2.5,PM10,NO2,SO2,CO,O3,Temperature,Humidity,Wind_Speed,AQI,AQI_Bucket
2023-01-01,Station_North,Winter,151.1,253.29,42.0,8.74,0.5,5.0,15.7,63.9,8.9,326.0,Very Poor
2023-01-02,Station_North,Winter,64.4,125.52,54.37,13.77,0.73,5.0,16.9,52.8,5.7,117.3,Moderate
2023-01-03,Station_North,Winter,44.81,114.45,14.03,26.2,4.57,5.28,11.9,79.8,7.0,134.0,Moderate
2023-01-04,Station_North,Winter,50.01,90.6,28.46,18.87,0.45,7.19,10.5,52.3,9.3,92.2,Satisfactory
2023-01-05,Station_North,Winter,128.92,196.51,12.83,15.54,1.51,6.47,11.1,62.5,8.0,308.9,Very Poor
2023-01-06,Station_North,Winter,23.09,40.7,27.72,16.14,0.38,6.6,19.2,67.7,17.1,39.9,Good
2023-01-07,Station_North,Winter,138.4,264.96,32.56,10.41,2.63,5.0,17.2,67.6,5.4,315.5,Very Poor
2023-01-08,Station_North,Winter,68.38,134.39,61.07,12.55,0.13,6.46,12.6,62.7,8.4,132.1,Moderate
2023-01-09,Station_North,Winter,41.72,87.19,51.24,28.96,0.51,5.0,13.3,67.4,6.9,87.5,Satisfactory
2023-01-10,Station_North,Winter,86.9,175.5,8.89,31.52,0.29,5.0,12.3,72.4,12.1,189.2,Moderate
2023-01-11,Station_North,Winter,155.15,263.53,47.83,6.63,2.05,7.16,16.8,55.2,7.7,329.5,Very Poor
2023-01-12,Station_North,Winter,37.63,90.98,16.28,6.9,1.92,6.36,14.8,71.8,7.5,98.9,Satisfactory
2023-01-13,Station_North,Winter,74.79,144.6,74.91,13.62,6.34,5.0,13.1,59.0,4.3,156.2,Moderate
2023-01-14,Station_North,Winter,133.26,302.03,53.54,21.76,0.71,6.46,14.1,63.9,6.6,311.6,Very Poor
2023-01-15,Station_North,Winter,41.2,102.51,58.08,8.22,1.72,6.29,10.9,66.2,7.2,103.9,Moderate
2023-01-16,Station_North,Winter,99.76,219.93,7.63,13.51,0.46,9.37,19.0,65.1,11.0,230.6,Poor
2023-01-17,Station_North,Winter,43.07,79.08,36.79,36.41,3.74,5.63,12.3,73.7,7.2,123.1,Moderate
2023-01-18,Station_North,Winter,32.98,57.99,93.03,7.91,0.78,5.0,17.7,60.0,5.7,115.2,Moderate
2023-01-19,Station_North,Winter,131.81,281.66,103.87,6.27,1.92,6.56,21.4,73.3,2.4,308.0,Very Poor
2023-01-20,Station_North,Winter,68.74,140.94,57.47,8.25,1.16,11.37,19.4,75.6,6.6,130.6,Moderate
2023-01-21,Station_North,Winter,64.11,114.25,14.09,8.11,0.65,7.9,19.6,55.1,13.4,115.6,Moderate
2023-01-22,Station_North,Winter,43.11,100.37,26.93,18.15,0.87,5.0,15.1,71.5,8.9,103.5,Moderate
2023-01-23,Station_North,Winter,80.13,152.35,26.12,10.57,1.56,5.0,12.5,61.7,7.8,167.5,Moderate
2023-01-24,Station_North,Winter,27.25,63.47,27.86,13.45,0.87,5.0,16.1,58.5,13.3,63.7,Satisfactory
2023-01-25,Station_North,Winter,46.21,106.81,42.86,7.84,0.46,8.41,16.8,69.9,11.1,105.9,Moderate
2023-01-26,Station_North,Winter,90.43,170.49,42.21,11.86,0.52,10.89,19.2,71.9,6.5,201.6,Poor
2023-01-27,Station_North,Winter,84.09,175.34,18.84,11.84,2.23,6.71,15.6,65.6,10.0,179.2,Moderate
2023-01-28,Station_North,Winter,66.22,160.7,48.99,6.46,3.62,6.95,11.9,48.0,5.4,142.1,Moderate
2023-01-29,Station_North,Winter,86.82,203.72,41.16,15.33,0.4,10.45,19.2,70.6,6.6,187.1,Moderate
2023-01-30,Station_North,Winter,65.41,116.45,34.95,3.55,1.35,7.91,11.9,65.0,7.1,118.9,Moderate
2023-01-31,Station_North,Winter,62.66,152.43,10.8,30.57,0.52,15.38,21.2,65.9,11.7,137.1,Moderate
2023-02-01,Station_North,Winter,190.48,404.68,200.75,2.96,0.72,10.33,7.8,55.5,1.5,368.6,Very Poor
2023-02-02,Station_North,Winter,155.28,247.93,29.59,40.23,2.6,5.0,15.4,74.0,2.7,327.0,Very Poor
2023-02-03,Station_North,Winter,95.13,194.73,31.74,11.83,1.71,5.05,11.2,64.1,3.9,216.5,Poor
2023-02-04,Station_North,Winter,441.74,600.0,90.36,6.06,0.71,7.4,16.0,60.6,3.3,497.6,Severe
2023-02-05,Station_North,Winter,111.69,245.54,152.48,13.47,3.29,6.47,14.7,58.9,2.7,271.8,Poor
2023-02-06,Station_North,Winter,223.47,384.97,43.19,9.2,1.36,8.32,19.5,61.9,5.0,378.9,Very Poor
2023-02-07,Station_North,Winter,138.8,253.25,31.35,13.67,2.21,6.8,11.0,65.4,4.5,316.7,Very Poor
2023-02-08,Station_North,Winter,151.44,227.22,16.2,55.4,2.47,5.0,11.3,60.5,4.0,323.6,Very Poor
2023-02-09,Station_North,Winter,165.72,320.33,5.0,16.29,0.62,5.0,12.7,73.1,5.3,336.5,Very Poor
2023-02-10,Station_North,Winter,58.5,107.53,43.6,10.58,1.82,13.85,19.5,64.0,7.3,102.8,Moderate
2023-02-11,Station_North,Winter,99.03,233.29,59.77,3.76,0.11,8.69,10.5,50.0,5.9,231.3,Poor
2023-02-12,Station_North,Winter,63.2,118.06,71.92,27.53,1.24,7.63,18.4,72.7,7.2,114.0,Moderate
2023-02-13,Station_North,Winter,74.54,149.36,5.87,15.37,1.69,5.0,10.8,72.0,11.1,148.5,Moderate
2023-02-14,Station_North,Winter,81.47,168.84,10.56,12.02,2.51,6.07,14.2,79.3,8.8,171.9,Moderate
2023-02-15,Station_North,Winter,52.37,86.38,10.92,4.53,0.14,5.0,17.8,51.5,11.6,85.2,Satisfactory
2023-02-16,Station_North,Winter,90.71,201.79,63.15,5.83,0.17,7.5,13.1,56.0,6.6,202.6,Poor
2023-02-17,Station_North,Winter,85.52,196.04,22.27,7.54,0.61,5.35,10.1,85.6,7.2,187.2,Moderate
2023-02-18,Station_North,Winter,69.86,161.99,51.27,9.89,2.36,5.9,5.0,48.4,3.3,143.3,Moderate
2023-02-19,Station_North,Winter,101.73,179.26,45.51,9.9,1.16,11.22,18.5,70.8,3.6,238.5,Poor
2023-02-20,Station_North,Winter,24.62,57.02,31.97,8.61,0.17,7.23,10.7,51.6,12.3,57.8,Satisfactory
2023-02-21,Station_North,Winter,71.87,117.19,20.42,6.03,0.64,6.87,12.8,75.8,13.5,140.7,Moderate
2023-02-22,Station_North,Winter,93.76,205.65,8.56,14.59,0.47,5.0,14.9,72.9,12.0,211.9,Poor
2023-02-23,Station_North,Winter,21.99,57.95,30.85,13.87,0.51,11.09,18.7,57.9,8.7,57.6,Satisfactory
2023-02-24,Station_North,Winter,262.9,558.5,71.83,25.52,0.23,5.0,13.9,79.2,5.1,475.5,Severe
2023-02-25,Station_North,Winter,94.5,197.37,37.35,14.67,1.02,5.0,17.7,66.0,9.5,217.2,Poor
2023-02-26,Station_North,Winter,87.16,195.3,24.28,27.4,0.4,5.95,13.9,70.5,7.1,187.7,Moderate
2023-02-27,Station_North,Winter,78.36,142.88,26.34,29.34,0.5,5.0,11.7,73.3,9.6,163.7,Moderate
2023-02-28,Station_North,Winter,85.51,149.35,23.01,4.9,0.17,8.88,19.5,60.8,5.7,183.9,Moderate
2023-03-01,Station_North,Summer,44.24,82.51,10.3,26.14,0.27,82.44,44.1,34.7,17.5,82.0,Satisfactory
2023-03-02,Station_North,Summer,37.99,92.25,52.85,18.55,0.46,52.0,33.1,43.8,12.3,94.0,Satisfactory
2023-03-03,Station_North,Summer,16.18,42.8,27.48,14.83,0.54,70.72,33.0,40.8,8.8,70.4,Satisfactory
2023-03-04,Station_North,Summer,52.61,128.58,30.35,20.05,0.64,55.77,34.3,48.4,16.0,122.1,Moderate
2023-03-05,Station_North,Summer,15.71,41.11,25.25,13.19,0.67,47.86,33.7,43.8,12.9,51.1,Satisfactory
2023-03-06,Station_North,Summer,50.55,102.63,19.84,16.67,0.59,35.69,34.9,41.8,14.7,102.9,Moderate
2023-03-07,Station_North,Summer,28.71,79.39,14.51,12.22,1.57,14.98,29.7,47.7,12.6,76.5,Satisfactory
2023-03-08,Station_North,Summer,43.74,93.65,37.54,5.19,0.57,29.97,37.5,36.0,10.9,96.3,Satisfactory
2023-03-09,Station_North,Summer,18.79,55.85,17.23,17.17,0.8,58.83,39.1,38.3,11.9,61.6,Satisfactory
2023-03-10,Station_North,Summer,50.67,87.63,48.3,12.66,0.3,40.69,36.7,45.7,13.7,89.4,Satisfactory
2023-03-11,Station_North,Summer,16.62,51.37,8.99,12.37,0.25,38.17,35.0,39.8,13.5,50.5,Satisfactory
2023-03-12,Station_North,Summer,25.77,60.52,12.35,7.42,0.49,68.03,41.3,47.0,13.3,69.5,Satisfactory
2023-03-13,Station_North,Summer,14.23,44.34,21.81,19.13,0.93,57.18,34.3,36.4,14.8,58.3,Satisfactory
2023-03-14,Station_North,Summer,20.48,41.4,10.25,8.72,0.17,108.07,43.3,34.5,19.2,112.5,Moderate
2023-03-15,Station_North,Summer,41.72,81.27,21.98,31.9,0.47,39.34,32.7,46.0,10.6,83.2,Satisfactory
2023-03-16,Station_North,Summer,19.81,52.67,5.0,4.69,0.65,56.72,41.9,36.3,17.2,56.5,Satisfactory
2023-03-17,Station_North,Summer,34.25,63.98,30.94,5.32,0.59,27.32,37.1,37.7,9.0,66.4,Satisfactory
2023-03-18,Station_North,Summer,31.74,61.68,7.53,26.77,0.45,26.37,34.4,42.8,13.9,63.2,Satisfactory
2023-03-19,Station_North,Summer,18.84,48.68,18.92,12.46,0.42,60.44,39.0,49.8,17.6,61.0,Satisfactory
2023-03-20,Station_North,Summer,25.08,70.9,14.53,19.23,0.21,45.88,36.3,24.0,16.7,70.4,Satisfactory
2023-03-21,Station_North,Summer,12.54,41.87,47.09,24.25,0.57,80.13,39.8,38.7,15.6,82.3,Satisfactory
2023-03-22,Station_North,Summer,9.02,32.06,17.27,29.74,0.53,20.45,38.2,30.9,18.9,35.8,Good
2023-03-23,Station_North,Summer,30.04,77.31,8.06,3.91,0.19,31.32,39.7,44.6,16.2,74.5,Satisfactory
2023-03-24,Station_North,Summer,31.29,75.31,11.55,12.61,0.29,53.9,33.8,29.4,18.9,73.0,Satisfactory
2023-03-25,Station_North,Summer,29.34,77.25,20.74,10.5,0.26,40.04,44.2,45.8,16.0,76.0,Satisfactory
2023-03-26,Station_North,Summer,7.3,21.9,13.76,18.19,0.21,44.78,36.6,51.1,16.8,43.4,Good
2023-03-27,Station_North,Summer,28.29,82.16,26.12,7.85,0.35,32.03,40.9,39.4,12.3,81.4,Satisfactory
2023-03-28,Station_North,Summer,48.37,82.24,58.42,7.4,0.82,65.1,33.5,47.2,13.1,85.0,Satisfactory
2023-03-29,Station_North,Summer,6.12,30.48,8.71,8.55,1.19,35.39,30.6,42.1,18.4,62.4,Satisfactory
2023-03-30,Station_North,Summer,14.51,39.61,12.48,19.89,0.37,44.27,34.7,38.4,12.3,47.4,Good
2023-03-31,Station_North,Summer,54.71,112.44,10.48,6.34,0.69,31.33,31.9,30.1,16.1,107.8,Moderate
2023-04-01,Station_North,Summer,27.94,53.89,12.61,20.83,0.47,26.98,33.4,49.9,17.3,55.1,Satisfactory
2023-04-02,Station_North,Summer,30.34,52.99,9.3,17.72,0.1,41.36,34.2,42.9,15.5,57.6,Satisfactory
2023-04-03,Station_North,Summer,22.66,63.98,22.13,10.84,0.36,28.36,36.0,46.7,14.2,66.6,Satisfactory
2023-04-04,Station_North,Summer,28.33,87.91,16.03,4.44,0.57,33.62,36.2,41.4,13.3,87.8,Satisfactory
2023-04-05,Station_North,Summer,32.04,68.13,17.2,4.57,0.8,32.77,36.2,44.2,13.8,68.6,Satisfactory
2023-04-06,Station_North,Summer,17.07,48.43,12.3,26.16,0.79,5.51,34.0,36.7,12.9,49.8,Good
2023-04-07,Station_North,Summer,9.06,30.13,5.0,7.04,1.23,20.17,31.2,38.2,10.5,61.9,Satisfactory
2023-04-08,Station_North,Summer,30.65,64.47,17.97,11.05,1.75,22.14,29.1,56.5,10.4,89.3,Satisfactory
2023-04-09,Station_North,Summer,16.2,60.14,11.09,21.06,0.58,22.0,33.9,54.6,16.0,61.0,Satisfactory
2023-04-10,Station_North,Summer,26.74,63.74,39.28,7.89,1.22,67.53,36.3,53.8,13.3,69.2,Satisfactory
2023-04-11,Station_North,Summer,69.79,126.12,34.95,13.12,0.47,80.71,39.5,33.9,9.7,135.8,Moderate
2023-04-12,Station_North,Summer,35.22,87.49,8.9,10.96,0.25,40.87,38.6,44.7,11.4,85.7,Satisfactory
2023-04-13,Station_North,Summer,35.89,85.36,29.16,15.83,0.85,52.54,39.2,42.4,14.8,86.2,Satisfactory
2023-04-14,Station_North,Summer,40.99,90.28,19.31,20.51,2.13,42.87,33.7,35.8,15.8,101.6,Moderate
2023-04-15,Station_North,Summer,37.65,66.07,37.53,20.11,0.39,75.63,37.7,38.0,13.9,77.9,Satisfactory
2023-04-16,Station_North,Summer,15.06,43.76,10.16,34.41,0.39,31.43,33.9,38.9,14.0,41.2,Good
2023-04-17,Station_North,Summer,51.24,107.99,66.14,36.72,0.5,110.27,41.1,53.4,11.7,117.4,Moderate
2023-04-18,Station_North,Summer,16.48,42.46,30.85,5.21,1.13,46.84,38.1,46.2,12.3,55.8,Satisfactory
2023-04-19,Station_North,Summer,36.33,87.23,19.98,26.27,0.88,14.83,35.5,43.8,9.9,86.7,Satisfactory
2023-04-20,Station_North,Summer,43.43,89.99,37.46,12.55,0.53,61.12,32.1,41.1,8.7,91.5,Satisfactory
2023-04-21,Station_North,Summer,37.97,94.34,12.0,6.79,0.33,31.93,38.7,42.8,10.7,96.7,Satisfactory
2023-04-22,Station_North,Summer,5.0,30.02,22.49,3.45,0.9,34.18,35.1,39.8,11.8,43.3,Good
2023-04-23,Station_North,Summer,17.52,42.86,9.72,23.81,0.24,83.16,38.0,29.3,21.2,84.1,Satisfactory
2023-04-24,Station_North,Summer,15.77,43.62,25.75,18.95,1.06,83.29,38.4,41.4,12.9,85.7,Satisfactory
2023-04-25,Station_North,Summer,16.9,43.9,35.55,9.9,0.29,55.25,36.2,34.8,13.8,57.4,Satisfactory
2023-04-26,Station_North,Summer,17.92,41.79,12.44,36.93,0.1,54.95,35.7,38.6,23.6,56.9,Satisfactory
2023-04-27,Station_North,Summer,39.52,100.72,15.37,8.6,0.74,33.41,35.3,30.2,14.4,100.0,Satisfactory
2023-04-28,Station_North,Summer,30.84,75.55,11.15,26.12,0.91,81.0,37.5,56.5,10.8,80.1,Satisfactory
2023-04-29,Station_North,Summer,55.23,114.89,15.84,8.93,1.18,61.15,38.1,42.2,14.9,112.0,Moderate
2023-04-30,Station_North,Summer,20.79,51.95,38.79,16.62,1.5,51.49,37.9,38.1,12.9,75.8,Satisfactory
2023-05-01,Station_North,Summer,24.36,57.17,49.39,23.96,1.33,24.48,33.2,49.6,10.6,67.4,Satisfactory
2023-05-02,Station_North,Summer,25.15,60.28,14.15,21.65,0.2,36.76,37.7,45.1,17.3,60.9,Satisfactory
2023-05-03,Station_North,Summer,16.64,54.11,23.37,8.73,0.86,51.32,37.2,41.5,16.1,54.0,Satisfactory
2023-05-04,Station_North,Summer,31.72,72.19,16.04,34.14,1.57,34.26,32.8,40.7,8.3,78.3,Satisfactory
2023-05-05,Station_North,Summer,33.58,91.33,30.1,53.21,1.02,68.47,36.2,49.3,11.2,91.0,Satisfactory
2023-05-06,Station_North,Summer,8.65,26.14,20.77,6.77,0.32,51.41,39.1,41.8,20.3,53.1,Satisfactory
2023-05-07,Station_North,Summer,30.68,63.77,20.54,2.0,0.52,30.38,36.2,53.6,12.1,63.4,Satisfactory
2023-05-08,Station_North,Summer,14.34,42.85,13.78,7.3,0.52,54.16,35.3,40.1,17.3,55.0,Satisfactory
2023-05-09,Station_North,Summer,10.32,34.18,28.79,8.63,1.15,62.2,42.7,39.5,11.9,62.0,Satisfactory
2023-05-10,Station_North,Summer,5.81,31.3,16.02,7.93,0.54,23.49,33.5,42.7,11.5,33.4,Good
2023-05-11,Station_North,Summer,24.42,63.2,20.29,7.34,0.5,18.33,35.7,40.2,16.1,62.9,Satisfactory
2023-05-12,Station_North,Summer,56.58,126.09,47.31,22.54,0.3,105.3,45.4,36.1,8.1,117.8,Moderate
2023-05-13,Station_North,Summer,38.15,92.71,5.49,30.46,0.24,27.87,37.0,42.1,13.6,92.2,Satisfactory
2023-05-14,Station_North,Summer,61.19,126.28,11.02,6.96,0.46,46.69,36.2,38.7,9.8,118.3,Moderate
2023-05-15,Station_North,Summer,11.33,35.9,5.0,11.99,0.38,38.71,34.3,39.2,15.2,40.5,Good
2023-05-16,Station_North,Summer,7.89,21.39,42.48,2.65,1.84,42.18,37.3,39.1,15.3,90.2,Satisfactory
2023-05-17,Station_North,Summer,36.6,70.12,14.94,22.29,0.61,30.26,33.0,40.5,15.5,68.7,Satisfactory
2023-05-18,Station_North,Summer,38.9,99.09,65.55,9.67,0.94,65.24,35.9,35.5,9.4,98.6,Satisfactory
2023-05-19,Station_North,Summer,19.52,43.66,9.97,2.0,0.53,59.9,37.3,39.8,17.4,60.1,Satisfactory
2023-05-20,Station_North,Summer,17.76,40.08,26.65,14.55,0.69,65.42,37.5,51.9,17.5,67.5,Satisfactory
2023-05-21,Station_North,Summer,12.14,39.46,30.6,20.06,0.94,48.86,33.3,43.3,11.1,50.6,Satisfactory
2023-05-22,Station_North,Summer,31.94,53.5,6.43,10.29,0.33,15.95,38.0,43.6,11.7,54.7,Satisfactory
2023-05-23,Station_North,Summer,35.19,58.28,9.94,8.06,0.86,36.57,36.0,33.5,16.0,60.3,Satisfactory
2023-05-24,Station_North,Summer,24.29,51.69,22.31,14.69,0.61,26.98,30.6,38.9,14.2,53.8,Satisfactory
2023-05-25,Station_North,Summer,9.31,30.39,5.0,8.08,0.42,42.92,38.0,41.9,18.1,42.4,Good
2023-05-26,Station_North,Summer,19.58,45.13,16.31,21.69,1.16,41.03,36.5,46.6,11.4,58.1,Satisfactory
2023-05-27,Station_North,Summer,42.88,104.08,11.94,9.34,1.44,56.82,42.9,52.6,10.0,103.6,Moderate
2023-05-28,Station_North,Summer,30.83,53.35,24.36,18.98,2.36,29.99,38.1,28.4,7.1,105.0,Moderate
2023-05-29,Station_North,Summer,11.94,36.69,25.89,14.53,0.12,44.7,37.3,47.8,18.8,43.9,Good
2023-05-30,Station_North,Summer,44.25,87.81,19.81,47.27,0.29,52.52,35.4,40.3,11.0,88.8,Satisfactory
2023-05-31,Station_North,Summer,40.15,84.33,15.37,23.33,0.6,31.14,35.9,56.1,14.6,82.8,Satisfactory
2023-06-01,Station_North,Monsoon,11.8,37.07,5.0,11.91,0.24,6.62,22.9,83.3,16.2,36.0,Good
2023-06-02,Station_North,Monsoon,9.53,26.59,20.0,15.83,0.21,22.99,27.9,86.3,16.2,29.0,Good
2023-06-03,Station_North,Monsoon,11.96,42.6,17.05,6.82,0.68,32.13,24.4,75.5,12.2,42.7,Good
2023-06-04,Station_North,Monsoon,10.84,38.3,68.52,11.12,0.1,23.25,30.0,82.0,11.1,85.3,Satisfactory
2023-06-05,Station_North,Monsoon,26.35,58.18,19.67,35.73,0.45,28.71,30.1,69.2,17.4,61.0,Satisfactory
2023-06-06,Station_North,Monsoon,13.48,41.78,29.49,7.64,0.52,23.54,32.1,83.9,12.4,41.1,Good
2023-06-07,Station_North,Monsoon,29.58,62.02,25.5,7.93,0.43,42.26,28.9,78.5,15.8,63.1,Satisfactory
2023-06-08,Station_North,Monsoon,18.03,45.42,31.62,3.58,0.15,29.8,28.5,82.8,17.8,44.8,Good
2023-06-09,Station_North,Monsoon,25.35,58.07,8.19,11.21,0.14,38.22,30.4,82.8,17.8,58.3,Satisfactory
2023-06-10,Station_North,Monsoon,10.01,25.55,21.33,9.06,1.0,6.78,15.8,85.3,12.0,50.9,Satisfactory
2023-06-11,Station_North,Monsoon,7.63,29.94,10.04,5.48,0.47,21.04,32.2,67.8,17.0,31.8,Good
2023-06-12,Station_North,Monsoon,5.0,19.28,10.32,30.11,0.15,13.03,30.9,80.0,19.4,37.8,Good
2023-06-13,Station_North,Monsoon,12.48,39.9,22.06,9.73,0.11,22.75,25.2,75.4,17.6,36.4,Good
2023-06-14,Station_North,Monsoon,14.21,42.82,10.8,4.49,0.65,15.49,28.5,90.7,19.0,43.5,Good
2023-06-15,Station_North,Monsoon,8.43,31.24,19.21,3.61,0.66,28.13,30.7,85.7,21.0,33.4,Good
2023-06-16,Station_North,Monsoon,9.37,33.61,8.29,5.33,0.39,22.18,32.6,96.6,16.1,35.2,Good
2023-06-17,Station_North,Monsoon,25.87,52.78,16.89,5.77,0.69,16.67,30.2,87.5,11.9,55.5,Satisfactory
2023-06-18,Station_North,Monsoon,7.26,33.81,12.83,29.01,0.44,26.9,25.0,76.5,15.5,35.7,Good
2023-06-19,Station_North,Monsoon,5.7,22.67,16.14,10.88,0.25,11.53,23.4,78.7,16.8,21.7,Good
2023-06-20,Station_North,Monsoon,9.02,26.25,38.8,12.07,0.22,45.6,34.0,73.1,11.0,51.0,Satisfactory
2023-06-21,Station_North,Monsoon,14.53,36.68,6.64,18.2,0.2,37.03,32.7,71.6,18.5,39.5,Good
2023-06-22,Station_North,Monsoon,8.64,28.93,12.02,6.65,0.53,28.79,30.5,75.1,21.1,28.7,Good
2023-06-23,Station_North,Monsoon,34.57,77.0,16.28,7.11,0.79,24.41,30.9,78.5,11.2,80.0,Satisfactory
2023-06-24,Station_North,Monsoon,11.57,42.09,5.15,14.17,0.48,34.94,26.9,94.9,19.0,43.1,Good
2023-06-25,Station_North,Monsoon,5.0,17.76,10.24,8.21,0.86,37.11,27.3,90.6,23.1,43.7,Good
2023-06-26,Station_North,Monsoon,10.13,36.73,27.23,7.62,0.51,24.26,28.6,78.2,10.7,37.9,Good
2023-06-27,Station_North,Monsoon,7.68,24.23,58.41,17.44,0.92,41.96,29.2,86.6,18.9,71.8,Satisfactory
2023-06-28,Station_North,Monsoon,18.64,33.28,21.06,9.69,0.84,25.85,23.2,87.7,16.0,43.0,Good
2023-06-29,Station_North,Monsoon,10.0,27.55,33.6,7.56,1.04,12.48,24.8,86.4,13.2,52.8,Satisfactory
2023-06-30,Station_North,Monsoon,9.05,26.29,16.06,28.33,0.6,5.0,22.7,70.7,17.8,34.1,Good
2023-07-01,Station_North,Monsoon,12.93,38.91,8.8,5.94,0.58,34.49,29.9,60.9,16.0,38.7,Good
2023-07-02,Station_North,Monsoon,10.1,30.4,7.4,26.92,0.81,26.85,28.6,60.5,16.8,40.3,Good
2023-07-03,Station_North,Monsoon,5.15,24.84,10.79,12.42,0.51,33.99,32.3,90.8,14.1,33.6,Good
2023-07-04,Station_North,Monsoon,11.93,32.49,13.6,5.52,1.12,24.64,31.3,86.0,16.1,55.5,Satisfactory
2023-07-05,Station_North,Monsoon,27.25,59.71,37.95,18.72,0.29,34.07,27.4,77.2,9.4,62.5,Satisfactory
2023-07-06,Station_North,Monsoon,5.0,24.77,9.27,16.13,0.63,29.63,29.5,88.0,17.9,33.9,Good
2023-07-07,Station_North,Monsoon,5.0,26.86,8.07,9.83,0.25,16.89,31.8,83.5,18.8,24.8,Good
2023-07-08,Station_North,Monsoon,21.16,56.0,30.16,3.98,0.21,38.78,28.1,83.8,14.6,57.7,Satisfactory
2023-07-09,Station_North,Monsoon,21.8,52.93,13.49,5.87,0.93,6.57,24.7,85.7,11.9,53.3,Satisfactory
2023-07-10,Station_North,Monsoon,5.0,31.38,23.98,9.13,0.38,37.34,29.7,77.7,16.2,38.5,Good
2023-07-11,Station_North,Monsoon,11.03,34.76,31.3,18.98,0.16,47.54,30.1,73.9,15.3,49.1,Good
2023-07-12,Station_North,Monsoon,24.05,53.08,35.38,14.22,0.73,22.76,35.1,89.7,17.0,54.1,Satisfactory
2023-07-13,Station_North,Monsoon,21.27,58.46,28.14,12.82,1.4,27.21,31.9,86.4,18.1,69.4,Satisfactory
2023-07-14,Station_North,Monsoon,5.76,24.47,18.47,28.17,0.63,23.56,32.3,95.5,17.7,39.8,Good
2023-07-15,Station_North,Monsoon,19.93,43.5,42.11,9.25,0.63,13.13,24.1,79.5,11.0,54.4,Satisfactory
2023-07-16,Station_North,Monsoon,6.45,25.45,22.85,11.77,0.9,35.14,30.2,75.6,18.7,45.5,Good
2023-07-17,Station_North,Monsoon,7.95,19.32,13.77,5.7,0.19,15.58,25.7,80.6,14.0,17.4,Good
2023-07-18,Station_North,Monsoon,7.07,26.68,8.49,15.39,1.03,13.26,26.4,83.5,17.8,52.0,Satisfactory
2023-07-19,Station_North,Monsoon,12.42,29.5,5.0,21.24,1.7,16.85,23.0,88.3,13.5,82.2,Satisfactory
2023-07-20,Station_North,Monsoon,5.0,30.2,16.01,24.3,0.39,20.03,27.0,88.8,15.9,30.9,Good
2023-07-21,Station_North,Monsoon,39.0,66.28,28.53,5.43,0.6,23.77,28.9,72.0,14.9,66.1,Satisfactory
2023-07-22,Station_North,Monsoon,14.97,41.92,17.5,17.3,0.78,17.21,26.1,88.7,12.7,40.9,Good
2023-07-23,Station_North,Monsoon,12.64,39.57,6.86,6.4,0.45,15.2,26.7,86.3,16.9,38.6,Good
2023-07-24,Station_North,Monsoon,5.0,10.0,19.06,9.87,1.63,22.76,29.0,80.5,9.3,80.2,Satisfactory
2023-07-25,Station_North,Monsoon,17.09,39.89,11.81,15.44,0.39,33.71,36.4,83.8,16.1,40.4,Good
2023-07-26,Station_North,Monsoon,5.69,22.08,21.92,5.32,0.86,12.48,22.7,88.0,14.8,42.7,Good
2023-07-27,Station_North,Monsoon,5.69,29.87,21.02,23.39,1.45,26.52,33.4,83.1,13.9,74.2,Satisfactory
2023-07-28,Station_North,Monsoon,10.54,36.94,13.59,5.15,0.37,20.02,31.1,93.8,14.2,37.4,Good
2023-07-29,Station_North,Monsoon,15.0,48.06,36.13,34.76,0.3,39.43,27.8,85.9,11.1,46.4,Good
2023-07-30,Station_North,Monsoon,6.12,29.4,12.48,2.51,0.5,11.77,25.1,77.1,14.4,29.0,Good
2023-07-31,Station_North,Monsoon,16.53,56.41,27.38,6.13,0.11,27.42,28.4,73.9,15.2,57.3,Satisfactory
2023-08-01,Station_North,Monsoon,11.9,33.17,13.81,12.22,0.57,20.45,24.0,98.0,20.5,32.5,Good
2023-08-02,Station_North,Monsoon,18.07,44.46,20.03,8.36,1.44,53.85,34.6,86.5,12.0,72.0,Satisfactory
2023-08-03,Station_North,Monsoon,7.86,24.68,9.83,38.43,0.62,11.87,25.0,91.9,15.8,47.6,Good
2023-08-04,Station_North,Monsoon,10.99,35.38,6.94,14.83,0.24,35.41,28.6,82.4,21.2,34.9,Good
2023-08-05,Station_North,Monsoon,9.14,39.07,12.02,7.74,0.55,16.9,29.5,91.6,11.9,38.6,Good
2023-08-06,Station_North,Monsoon,5.0,27.6,14.01,19.79,0.56,28.44,28.5,90.1,16.0,30.9,Good
2023-08-07,Station_North,Monsoon,12.87,47.6,15.91,11.02,0.7,37.05,25.4,96.5,18.3,43.6,Good
2023-08-08,Station_North,Monsoon,10.71,37.58,10.86,18.55,0.99,22.66,30.4,67.9,15.3,50.6,Satisfactory
2023-08-09,Station_North,Monsoon,14.99,31.69,26.17,27.16,0.1,59.48,33.8,90.6,13.8,59.5,Satisfactory
2023-08-10,Station_North,Monsoon,16.08,35.95,14.65,20.34,0.54,7.23,25.1,80.2,12.6,37.9,Good
2023-08-11,Station_North,Monsoon,10.75,33.67,21.72,22.74,0.21,21.57,28.3,78.7,15.7,33.8,Good
2023-08-12,Station_North,Monsoon,16.98,39.94,12.28,9.8,0.1,19.72,32.2,79.8,14.2,40.1,Good
2023-08-13,Station_North,Monsoon,15.39,34.07,5.0,6.68,1.42,38.56,32.7,84.5,14.2,70.6,Satisfactory
2023-08-14,Station_North,Monsoon,5.0,27.27,30.83,10.12,0.2,15.53,26.9,86.9,14.6,39.9,Good
2023-08-15,Station_North,Monsoon,16.9,39.36,5.0,14.69,1.08,39.27,31.1,96.6,14.8,55.4,Satisfactory
2023-08-16,Station_North,Monsoon,6.29,25.89,24.58,31.1,1.21,17.02,33.1,84.4,18.0,60.0,Satisfactory
2023-08-17,Station_North,Monsoon,19.52,55.41,10.18,2.0,0.47,17.92,25.4,87.8,12.8,56.2,Satisfactory
2023-08-18,Station_North,Monsoon,9.13,29.05,9.06,22.78,0.54,10.46,27.4,79.4,16.2,30.6,Good
2023-08-19,Station_North,Monsoon,6.47,29.79,18.35,25.75,0.96,30.49,27.4,88.2,17.3,46.3,Good
2023-08-20,Station_North,Monsoon,5.0,19.57,16.39,20.12,0.72,23.92,32.2,95.9,19.5,38.2,Good
2023-08-21,Station_North,Monsoon,14.35,25.31,26.68,8.28,0.14,35.87,32.1,83.1,16.2,36.3,Good
2023-08-22,Station_North,Monsoon,20.11,55.67,34.14,6.25,0.67,50.57,31.7,82.7,14.3,58.1,Satisfactory
2023-08-23,Station_North,Monsoon,8.36,38.38,6.36,10.81,0.3,51.63,29.9,84.9,21.3,51.5,Satisfactory
2023-08-24,Station_North,Monsoon,26.25,75.0,13.62,3.51,0.74,30.08,25.0,82.7,19.5,76.3,Satisfactory
2023-08-25,Station_North,Monsoon,12.86,42.27,18.34,11.48,0.47,50.91,32.9,71.3,11.9,50.0,Satisfactory
2023-08-26,Station_North,Monsoon,8.2,29.22,13.55,11.4,0.48,40.7,33.0,77.4,9.2,39.2,Good
2023-08-27,Station_North,Monsoon,6.41,23.61,26.2,17.75,0.78,34.39,24.0,68.5,10.6,38.1,Good
2023-08-28,Station_North,Monsoon,10.18,26.37,28.25,26.16,2.0,19.65,21.7,93.9,13.5,99.0,Satisfactory
2023-08-29,Station_North,Monsoon,10.22,31.35,13.77,14.34,0.23,27.92,25.1,82.6,18.6,31.8,Good
2023-08-30,Station_North,Monsoon,11.56,36.54,8.09,10.95,0.55,40.98,27.8,75.3,19.3,40.1,Good
2023-08-31,Station_North,Monsoon,5.85,33.64,17.34,15.83,1.01,44.94,31.0,80.6,12.8,45.3,Good
2023-09-01,Station_North,Monsoon,11.75,47.19,43.73,4.54,0.73,45.54,32.8,85.6,19.3,57.6,Satisfactory
2023-09-02,Station_North,Monsoon,7.44,27.56,11.55,15.43,0.31,5.0,29.9,69.6,16.4,29.2,Good
2023-09-03,Station_North,Monsoon,30.75,81.25,22.79,9.23,0.18,22.46,26.7,82.2,12.5,79.1,Satisfactory
2023-09-04,Station_North,Monsoon,8.72,22.68,7.45,13.77,1.38,29.64,28.4,84.6,16.4,68.1,Satisfactory
2023-09-05,Station_North,Monsoon,14.64,39.23,27.16,26.02,0.48,12.46,22.4,79.4,15.4,40.0,Good
2023-09-06,Station_North,Monsoon,5.0,14.21,10.16,26.31,0.88,24.78,26.8,78.0,17.8,42.9,Good
2023-09-07,Station_North,Monsoon,22.47,36.42,13.54,8.37,2.08,17.3,29.5,92.2,9.3,98.0,Satisfactory
2023-09-08,Station_North,Monsoon,7.19,29.56,8.48,26.36,0.86,16.83,26.2,91.1,10.8,44.3,Good
2023-09-09,Station_North,Monsoon,14.78,44.6,11.11,2.54,0.11,17.65,24.2,93.0,16.9,44.7,Good
2023-09-10,Station_North,Monsoon,17.05,56.58,16.29,22.76,0.5,24.87,26.7,74.9,15.8,56.9,Satisfactory
2023-09-11,Station_North,Monsoon,5.0,24.23,9.26,37.76,0.19,19.92,32.6,84.6,16.6,45.0,Good
2023-09-12,Station_North,Monsoon,28.6,82.29,20.88,17.42,1.25,29.15,28.3,76.2,11.3,81.1,Satisfactory
2023-09-13,Station_North,Monsoon,6.8,25.6,48.95,7.14,0.5,53.68,31.5,84.7,15.3,62.7,Satisfactory
2023-09-14,Station_North,Monsoon,18.26,51.58,23.4,12.98,0.28,14.58,28.7,90.0,13.9,55.3,Satisfactory
2023-09-15,Station_North,Monsoon,5.0,21.97,12.62,10.06,0.7,21.23,24.7,75.3,18.3,33.0,Good
2023-09-16,Station_North,Monsoon,10.4,34.02,14.77,8.48,0.89,20.19,24.0,81.8,13.8,44.7,Good
2023-09-17,Station_North,Monsoon,18.12,55.96,31.54,26.19,0.92,18.06,29.3,82.1,9.7,58.0,Satisfactory
2023-09-18,Station_North,Monsoon,19.11,60.86,16.51,15.96,1.64,20.43,26.5,85.2,13.8,83.0,Satisfactory
2023-09-19,Station_North,Monsoon,19.7,53.0,30.77,8.43,0.92,24.15,25.0,98.0,16.8,54.0,Satisfactory
2023-09-20,Station_North,Monsoon,15.96,35.48,14.79,4.2,0.35,15.72,28.7,70.9,18.4,37.0,Good
2023-09-21,Station_North,Monsoon,7.04,27.68,5.0,17.6,0.1,31.41,27.4,98.0,22.9,28.9,Good
2023-09-22,Station_North,Monsoon,13.51,30.26,11.21,4.04,0.58,20.05,27.0,82.7,21.0,29.2,Good
2023-09-23,Station_North,Monsoon,5.67,23.61,34.59,27.04,0.12,27.93,29.8,84.6,16.5,46.1,Good
2023-09-24,Station_North,Monsoon,9.53,39.55,19.05,15.46,0.11,17.93,25.9,91.1,16.1,40.5,Good
2023-09-25,Station_North,Monsoon,7.33,22.57,5.0,2.0,0.73,19.99,26.1,90.0,14.5,34.8,Good
2023-09-26,Station_North,Monsoon,9.41,30.56,23.86,11.1,0.36,20.82,24.3,74.6,14.5,30.6,Good
2023-09-27,Station_North,Monsoon,5.63,19.58,6.76,13.09,0.52,7.67,26.9,80.7,16.6,27.3,Good
2023-09-28,Station_North,Monsoon,11.9,28.33,18.96,18.26,0.8,34.0,32.6,83.3,12.4,39.5,Good
2023-09-29,Station_North,Monsoon,7.02,31.76,30.63,24.06,0.65,15.89,28.9,81.6,16.5,38.7,Good
2023-09-30,Station_North,Monsoon,7.7,25.93,26.38,9.0,1.12,22.95,24.2,78.5,19.5,55.9,Satisfactory
2023-10-01,Station_North,Post-Monsoon,71.75,128.51,25.61,12.72,1.04,20.98,25.7,65.4,5.2,140.3,Moderate
2023-10-02,Station_North,Post-Monsoon,132.22,257.26,27.16,28.1,0.77,13.73,23.3,60.3,6.1,311.7,Very Poor
2023-10-03,Station_North,Post-Monsoon,75.81,142.77,28.81,14.07,1.26,27.12,24.9,42.7,7.9,152.2,Moderate
2023-10-04,Station_North,Post-Monsoon,118.58,237.36,47.13,11.73,1.35,24.41,27.7,64.2,7.8,297.7,Poor
2023-10-05,Station_North,Post-Monsoon,138.67,228.09,82.98,12.04,0.69,26.03,22.9,65.6,4.3,315.2,Very Poor
2023-10-06,Station_North,Post-Monsoon,25.57,50.09,34.96,17.36,0.24,20.78,27.3,46.9,11.0,45.0,Good
2023-10-07,Station_North,Post-Monsoon,102.65,225.74,20.39,8.27,0.4,5.0,26.7,55.5,9.7,243.8,Poor
2023-10-08,Station_North,Post-Monsoon,52.3,96.94,35.56,19.07,2.62,6.43,22.7,55.8,8.1,107.4,Moderate
2023-10-09,Station_North,Post-Monsoon,34.61,80.01,65.2,16.05,1.54,41.49,30.6,55.4,10.8,81.9,Satisfactory
2023-10-10,Station_North,Post-Monsoon,96.76,195.93,5.0,8.77,0.96,20.51,24.4,44.8,9.6,226.0,Poor
2023-10-11,Station_North,Post-Monsoon,17.53,56.24,6.33,10.2,0.97,18.26,21.3,41.5,7.1,57.6,Satisfactory
2023-10-12,Station_North,Post-Monsoon,77.87,125.23,18.62,8.18,0.46,12.57,21.0,54.8,8.6,158.8,Moderate
2023-10-13,Station_North,Post-Monsoon,24.86,67.16,86.66,10.21,0.56,57.12,28.1,53.3,6.9,108.7,Moderate
2023-10-14,Station_North,Post-Monsoon,49.76,81.13,68.96,7.19,1.2,18.63,27.0,43.7,5.0,87.5,Satisfactory
2023-10-15,Station_North,Post-Monsoon,34.91,90.82,12.63,23.09,0.86,33.88,33.9,54.2,9.7,91.4,Satisfactory
2023-10-16,Station_North,Post-Monsoon,116.08,200.24,32.73,11.99,2.87,23.82,26.8,51.8,6.2,286.4,Poor
2023-10-17,Station_North,Post-Monsoon,172.15,251.19,71.98,21.8,0.87,21.69,22.9,60.1,6.4,340.4,Very Poor
2023-10-18,Station_North,Post-Monsoon,73.08,135.86,44.52,19.29,1.24,28.37,24.6,56.3,9.8,141.7,Moderate
2023-10-19,Station_North,Post-Monsoon,46.74,97.89,19.91,25.54,0.78,9.48,21.3,65.8,11.2,96.3,Satisfactory
2023-10-20,Station_North,Post-Monsoon,46.0,83.99,10.37,33.7,0.14,42.1,31.4,48.3,10.7,83.2,Satisfactory
2023-10-21,Station_North,Post-Monsoon,104.92,199.15,27.31,18.95,1.05,48.68,29.8,53.1,8.5,249.9,Poor
2023-10-22,Station_North,Post-Monsoon,44.71,92.35,28.35,2.47,1.21,28.57,27.9,36.1,7.0,91.8,Satisfactory
2023-10-23,Station_North,Post-Monsoon,108.55,183.17,22.27,12.7,0.4,26.84,26.8,52.6,7.8,262.0,Poor
2023-10-24,Station_North,Post-Monsoon,44.82,87.58,20.0,22.22,1.2,23.17,27.4,47.2,11.4,89.4,Satisfactory
2023-10-25,Station_North,Post-Monsoon,59.64,106.36,26.0,17.57,0.43,5.0,18.5,30.9,10.2,104.3,Moderate
2023-10-26,Station_North,Post-Monsoon,84.06,187.93,20.56,22.34,0.75,27.56,23.1,53.7,9.8,183.7,Moderate
2023-10-27,Station_North,Post-Monsoon,34.53,79.12,5.16,3.45,1.13,5.52,19.9,52.3,16.0,79.4,Satisfactory
2023-10-28,Station_North,Post-Monsoon,75.61,131.7,5.57,18.64,0.61,36.07,29.3,57.8,12.6,152.7,Moderate
2023-10-29,Station_North,Post-Monsoon,67.54,128.97,49.57,10.41,1.75,38.64,29.7,60.0,6.2,122.6,Moderate
2023-10-30,Station_North,Post-Monsoon,46.26,81.34,27.61,20.81,0.27,6.81,20.1,62.4,8.1,80.5,Satisfactory
2023-10-31,Station_North,Post-Monsoon,121.61,270.16,9.1,26.39,0.67,9.1,24.7,51.3,9.1,301.6,Very Poor
2023-11-01,Station_North,Post-Monsoon,168.92,297.45,41.8,5.23,0.97,10.7,21.6,49.0,6.5,338.9,Very Poor
2023-11-02,Station_North,Post-Monsoon,23.13,66.01,21.71,7.24,0.59,28.67,25.3,51.7,11.5,65.9,Satisfactory
2023-11-03,Station_North,Post-Monsoon,80.45,145.71,27.6,21.81,1.65,5.0,17.7,62.5,11.8,171.3,Moderate
2023-11-04,Station_North,Post-Monsoon,58.62,97.68,5.6,16.62,0.85,29.11,27.6,49.8,8.6,98.7,Satisfactory
2023-11-05,Station_North,Post-Monsoon,95.5,200.32,64.48,11.73,0.1,20.78,26.0,51.7,9.4,217.2,Poor
2023-11-06,Station_North,Post-Monsoon,8.79,42.09,26.25,8.2,0.79,17.34,24.5,63.0,10.4,43.0,Good
2023-11-07,Station_North,Post-Monsoon,37.81,77.95,49.91,11.41,0.94,25.51,23.5,64.0,9.6,79.1,Satisfactory
2023-11-08,Station_North,Post-Monsoon,32.29,81.06,24.59,22.0,1.09,18.52,28.7,65.6,9.6,77.7,Satisfactory
2023-11-09,Station_North,Post-Monsoon,14.44,44.7,5.0,27.22,1.59,13.46,24.7,59.9,9.3,79.1,Satisfactory
2023-11-10,Station_North,Post-Monsoon,54.55,106.95,20.97,19.83,0.42,14.32,22.9,55.9,11.5,106.3,Moderate
2023-11-11,Station_North,Post-Monsoon,75.11,161.17,14.72,10.21,0.82,7.02,19.3,56.8,10.2,150.0,Moderate
2023-11-12,Station_North,Post-Monsoon,41.48,89.39,7.6,36.51,1.73,14.39,24.4,50.0,8.8,87.8,Satisfactory
2023-11-13,Station_North,Post-Monsoon,72.64,124.45,55.17,23.31,1.29,35.75,27.0,58.3,8.8,143.2,Moderate
2023-11-14,Station_North,Post-Monsoon,54.84,119.81,15.47,3.33,0.76,27.5,27.1,44.1,9.1,113.1,Moderate
2023-11-15,Station_North,Post-Monsoon,30.13,65.24,61.48,5.76,0.5,20.0,27.1,55.0,9.7,74.9,Satisfactory
2023-11-16,Station_North,Post-Monsoon,78.85,187.81,37.24,8.32,0.71,16.15,25.4,53.3,9.6,165.1,Moderate
2023-11-17,Station_North,Post-Monsoon,103.19,209.06,43.51,23.23,1.79,17.36,22.8,45.9,10.1,245.1,Poor
2023-11-18,Station_North,Post-Monsoon,83.6,156.13,16.9,16.28,3.24,14.18,20.9,60.9,6.6,178.6,Moderate
2023-11-19,Station_North,Post-Monsoon,27.78,58.88,51.06,19.87,0.19,11.71,23.2,56.9,10.7,63.1,Satisfactory
2023-11-20,Station_North,Post-Monsoon,113.07,250.0,73.64,8.27,1.0,23.6,24.8,61.3,6.8,276.4,Poor
2023-11-21,Station_North,Post-Monsoon,76.05,132.12,28.15,20.18,0.9,29.23,28.1,53.0,6.5,153.5,Moderate
2023-11-22,Station_North,Post-Monsoon,36.69,63.04,30.76,10.52,0.1,40.88,28.2,63.2,11.3,65.1,Satisfactory
2023-11-23,Station_North,Post-Monsoon,50.2,98.2,30.09,4.7,0.84,21.34,24.8,68.8,4.1,100.4,Moderate
2023-11-24,Station_North,Post-Monsoon,119.3,208.18,23.19,16.13,2.6,21.28,22.2,55.4,7.6,298.7,Poor
2023-11-25,Station_North,Post-Monsoon,62.19,122.39,7.37,12.72,0.59,8.79,19.4,52.5,12.1,116.9,Moderate
2023-11-26,Station_North,Post-Monsoon,60.93,117.76,6.09,13.18,0.5,21.38,24.5,53.2,12.7,111.0,Moderate
2023-11-27,Station_North,Post-Monsoon,37.27,84.28,24.8,18.27,0.33,5.0,24.4,48.6,7.8,85.5,Satisfactory
2023-11-28,Station_North,Post-Monsoon,133.54,269.09,65.83,30.29,1.41,6.53,18.3,58.8,5.3,310.2,Very Poor
2023-11-29,Station_North,Post-Monsoon,49.56,105.12,43.39,9.02,1.85,15.46,21.4,49.8,3.7,102.8,Moderate
2023-11-30,Station_North,Post-Monsoon,70.87,157.34,41.43,8.19,0.69,10.84,18.9,60.3,10.2,138.1,Moderate
2023-12-01,Station_North,Winter,351.13,600.0,55.59,2.01,1.29,10.51,16.7,66.0,3.5,500.0,Severe
2023-12-02,Station_North,Winter,40.37,76.84,38.99,7.07,1.8,5.73,12.3,77.7,7.1,91.1,Satisfactory
2023-12-03,Station_North,Winter,59.72,126.62,28.55,18.56,0.47,5.0,11.8,40.2,7.4,117.7,Moderate
2023-12-04,Station_North,Winter,40.67,83.22,34.01,5.95,0.88,5.98,15.0,53.0,10.8,84.3,Satisfactory
2023-12-05,Station_North,Winter,157.08,299.58,31.26,6.91,1.36,5.0,11.1,61.8,7.8,330.9,Very Poor
2023-12-06,Station_North,Winter,217.81,401.04,54.46,15.22,1.78,7.13,13.6,48.3,2.5,372.5,Very Poor
2023-12-07,Station_North,Winter,71.65,128.81,8.65,6.29,1.29,5.0,6.8,70.9,8.5,141.0,Moderate
2023-12-08,Station_North,Winter,122.85,216.93,70.73,11.25,0.97,6.48,9.1,67.4,5.9,303.5,Very Poor
2023-12-09,Station_North,Winter,34.28,94.47,10.98,30.58,0.76,5.0,14.3,71.4,9.8,92.4,Satisfactory
2023-12-10,Station_North,Winter,53.91,117.17,75.25,17.41,0.66,7.95,14.9,77.8,6.4,112.5,Moderate
2023-12-11,Station_North,Winter,109.55,239.26,14.7,7.55,0.22,5.09,18.1,83.7,9.6,265.6,Poor
2023-12-12,Station_North,Winter,82.83,148.41,5.01,23.17,0.3,6.19,14.2,75.1,14.8,178.3,Moderate
2023-12-13,Station_North,Winter,54.06,89.96,63.91,15.12,0.46,5.0,11.0,68.8,8.9,87.7,Satisfactory
2023-12-14,Station_North,Winter,51.92,117.62,45.06,9.81,0.44,5.0,14.0,59.7,6.2,110.8,Moderate
2023-12-15,Station_North,Winter,203.43,441.75,45.29,23.6,1.56,6.05,14.9,58.4,5.4,406.4,Severe
2023-12-16,Station_North,Winter,169.96,350.48,29.85,2.0,3.16,5.0,17.0,71.5,3.6,339.8,Very Poor
2023-12-17,Station_North,Winter,26.17,71.49,15.34,20.91,0.24,5.77,14.0,74.8,9.9,71.3,Satisfactory
2023-12-18,Station_North,Winter,177.67,389.47,45.53,5.76,1.09,7.98,19.4,67.9,4.2,349.4,Very Poor
2023-12-19,Station_North,Winter,197.52,409.4,6.93,2.0,1.45,7.91,10.7,74.0,6.1,374.9,Very Poor
2023-12-20,Station_North,Winter,96.27,200.08,25.45,19.68,0.11,5.06,10.8,57.3,7.4,222.3,Poor
2023-12-21,Station_North,Winter,277.5,566.71,19.93,6.84,0.34,5.0,11.7,64.6,9.1,482.4,Severe
2023-12-22,Station_North,Winter,99.24,151.74,32.82,12.29,3.18,5.0,13.4,62.4,7.2,227.5,Poor
2023-12-23,Station_North,Winter,64.64,133.52,32.9,14.91,0.62,7.14,8.1,50.4,10.1,126.4,Moderate
2023-12-24,Station_North,Winter,100.32,180.19,46.75,2.0,1.71,5.86,11.6,78.0,8.1,235.5,Poor
2023-12-25,Station_North,Winter,65.4,137.06,51.02,2.36,0.65,5.0,16.9,63.2,7.9,125.5,Moderate
2023-12-26,Station_North,Winter,37.33,89.07,42.79,13.15,0.21,14.4,19.6,64.8,7.9,91.9,Satisfactory
2023-12-27,Station_North,Winter,84.55,196.79,18.87,19.04,0.88,11.39,21.2,51.1,7.7,179.9,Moderate
2023-12-28,Station_North,Winter,155.26,260.05,22.38,23.96,1.14,11.99,20.0,64.1,6.0,327.8,Very Poor
2023-12-29,Station_North,Winter,150.5,295.69,72.65,20.45,1.45,10.13,16.8,65.6,3.9,322.1,Very Poor
2023-12-30,Station_North,Winter,127.51,198.26,28.43,14.13,0.98,5.53,12.5,62.9,6.8,306.1,Very Poor
2023-12-31,Station_North,Winter,77.51,183.09,21.72,9.44,0.54,6.97,14.5,69.2,8.3,160.0,Moderate
2024-01-01,Station_North,Winter,137.86,276.57,48.0,6.62,0.68,5.92,14.4,64.0,6.4,312.8,Very Poor
2024-01-02,Station_North,Winter,360.27,600.0,23.48,5.96,3.01,5.0,14.0,49.6,5.0,499.4,Severe
2024-01-03,Station_North,Winter,23.38,38.57,23.51,24.12,0.43,5.0,10.5,69.4,12.4,39.3,Good
2024-01-04,Station_North,Winter,195.19,355.42,109.58,15.21,3.78,7.38,11.8,58.6,1.5,361.8,Very Poor
2024-01-05,Station_North,Winter,54.87,115.7,35.59,15.48,1.53,5.0,16.9,74.3,5.5,111.3,Moderate
2024-01-06,Station_North,Winter,61.4,128.42,38.51,7.4,0.6,8.8,5.8,60.4,8.0,120.2,Moderate
2024-01-07,Station_North,Winter,68.22,139.25,36.14,8.25,1.07,6.69,21.2,53.8,10.6,128.4,Moderate
2024-01-08,Station_North,Winter,49.19,90.37,15.03,2.16,0.56,5.0,16.3,61.8,9.4,91.0,Satisfactory
2024-01-09,Station_North,Winter,207.98,313.96,17.46,4.94,2.16,6.19,15.5,74.5,4.5,369.6,Very Poor
2024-01-10,Station_North,Winter,318.36,598.42,135.2,18.72,5.43,5.0,10.2,69.9,1.5,496.8,Severe
2024-01-11,Station_North,Winter,95.86,222.26,30.69,10.68,0.8,7.38,10.8,75.6,6.5,217.8,Poor
2024-01-12,Station_North,Winter,288.06,488.84,39.27,6.0,3.05,5.0,12.8,72.8,4.8,436.9,Severe
2024-01-13,Station_North,Winter,63.91,126.42,43.71,15.14,0.18,8.12,14.7,66.6,7.0,116.9,Moderate
2024-01-14,Station_North,Winter,154.35,348.14,47.35,15.93,0.85,7.73,10.6,62.6,6.1,324.5,Very Poor
2024-01-15,Station_North,Winter,47.39,82.31,30.18,14.29,0.8,7.5,12.0,62.4,12.0,81.4,Satisfactory
2024-01-16,Station_North,Winter,152.8,234.44,73.18,19.22,1.93,8.49,8.4,62.2,1.5,324.1,Very Poor
2024-01-17,Station_North,Winter,111.79,221.73,47.98,6.4,0.64,9.27,10.1,56.2,6.8,272.8,Poor
2024-01-18,Station_North,Winter,66.97,159.66,40.1,24.81,0.47,5.0,10.9,61.8,3.9,140.7,Moderate
2024-01-19,Station_North,Winter,36.84,92.83,16.86,11.08,0.88,6.87,16.6,49.9,7.9,93.8,Satisfactory
2024-01-20,Station_North,Winter,79.66,181.41,22.74,11.36,0.96,5.0,11.6,72.0,4.7,164.6,Moderate
2024-01-21,Station_North,Winter,115.62,179.99,61.63,15.99,0.75,6.22,7.8,59.5,5.1,284.5,Poor
2024-01-22,Station_North,Winter,155.97,353.79,147.52,28.28,3.22,11.92,10.7,61.7,3.6,327.4,Very Poor
2024-01-23,Station_North,Winter,90.93,201.34,7.59,10.15,1.02,5.0,13.0,56.7,6.4,202.9,Poor
2024-01-24,Station_North,Winter,12.67,34.6,52.28,13.14,0.12,7.28,15.3,68.3,6.1,66.2,Satisfactory
2024-01-25,Station_North,Winter,78.04,158.76,48.75,2.0,0.36,9.14,15.5,59.3,5.8,161.2,Moderate
2024-01-26,Station_North,Winter,99.65,190.19,13.7,7.1,0.87,5.0,16.2,70.9,7.2,232.8,Poor
2024-01-27,Station_North,Winter,146.05,233.7,40.77,7.34,1.36,5.0,16.5,70.1,7.8,319.8,Very Poor
2024-01-28,Station_North,Winter,128.91,234.94,74.81,17.22,4.87,9.67,17.0,65.2,2.8,306.1,Very Poor
2024-01-29,Station_North,Winter,149.82,333.32,19.85,8.97,0.15,7.35,12.8,55.1,9.9,325.8,Very Poor
2024-01-30,Station_North,Winter,131.25,250.49,37.88,39.54,0.8,6.07,11.4,73.4,6.9,309.9,Very Poor
2024-01-31,Station_North,Winter,86.16,163.56,25.85,37.41,1.35,7.07,10.5,65.0,5.4,186.0,Moderate
2024-02-01,Station_North,Winter,161.47,324.38,7.21,14.83,1.2,7.18,18.3,61.9,11.5,334.2,Very Poor
2024-02-02,Station_North,Winter,101.52,164.86,31.8,4.62,2.01,5.0,7.9,68.3,6.2,239.1,Poor
2024-02-03,Station_North,Winter,86.83,159.8,18.72,12.06,0.9,5.35,12.5,71.9,7.5,188.1,Moderate
2024-02-04,Station_North,Winter,106.94,180.28,20.86,7.12,1.77,6.33,15.7,78.7,6.7,258.8,Poor
2024-02-05,Station_North,Winter,76.39,147.76,65.21,24.54,1.2,8.63,16.0,62.4,8.6,154.8,Moderate
2024-02-06,Station_North,Winter,198.98,412.69,43.63,12.85,0.61,5.0,17.9,58.0,4.6,380.6,Very Poor
2024-02-07,Station_North,Winter,76.27,156.14,50.77,17.11,2.64,5.09,12.4,59.2,9.2,155.1,Moderate
2024-02-08,Station_North,Winter,52.16,95.93,25.8,4.63,0.28,5.0,12.3,57.4,6.0,94.2,Satisfactory
2024-02-09,Station_North,Winter,60.66,146.54,13.91,11.43,0.43,5.0,14.1,74.4,13.0,131.8,Moderate
2024-02-10,Station_North,Winter,367.8,600.0,89.47,21.76,1.03,8.14,11.9,62.3,1.5,500.0,Severe
2024-02-11,Station_North,Winter,65.06,111.92,8.74,10.2,0.64,5.0,15.1,63.3,8.2,117.6,Moderate
2024-02-12,Station_North,Winter,144.33,227.02,45.5,15.95,2.31,5.0,13.8,63.8,7.1,324.1,Very Poor
2024-02-13,Station_North,Winter,114.75,189.16,13.96,2.0,0.96,5.0,15.0,65.9,6.8,282.3,Poor
2024-02-14,Station_North,Winter,71.59,121.27,37.77,13.74,1.55,5.03,10.4,69.6,6.0,136.7,Moderate
2024-02-15,Station_North,Winter,57.94,101.79,11.23,2.0,1.17,18.83,23.9,61.9,7.6,102.8,Moderate
2024-02-16,Station_North,Winter,68.02,134.52,8.22,11.88,0.65,14.09,21.3,63.9,8.8,126.3,Moderate
2024-02-17,Station_North,Winter,241.58,505.89,30.39,15.85,0.36,5.0,15.0,63.1,5.8,445.6,Severe
2024-02-18,Station_North,Winter,51.52,110.69,18.4,15.26,0.97,5.0,10.7,67.1,7.2,105.5,Moderate
2024-02-19,Station_North,Winter,162.4,244.85,49.85,35.15,1.44,7.32,13.6,65.3,7.5,331.6,Very Poor
2024-02-20,Station_North,Winter,153.35,279.88,91.59,9.12,2.49,5.0,8.9,79.9,2.1,323.6,Very Poor
2024-02-21,Station_North,Winter,65.93,140.74,9.34,14.77,0.95,5.31,6.2,60.9,6.1,126.5,Moderate
2024-02-22,Station_North,Winter,175.51,352.57,14.14,3.76,1.31,7.67,9.2,74.8,8.5,343.0,Very Poor
2024-02-23,Station_North,Winter,37.88,86.15,68.61,2.0,2.76,7.24,8.1,70.7,6.3,110.1,Moderate
2024-02-24,Station_North,Winter,89.86,175.1,50.9,10.85,1.04,5.0,17.7,57.9,5.8,201.2,Poor
2024-02-25,Station_North,Winter,97.69,171.5,31.33,23.53,0.34,5.0,14.7,61.8,8.5,227.9,Poor
2024-02-26,Station_North,Winter,124.72,250.74,87.84,4.4,0.3,8.97,15.4,57.3,4.6,304.1,Very Poor
2024-02-27,Station_North,Winter,142.84,264.6,13.78,19.91,0.69,5.0,12.6,74.9,7.0,318.1,Very Poor
2024-02-28,Station_North,Winter,31.3,82.06,41.01,15.95,0.63,5.0,16.1,61.4,13.2,82.2,Satisfactory
2024-02-29,Station_North,Winter,97.04,216.0,55.43,13.62,2.0,5.0,12.7,55.7,7.4,226.4,Poor
2024-03-01,Station_North,Summer,30.55,77.66,9.3,25.63,0.77,21.59,34.0,33.6,14.1,75.8,Satisfactory
2024-03-02,Station_North,Summer,11.78,31.62,42.21,14.02,0.58,95.28,40.0,34.7,10.9,95.1,Satisfactory
2024-03-03,Station_North,Summer,71.45,169.89,14.12,2.18,0.55,38.61,39.4,42.0,15.2,146.0,Moderate
2024-03-04,Station_North,Summer,12.31,27.83,19.07,10.51,0.65,65.64,34.2,41.2,19.9,66.4,Satisfactory
2024-03-05,Station_North,Summer,7.91,26.16,11.44,13.44,0.74,50.8,34.5,40.0,18.6,54.0,Satisfactory
2024-03-06,Station_North,Summer,12.5,39.77,7.62,10.04,0.19,50.55,37.7,58.6,15.8,51.7,Satisfactory
2024-03-07,Station_North,Summer,16.4,44.2,19.86,15.77,1.66,44.58,37.6,53.7,11.7,82.5,Satisfactory
2024-03-08,Station_North,Summer,22.67,62.8,9.83,50.0,1.42,47.18,34.9,27.6,14.8,71.7,Satisfactory
2024-03-09,Station_North,Summer,15.13,43.37,5.0,7.45,0.76,50.03,38.2,31.2,14.5,42.1,Good
2024-03-10,Station_North,Summer,12.64,41.04,17.58,7.18,0.4,21.18,35.3,31.8,16.5,42.3,Good
2024-03-11,Station_North,Summer,58.24,102.27,7.68,8.44,1.09,28.75,33.1,38.0,14.1,102.4,Moderate
2024-03-12,Station_North,Summer,19.31,43.63,19.49,21.87,1.11,35.65,35.9,45.5,15.8,55.0,Satisfactory
2024-03-13,Station_North,Summer,16.41,33.94,13.79,21.94,0.57,55.47,33.5,37.2,14.9,55.4,Satisfactory
2024-03-14,Station_North,Summer,31.8,60.03,7.46,6.24,2.07,50.26,40.0,38.8,13.5,103.3,Moderate
2024-03-15,Station_North,Summer,17.97,46.93,14.74,5.53,0.88,5.0,33.5,39.2,17.9,46.7,Good
2024-03-16,Station_North,Summer,20.93,44.86,9.19,23.24,0.61,46.64,31.0,36.2,13.1,44.8,Good
2024-03-17,Station_North,Summer,36.26,69.52,16.85,28.76,0.49,55.52,43.6,25.1,12.5,72.9,Satisfactory
2024-03-18,Station_North,Summer,41.12,100.45,20.11,12.6,1.46,58.88,37.8,37.4,9.7,99.6,Satisfactory
2024-03-19,Station_North,Summer,39.12,102.49,16.59,17.61,0.4,23.65,42.2,31.5,11.4,104.1,Moderate
2024-03-20,Station_North,Summer,19.2,56.14,5.0,5.42,0.27,38.48,34.0,37.1,21.9,57.1,Satisfactory
2024-03-21,Station_North,Summer,21.4,43.67,10.5,13.53,0.29,54.05,36.5,34.9,20.1,54.6,Satisfactory
2024-03-22,Station_North,Summer,26.4,63.98,12.15,3.85,0.42,48.18,31.8,40.5,14.3,64.3,Satisfactory
2024-03-23,Station_North,Summer,16.22,34.88,13.81,25.29,1.19,15.57,37.6,47.9,11.7,61.2,Satisfactory
2024-03-24,Station_North,Summer,25.05,52.86,26.71,31.45,0.49,38.45,33.2,46.9,13.8,55.2,Satisfactory
2024-03-25,Station_North,Summer,25.15,67.53,8.11,4.24,1.71,40.9,37.4,43.7,9.7,85.6,Satisfactory
2024-03-26,Station_North,Summer,23.12,47.7,16.86,19.0,1.0,45.09,38.4,36.4,14.4,45.3,Good
2024-03-27,Station_North,Summer,19.99,41.51,49.77,25.25,0.98,99.34,43.3,46.6,14.0,102.0,Moderate
2024-03-28,Station_North,Summer,22.4,53.85,43.91,10.68,0.19,25.97,35.1,21.6,11.5,54.9,Satisfactory
2024-03-29,Station_North,Summer,19.39,46.99,14.96,7.84,0.1,42.28,35.6,43.5,17.8,45.1,Good
2024-03-30,Station_North,Summer,13.95,32.71,23.46,13.52,0.66,47.58,39.1,28.5,15.0,46.6,Good
2024-03-31,Station_North,Summer,22.43,60.44,19.41,10.9,0.87,61.69,36.2,44.3,12.0,62.6,Satisfactory
2024-04-01,Station_North,Summer,60.39,134.25,5.0,11.53,0.44,41.59,34.1,44.1,11.6,122.8,Moderate
2024-04-02,Station_North,Summer,8.31,26.0,10.67,5.42,0.58,31.79,35.8,51.3,16.9,33.5,Good
2024-04-03,Station_North,Summer,50.35,111.55,18.79,10.15,0.6,30.26,31.9,44.9,9.0,108.6,Moderate
2024-04-04,Station_North,Summer,12.48,42.88,28.77,19.8,1.21,13.84,34.9,41.0,6.9,61.0,Satisfactory
2024-04-05,Station_North,Summer,48.01,84.79,46.85,17.34,0.72,30.6,32.5,28.5,14.4,85.0,Satisfactory
2024-04-06,Station_North,Summer,39.89,89.46,43.33,27.27,0.58,53.32,34.7,49.8,10.4,90.5,Satisfactory
2024-04-07,Station_North,Summer,18.07,47.76,37.1,2.49,3.27,22.04,33.6,50.4,9.3,116.1,Moderate
2024-04-08,Station_North,Summer,18.98,49.11,24.65,7.71,0.71,63.58,38.8,49.0,14.8,63.4,Satisfactory
2024-04-09,Station_North,Summer,5.0,28.09,8.92,18.92,2.16,41.97,34.3,32.8,8.6,103.4,Moderate
2024-04-10,Station_North,Summer,31.05,79.43,20.8,12.59,1.72,46.56,33.4,37.8,9.8,87.2,Satisfactory
2024-04-11,Station_North,Summer,30.62,77.57,17.45,4.15,0.35,49.2,37.8,29.6,14.7,78.4,Satisfactory
2024-04-12,Station_North,Summer,19.91,47.32,38.29,11.0,0.43,20.21,29.7,37.7,14.7,48.6,Good
2024-04-13,Station_North,Summer,32.62,66.84,26.68,17.07,0.25,55.88,41.4,30.9,12.8,66.2,Satisfactory
2024-04-14,Station_North,Summer,33.62,78.98,27.67,3.92,0.52,42.71,36.7,33.7,14.6,79.4,Satisfactory
2024-04-15,Station_North,Summer,20.41,55.53,69.34,6.88,1.2,30.29,30.3,32.7,7.6,86.3,Satisfactory
2024-04-16,Station_North,Summer,32.34,76.02,15.55,6.71,0.57,28.29,33.3,33.9,12.8,74.6,Satisfactory
2024-04-17,Station_North,Summer,25.76,70.81,20.16,17.28,0.38,38.93,34.9,45.0,19.4,72.6,Satisfactory
2024-04-18,Station_North,Summer,32.01,59.57,47.33,16.26,1.77,46.35,33.8,46.9,5.9,88.8,Satisfactory
2024-04-19,Station_North,Summer,19.71,47.11,23.19,4.71,0.35,46.05,35.7,41.3,14.9,44.5,Good
2024-04-20,Station_North,Summer,24.45,64.31,37.27,26.17,1.29,39.68,33.6,43.8,11.9,63.3,Satisfactory
2024-04-21,Station_North,Summer,43.0,96.63,51.08,14.69,1.17,72.12,35.1,49.7,6.8,98.3,Satisfactory
2024-04-22,Station_North,Summer,28.39,71.84,11.58,5.69,1.01,64.05,35.7,54.0,16.6,71.6,Satisfactory
2024-04-23,Station_North,Summer,17.86,51.28,16.61,11.78,0.98,56.64,36.7,51.2,15.5,55.1,Satisfactory
2024-04-24,Station_North,Summer,16.29,41.2,37.12,2.25,0.35,7.26,30.8,32.0,11.2,46.5,Good
2024-04-25,Station_North,Summer,22.43,59.62,42.08,6.17,2.06,98.34,41.6,47.3,15.3,101.6,Moderate
2024-04-26,Station_North,Summer,15.63,51.96,37.9,26.32,0.61,47.75,36.1,22.3,10.5,50.5,Satisfactory
2024-04-27,Station_North,Summer,38.02,75.28,5.0,43.96,0.27,30.49,38.5,36.6,16.1,75.3,Satisfactory
2024-04-28,Station_North,Summer,5.14,30.94,12.07,17.02,1.04,25.7,40.3,32.4,11.3,55.2,Satisfactory
2024-04-29,Station_North,Summer,23.83,54.05,83.53,8.55,0.54,27.38,27.9,36.2,12.8,102.2,Moderate
2024-04-30,Station_North,Summer,33.65,62.23,25.38,8.39,0.21,40.31,36.0,38.6,12.7,62.5,Satisfactory
2024-05-01,Station_North,Summer,21.18,59.42,9.45,22.97,0.31,49.23,31.4,30.0,16.5,60.2,Satisfactory
2024-05-02,Station_North,Summer,29.2,76.15,14.32,15.15,1.49,49.33,33.3,40.0,16.6,75.4,Satisfactory
2024-05-03,Station_North,Summer,32.17,58.83,9.39,21.62,0.25,36.06,34.2,29.4,15.2,59.9,Satisfactory
2024-05-04,Station_North,Summer,9.23,25.77,26.79,17.1,0.26,43.4,41.9,52.4,9.2,41.7,Good
2024-05-05,Station_North,Summer,21.31,56.71,18.71,7.55,0.3,50.56,35.9,28.2,16.8,57.3,Satisfactory
2024-05-06,Station_North,Summer,23.09,57.01,59.85,12.51,1.9,67.9,38.6,34.2,11.3,93.7,Satisfactory
2024-05-07,Station_North,Summer,11.87,32.23,29.93,25.6,0.43,27.48,28.9,29.4,14.1,36.9,Good
2024-05-08,Station_North,Summer,8.58,36.07,5.0,19.91,0.33,23.67,39.9,37.5,17.9,35.1,Good
2024-05-09,Station_North,Summer,57.32,110.5,19.35,8.29,0.57,38.3,32.5,26.0,14.3,108.1,Moderate
2024-05-10,Station_North,Summer,26.29,60.48,15.99,25.79,1.88,40.48,33.4,55.6,12.6,95.4,Satisfactory
2024-05-11,Station_North,Summer,62.38,107.63,15.83,4.16,0.96,70.13,41.5,24.4,10.1,107.7,Moderate
2024-05-12,Station_North,Summer,53.99,100.96,23.18,20.05,1.15,47.71,39.9,47.5,10.8,102.5,Moderate
2024-05-13,Station_North,Summer,30.6,86.19,19.18,43.85,0.54,5.0,41.0,51.7,18.0,89.5,Satisfactory
2024-05-14,Station_North,Summer,43.17,97.97,8.22,4.22,0.68,23.92,30.3,35.5,14.1,99.6,Satisfactory
2024-05-15,Station_North,Summer,20.24,55.14,31.06,16.1,0.41,66.6,41.6,34.4,14.7,67.9,Satisfactory
2024-05-16,Station_North,Summer,27.35,59.88,35.59,14.07,0.8,14.82,30.7,46.4,12.3,60.7,Satisfactory
2024-05-17,Station_North,Summer,23.86,58.67,5.0,2.28,0.64,45.0,35.1,47.9,19.2,57.4,Satisfactory
2024-05-18,Station_North,Summer,29.96,83.94,20.78,7.14,0.39,40.31,40.1,45.9,17.8,81.4,Satisfactory
2024-05-19,Station_North,Summer,56.84,124.21,7.4,3.1,0.23,46.14,35.2,29.9,14.2,116.6,Moderate
2024-05-20,Station_North,Summer,36.08,72.39,5.0,27.93,0.74,26.14,35.6,40.8,13.1,72.6,Satisfactory
2024-05-21,Station_North,Summer,29.65,63.43,14.51,18.51,0.11,51.6,40.4,35.5,15.0,64.4,Satisfactory
2024-05-22,Station_North,Summer,34.56,70.2,12.52,8.72,0.35,72.4,40.6,39.4,13.4,70.4,Satisfactory
2024-05-23,Station_North,Summer,18.45,53.94,29.63,8.22,0.87,27.51,35.2,36.0,14.0,56.5,Satisfactory
2024-05-24,Station_North,Summer,30.56,72.47,12.27,24.71,0.54,36.07,33.3,33.2,12.8,74.7,Satisfactory
2024-05-25,Station_North,Summer,13.32,37.26,10.7,49.27,0.7,43.81,29.4,34.9,17.2,61.8,Satisfactory
2024-05-26,Station_North,Summer,23.09,68.81,24.02,14.03,0.5,29.68,28.9,41.3,14.1,69.6,Satisfactory
2024-05-27,Station_North,Summer,72.7,147.98,7.99,34.63,1.78,52.37,41.9,47.0,11.8,141.0,Moderate
2024-05-28,Station_North,Summer,37.75,98.42,31.24,5.72,0.91,50.68,29.9,48.9,7.2,100.3,Moderate
2024-05-29,Station_North,Summer,29.59,64.29,9.59,11.22,0.26,39.31,38.3,43.2,13.7,66.0,Satisfactory
2024-05-30,Station_North,Summer,6.39,20.04,33.26,20.1,1.02,66.42,33.8,39.1,14.0,70.2,Satisfactory
2024-05-31,Station_North,Summer,24.55,60.87,29.98,10.16,0.62,35.41,31.8,46.0,13.9,62.9,Satisfactory
2024-06-01,Station_North,Monsoon,5.0,26.89,31.87,5.64,0.47,28.32,28.3,83.5,13.5,42.4,Good
2024-06-02,Station_North,Monsoon,10.8,28.28,30.26,12.59,0.97,32.99,26.8,81.4,15.9,47.6,Good
2024-06-03,Station_North,Monsoon,7.03,21.39,11.48,17.17,0.35,5.0,24.6,83.0,14.7,23.2,Good
2024-06-04,Station_North,Monsoon,7.09,24.43,48.6,4.7,0.6,23.66,29.7,81.7,15.7,62.4,Satisfactory
2024-06-05,Station_North,Monsoon,13.42,46.13,5.9,29.14,0.32,25.45,27.6,78.4,16.7,46.6,Good
2024-06-06,Station_North,Monsoon,19.91,49.34,8.88,6.91,0.15,31.6,27.9,68.1,16.1,46.2,Good
2024-06-07,Station_North,Monsoon,18.15,42.97,16.12,19.46,0.3,48.5,33.1,71.8,13.4,49.6,Good
2024-06-08,Station_North,Monsoon,10.21,35.31,5.0,14.09,1.33,39.85,34.0,78.2,12.1,68.1,Satisfactory
2024-06-09,Station_North,Monsoon,12.71,42.54,41.74,10.01,0.14,53.72,31.0,79.3,17.6,54.8,Satisfactory
2024-06-10,Station_North,Monsoon,16.42,48.91,16.44,10.84,1.03,35.04,29.3,92.9,14.1,49.2,Good
2024-06-11,Station_North,Monsoon,5.0,21.94,37.37,10.75,0.5,21.26,30.2,64.1,15.2,48.3,Good
2024-06-12,Station_North,Monsoon,5.44,25.15,6.23,20.85,1.08,13.27,21.7,86.3,15.0,53.3,Satisfactory
2024-06-13,Station_North,Monsoon,9.71,35.96,13.47,9.02,0.71,22.78,28.7,68.3,18.4,36.7,Good
2024-06-14,Station_North,Monsoon,6.8,22.69,7.63,26.04,0.26,11.65,24.3,90.2,12.8,33.1,Good
2024-06-15,Station_North,Monsoon,5.0,31.1,8.62,34.47,0.51,6.79,29.2,79.6,13.9,43.4,Good
2024-06-16,Station_North,Monsoon,13.21,39.31,14.07,3.64,0.87,39.11,34.7,79.2,15.3,40.0,Good
2024-06-17,Station_North,Monsoon,5.1,26.95,14.44,13.87,1.28,19.28,27.6,79.0,17.5,60.9,Satisfactory
2024-06-18,Station_North,Monsoon,9.3,33.06,14.12,4.22,0.5,12.4,28.7,75.8,13.6,31.6,Good
2024-06-19,Station_North,Monsoon,13.43,42.44,25.52,2.0,0.14,32.82,30.1,83.2,14.4,41.8,Good
2024-06-20,Station_North,Monsoon,5.0,25.48,17.35,27.95,1.25,36.78,26.1,73.4,14.7,62.8,Satisfactory
2024-06-21,Station_North,Monsoon,7.94,34.3,5.21,12.65,1.07,15.62,32.1,84.5,16.6,52.4,Satisfactory
2024-06-22,Station_North,Monsoon,5.0,20.74,6.56,30.27,0.47,15.52,31.4,89.0,17.1,36.9,Good
2024-06-23,Station_North,Monsoon,8.68,24.23,27.78,19.5,1.3,33.47,27.9,63.1,12.4,63.9,Satisfactory
2024-06-24,Station_North,Monsoon,11.14,28.52,14.53,29.72,0.26,11.8,24.4,88.5,17.2,36.6,Good
2024-06-25,Station_North,Monsoon,22.39,62.9,16.77,30.82,0.72,13.78,25.8,84.5,12.3,67.2,Satisfactory
2024-06-26,Station_North,Monsoon,9.52,28.95,28.2,15.05,0.61,48.79,30.9,76.9,13.3,50.4,Satisfactory
2024-06-27,Station_North,Monsoon,23.65,49.05,31.93,2.0,0.1,22.51,25.0,89.7,18.1,49.4,Good
2024-06-28,Station_North,Monsoon,6.78,22.19,5.0,3.6,0.19,35.83,32.5,67.9,14.8,37.9,Good
2024-06-29,Station_North,Monsoon,15.49,42.04,14.82,15.91,0.42,24.12,28.5,76.6,18.0,41.9,Good
2024-06-30,Station_North,Monsoon,6.78,26.01,42.19,8.51,0.38,14.42,22.6,70.0,16.0,54.2,Satisfactory
2024-07-01,Station_North,Monsoon,15.44,44.12,30.08,17.05,0.14,30.26,25.9,93.9,15.5,45.6,Good
2024-07-02,Station_North,Monsoon,9.8,25.57,8.19,20.51,0.23,30.3,30.3,80.4,17.6,29.9,Good
2024-07-03,Station_North,Monsoon,6.33,31.88,13.34,3.95,1.19,31.22,29.2,92.4,18.0,60.0,Satisfactory
2024-07-04,Station_North,Monsoon,11.61,49.61,23.94,35.64,0.21,33.97,33.4,83.9,14.8,49.2,Good
2024-07-05,Station_North,Monsoon,14.96,42.73,15.62,7.47,0.74,20.64,30.2,97.1,18.0,46.2,Good
2024-07-06,Station_North,Monsoon,12.92,42.49,13.29,14.68,1.03,20.15,23.1,71.6,19.9,50.5,Satisfactory
2024-07-07,Station_North,Monsoon,14.62,51.44,5.0,13.31,0.62,25.9,29.2,84.4,14.1,54.0,Satisfactory
2024-07-08,Station_North,Monsoon,9.82,26.14,15.93,6.81,0.37,30.7,28.4,75.7,13.2,28.7,Good
2024-07-09,Station_North,Monsoon,34.93,77.72,30.71,6.47,0.47,46.75,33.0,75.4,9.7,79.4,Satisfactory
2024-07-10,Station_North,Monsoon,16.86,38.86,12.38,13.8,0.72,14.64,26.3,84.3,18.9,42.2,Good
2024-07-11,Station_North,Monsoon,17.18,45.78,10.28,16.17,0.36,16.16,22.1,78.0,16.8,43.9,Good
2024-07-12,Station_North,Monsoon,14.14,31.81,10.13,27.34,1.59,23.17,31.4,75.5,12.5,78.0,Satisfactory
2024-07-13,Station_North,Monsoon,29.8,65.69,8.51,4.4,0.46,27.2,30.5,94.2,21.7,64.2,Satisfactory
2024-07-14,Station_North,Monsoon,5.0,25.28,12.63,11.22,0.97,36.08,32.6,69.1,18.7,46.5,Good
2024-07-15,Station_North,Monsoon,16.44,43.53,21.39,15.92,0.48,27.62,26.3,70.1,12.6,43.6,Good
2024-07-16,Station_North,Monsoon,7.16,27.45,20.55,15.56,0.84,14.5,20.7,79.0,15.3,41.5,Good
2024-07-17,Station_North,Monsoon,12.54,31.35,14.46,2.0,1.11,53.83,30.1,74.8,16.4,56.2,Satisfactory
2024-07-18,Station_North,Monsoon,13.25,32.66,39.26,17.73,1.16,57.74,33.4,73.0,13.4,58.1,Satisfactory
2024-07-19,Station_North,Monsoon,7.83,40.59,8.09,8.52,0.98,13.07,23.1,92.8,22.3,49.3,Good
2024-07-20,Station_North,Monsoon,8.54,37.62,26.08,7.44,0.7,21.38,29.1,92.7,10.7,36.2,Good
2024-07-21,Station_North,Monsoon,9.38,29.58,15.21,26.42,0.54,22.09,26.2,81.4,21.7,33.9,Good
2024-07-22,Station_North,Monsoon,17.14,49.07,26.19,19.62,0.47,21.68,23.4,77.5,15.9,48.6,Good
2024-07-23,Station_North,Monsoon,9.46,31.12,9.47,41.47,0.25,42.14,31.6,79.7,17.3,53.8,Satisfactory
2024-07-24,Station_North,Monsoon,12.81,27.45,20.35,37.86,0.22,15.91,27.3,80.2,13.0,46.8,Good
2024-07-25,Station_North,Monsoon,13.46,54.54,18.98,22.98,0.55,51.09,34.9,69.6,11.8,55.6,Satisfactory
2024-07-26,Station_North,Monsoon,7.27,27.37,22.19,21.86,0.59,16.2,22.5,77.7,13.3,27.3,Good
2024-07-27,Station_North,Monsoon,19.26,50.6,16.6,8.13,0.36,24.22,31.5,74.9,16.3,52.8,Satisfactory
2024-07-28,Station_North,Monsoon,22.6,63.8,20.76,5.2,0.1,16.68,26.6,93.4,15.6,65.1,Satisfactory
2024-07-29,Station_North,Monsoon,8.94,25.15,14.84,25.65,1.87,30.67,26.2,73.6,18.5,93.7,Satisfactory
2024-07-30,Station_North,Monsoon,5.0,21.36,61.82,2.29,0.42,14.09,26.0,69.1,13.4,76.3,Satisfactory
2024-07-31,Station_North,Monsoon,8.96,32.45,19.98,22.04,0.45,17.37,27.4,73.9,17.0,32.9,Good
2024-08-01,Station_North,Monsoon,5.0,37.98,19.64,8.95,0.15,12.74,27.4,82.8,15.4,39.6,Good
2024-08-02,Station_North,Monsoon,9.78,32.06,9.32,14.43,0.1,16.16,27.9,87.0,21.0,32.9,Good
2024-08-03,Station_North,Monsoon,20.69,57.48,19.94,6.97,1.13,26.15,29.0,77.9,7.6,57.5,Satisfactory
2024-08-04,Station_North,Monsoon,12.83,36.47,13.14,18.26,0.42,40.11,31.9,94.8,20.6,38.6,Good
2024-08-05,Station_North,Monsoon,30.55,62.01,17.64,4.51,1.42,31.84,31.0,79.5,15.2,70.5,Satisfactory
2024-08-06,Station_North,Monsoon,7.43,31.78,13.18,8.87,0.29,24.19,26.4,86.9,11.3,29.8,Good
2024-08-07,Station_North,Monsoon,23.28,50.24,17.25,22.24,0.71,27.28,28.9,98.0,12.7,51.1,Satisfactory
2024-08-08,Station_North,Monsoon,20.57,63.76,30.51,14.72,0.23,14.1,21.5,65.6,14.3,62.0,Satisfactory
2024-08-09,Station_North,Monsoon,15.89,66.61,7.77,51.36,0.1,29.44,27.1,80.8,15.9,66.7,Satisfactory
2024-08-10,Station_North,Monsoon,7.55,27.28,20.58,3.77,0.15,38.6,28.9,77.9,21.2,39.1,Good
2024-08-11,Station_North,Monsoon,5.0,25.83,36.99,36.38,0.37,22.07,24.5,82.9,12.2,46.5,Good
2024-08-12,Station_North,Monsoon,15.08,53.73,39.75,11.23,1.38,28.82,24.4,76.9,10.3,70.0,Satisfactory
2024-08-13,Station_North,Monsoon,5.0,20.33,9.48,15.43,0.51,36.89,33.1,83.0,14.2,35.7,Good
2024-08-14,Station_North,Monsoon,33.29,83.39,19.16,11.0,0.51,31.61,26.3,65.9,12.0,86.3,Satisfactory
2024-08-15,Station_North,Monsoon,13.95,44.13,11.73,29.22,0.92,61.86,32.3,78.2,18.4,62.0,Satisfactory
2024-08-16,Station_North,Monsoon,5.0,22.02,41.24,8.48,0.74,25.98,29.1,86.7,19.9,52.1,Satisfactory
2024-08-17,Station_North,Monsoon,16.42,47.83,13.92,20.84,0.8,31.29,30.8,86.7,12.5,47.5,Good
2024-08-18,Station_North,Monsoon,19.54,53.74,20.65,32.81,1.26,28.25,27.3,71.1,13.2,61.3,Satisfactory
2024-08-19,Station_North,Monsoon,15.14,47.25,14.56,17.03,0.83,17.18,23.2,81.5,17.7,47.6,Good
2024-08-20,Station_North,Monsoon,21.91,43.75,11.26,5.62,0.48,35.92,32.1,87.0,15.5,45.0,Good
2024-08-21,Station_North,Monsoon,15.35,40.43,16.19,9.37,0.1,29.24,24.4,76.9,14.1,39.3,Good
2024-08-22,Station_North,Monsoon,8.15,28.42,16.15,7.04,0.49,37.2,27.7,76.9,18.2,35.4,Good
2024-08-23,Station_North,Monsoon,23.65,61.01,16.04,20.81,0.36,15.3,27.3,96.2,19.7,63.2,Satisfactory
2024-08-24,Station_North,Monsoon,5.43,14.54,22.64,4.9,0.28,21.99,28.1,75.1,20.8,26.0,Good
2024-08-25,Station_North,Monsoon,7.61,32.01,30.98,12.42,0.6,25.09,27.7,78.3,14.7,41.7,Good
2024-08-26,Station_North,Monsoon,17.55,45.92,18.4,18.02,0.37,44.37,30.7,85.3,13.0,45.5,Good
2024-08-27,Station_North,Monsoon,5.41,32.35,18.28,21.7,0.54,10.76,20.3,76.5,23.3,31.7,Good
2024-08-28,Station_North,Monsoon,6.09,29.81,9.87,10.17,0.17,28.37,28.8,74.6,19.9,29.4,Good
2024-08-29,Station_North,Monsoon,27.66,62.04,24.76,6.16,0.94,28.58,26.2,92.2,14.2,61.7,Satisfactory
2024-08-30,Station_North,Monsoon,8.57,33.72,5.0,22.85,0.2,25.58,28.0,82.5,21.8,35.5,Good
2024-08-31,Station_North,Monsoon,7.2,26.5,16.75,7.82,0.29,33.02,27.7,90.8,15.7,31.9,Good
2024-09-01,Station_North,Monsoon,8.28,31.98,5.0,3.25,0.54,32.5,29.4,85.3,19.6,31.8,Good
2024-09-02,Station_North,Monsoon,9.59,34.51,19.86,21.64,1.98,10.81,21.5,74.6,16.3,98.4,Satisfactory
2024-09-03,Station_North,Monsoon,8.17,26.48,22.23,7.2,0.95,36.96,31.7,73.5,17.0,47.2,Good
2024-09-04,Station_North,Monsoon,21.13,50.69,32.7,2.77,1.82,16.76,28.0,74.2,11.5,90.4,Satisfactory
2024-09-05,Station_North,Monsoon,9.61,25.16,6.63,8.14,0.68,34.0,26.8,93.7,16.1,32.8,Good
2024-09-06,Station_North,Monsoon,5.0,24.65,7.24,4.76,0.33,44.87,32.0,83.5,16.8,46.1,Good
2024-09-07,Station_North,Monsoon,25.93,70.51,20.0,7.7,0.22,35.61,30.5,81.3,15.1,72.2,Satisfactory
2024-09-08,Station_North,Monsoon,20.04,49.85,21.67,48.55,1.1,31.05,31.9,94.6,15.8,61.2,Satisfactory
2024-09-09,Station_North,Monsoon,15.33,43.89,16.4,14.62,0.65,26.69,28.5,85.8,17.1,45.2,Good
2024-09-10,Station_North,Monsoon,5.2,30.31,11.44,18.44,0.54,46.45,36.2,70.8,15.7,48.6,Good
2024-09-11,Station_North,Monsoon,25.66,44.71,5.35,18.36,1.16,33.19,29.7,83.7,13.4,58.5,Satisfactory
2024-09-12,Station_North,Monsoon,12.68,40.31,13.68,14.98,0.1,28.47,29.8,75.6,15.1,40.1,Good
2024-09-13,Station_North,Monsoon,9.61,30.77,5.96,31.05,0.29,14.21,19.5,88.6,14.1,37.8,Good
2024-09-14,Station_North,Monsoon,13.4,45.72,19.27,7.06,1.67,9.94,27.7,79.8,10.1,84.3,Satisfactory
2024-09-15,Station_North,Monsoon,5.0,33.86,14.08,19.38,0.19,30.3,32.4,93.0,21.6,35.6,Good
2024-09-16,Station_North,Monsoon,20.2,48.23,21.52,19.13,0.68,30.83,32.1,80.6,13.8,51.3,Satisfactory
2024-09-17,Station_North,Monsoon,28.56,75.75,20.46,26.12,1.46,38.52,31.2,78.9,11.2,77.1,Satisfactory
2024-09-18,Station_North,Monsoon,12.43,40.27,23.46,21.84,1.19,17.7,29.4,65.9,13.4,61.3,Satisfactory
2024-09-19,Station_North,Monsoon,8.77,31.84,12.69,12.62,0.83,49.91,32.3,94.9,14.8,50.8,Satisfactory
2024-09-20,Station_North,Monsoon,9.27,31.53,17.97,3.46,0.35,16.13,25.5,87.8,15.8,31.4,Good
2024-09-21,Station_North,Monsoon,16.86,55.05,14.21,6.75,0.6,47.86,33.0,77.8,15.5,56.0,Satisfactory
2024-09-22,Station_North,Monsoon,8.28,32.24,10.01,4.13,0.14,15.48,21.8,79.6,17.4,32.7,Good
2024-09-23,Station_North,Monsoon,8.2,32.66,5.0,15.61,0.61,21.43,27.0,87.4,18.5,33.0,Good
2024-09-24,Station_North,Monsoon,7.31,31.6,26.29,2.22,0.29,24.04,24.6,83.3,14.7,30.0,Good
2024-09-25,Station_North,Monsoon,6.06,26.69,5.74,14.38,0.34,29.19,27.9,79.8,17.1,29.1,Good
2024-09-26,Station_North,Monsoon,9.18,31.38,18.78,17.79,0.24,21.15,24.5,98.0,17.4,31.0,Good
2024-09-27,Station_North,Monsoon,5.7,23.26,14.62,3.51,0.81,16.93,22.3,69.6,14.8,42.8,Good
2024-09-28,Station_North,Monsoon,23.67,63.47,17.96,8.01,0.89,36.22,26.6,93.8,14.0,63.6,Satisfactory
2024-09-29,Station_North,Monsoon,5.0,18.81,30.08,13.69,0.5,22.86,22.6,80.5,15.0,40.0,Good
2024-09-30,Station_North,Monsoon,16.62,44.74,6.53,10.57,0.91,21.23,25.6,88.4,18.3,49.4,Good
2024-10-01,Station_North,Post-Monsoon,70.72,139.88,31.27,32.45,1.19,12.58,20.7,53.0,6.3,137.2,Moderate
2024-10-02,Station_North,Post-Monsoon,37.2,83.67,11.41,11.53,1.77,11.14,22.5,63.6,9.4,90.0,Satisfactory
2024-10-03,Station_North,Post-Monsoon,70.28,166.32,46.9,2.83,0.41,6.79,18.7,57.0,6.1,144.2,Moderate
2024-10-04,Station_North,Post-Monsoon,142.53,223.81,17.39,34.82,1.62,17.51,25.8,56.7,6.4,320.3,Very Poor
2024-10-05,Station_North,Post-Monsoon,24.53,68.11,26.86,11.87,0.36,37.59,26.5,62.4,6.9,67.7,Satisfactory
2024-10-06,Station_North,Post-Monsoon,29.01,62.24,24.45,9.21,0.96,5.0,18.2,56.9,12.9,63.1,Satisfactory
2024-10-07,Station_North,Post-Monsoon,69.1,126.42,33.73,31.24,0.87,18.23,22.3,52.3,11.6,131.1,Moderate
2024-10-08,Station_North,Post-Monsoon,272.97,579.88,43.67,15.86,0.96,5.0,28.2,52.8,5.6,489.2,Severe
2024-10-09,Station_North,Post-Monsoon,107.24,218.56,42.66,3.59,1.31,17.55,24.2,59.6,6.1,259.7,Poor
2024-10-10,Station_North,Post-Monsoon,36.81,73.77,48.04,15.03,0.47,22.55,23.0,47.4,8.5,73.8,Satisfactory
2024-10-11,Station_North,Post-Monsoon,104.75,171.33,35.72,4.69,1.42,10.97,22.4,57.5,10.2,249.6,Poor
2024-10-12,Station_North,Post-Monsoon,33.19,94.54,23.56,21.15,2.03,27.01,29.0,52.4,7.2,100.9,Moderate
2024-10-13,Station_North,Post-Monsoon,51.88,113.05,36.34,31.32,0.95,28.85,23.8,41.3,9.7,109.8,Moderate
2024-10-14,Station_North,Post-Monsoon,24.9,61.51,17.94,7.36,0.58,18.73,23.9,52.9,12.3,62.6,Satisfactory
2024-10-15,Station_North,Post-Monsoon,152.41,274.37,74.41,6.45,1.36,28.1,27.1,43.4,5.7,324.6,Very Poor
2024-10-16,Station_North,Post-Monsoon,26.41,60.26,10.82,4.52,0.48,13.52,20.4,60.3,15.3,59.7,Satisfactory
2024-10-17,Station_North,Post-Monsoon,61.37,112.35,36.14,3.05,1.95,7.77,19.8,61.3,8.3,111.6,Moderate
2024-10-18,Station_North,Post-Monsoon,43.17,100.03,22.73,9.81,0.25,17.1,22.5,44.5,9.2,71.5,Satisfactory
2024-10-19,Station_North,Post-Monsoon,78.92,171.58,141.43,9.44,1.47,26.47,21.7,47.0,1.5,163.4,Moderate
2024-10-20,Station_North,Post-Monsoon,38.69,87.54,64.91,9.45,0.74,6.78,20.5,58.4,10.5,86.6,Satisfactory
2024-10-21,Station_North,Post-Monsoon,109.45,221.64,70.76,14.79,2.2,23.2,21.5,56.0,5.3,266.7,Poor
2024-10-22,Station_North,Post-Monsoon,81.02,139.27,19.97,15.97,0.99,17.62,25.7,54.0,4.5,169.6,Moderate
2024-10-23,Station_North,Post-Monsoon,43.69,88.79,60.1,8.42,2.32,24.66,22.6,55.8,3.7,104.7,Moderate
2024-10-24,Station_North,Post-Monsoon,52.71,117.76,20.93,22.67,0.76,15.42,22.0,59.9,10.5,113.6,Moderate
2024-10-25,Station_North,Post-Monsoon,28.5,63.88,36.35,9.65,1.2,19.33,22.8,57.6,9.9,64.6,Satisfactory
2024-10-26,Station_North,Post-Monsoon,150.7,324.95,106.39,8.47,0.48,21.68,23.4,41.8,5.5,323.4,Very Poor
2024-10-27,Station_North,Post-Monsoon,19.79,49.7,39.96,7.48,0.47,25.99,25.2,48.5,5.4,52.5,Satisfactory
2024-10-28,Station_North,Post-Monsoon,6.51,24.78,9.43,15.95,0.94,14.1,21.6,61.2,10.6,47.9,Good
2024-10-29,Station_North,Post-Monsoon,89.84,161.5,12.96,12.48,0.63,10.4,22.6,42.3,7.9,198.9,Moderate
2024-10-30,Station_North,Post-Monsoon,57.74,133.17,36.21,12.91,0.92,19.43,22.2,50.9,11.5,121.4,Moderate
2024-10-31,Station_North,Post-Monsoon,60.23,110.63,40.72,21.39,0.15,15.15,21.9,39.2,14.6,106.9,Moderate
2024-11-01,Station_North,Post-Monsoon,55.16,100.04,39.95,16.36,0.53,16.1,22.5,55.1,8.1,91.1,Satisfactory
2024-11-02,Station_North,Post-Monsoon,115.6,257.55,44.79,18.03,1.01,13.37,24.8,61.2,6.3,284.9,Poor
2024-11-03,Station_North,Post-Monsoon,133.04,249.23,10.09,26.25,3.54,14.81,25.3,53.7,6.4,311.0,Very Poor
2024-11-04,Station_North,Post-Monsoon,27.64,62.98,29.2,14.69,2.03,26.8,27.7,59.7,7.2,100.5,Moderate
2024-11-05,Station_North,Post-Monsoon,149.23,324.87,22.55,16.24,1.17,19.07,21.3,64.4,4.5,323.0,Very Poor
2024-11-06,Station_North,Post-Monsoon,8.26,27.79,39.51,36.48,0.55,36.67,26.5,51.8,11.0,50.7,Satisfactory
2024-11-07,Station_North,Post-Monsoon,14.23,38.35,26.03,16.3,1.22,9.96,19.0,71.0,12.0,59.3,Satisfactory
2024-11-08,Station_North,Post-Monsoon,43.09,86.82,39.67,29.33,0.61,15.07,21.9,61.6,7.1,86.0,Satisfactory
2024-11-09,Station_North,Post-Monsoon,79.34,170.3,129.29,26.6,0.66,34.1,28.3,72.9,5.2,165.4,Moderate
2024-11-10,Station_North,Post-Monsoon,146.31,219.67,19.4,16.63,0.46,13.67,24.4,47.1,10.1,320.7,Very Poor
2024-11-11,Station_North,Post-Monsoon,130.81,244.8,70.68,4.21,1.47,9.2,21.5,52.0,5.4,311.0,Very Poor
2024-11-12,Station_North,Post-Monsoon,38.1,95.29,5.45,21.77,2.13,36.51,28.0,55.8,7.1,105.4,Moderate
2024-11-13,Station_North,Post-Monsoon,97.9,173.88,10.18,2.58,1.4,10.46,19.1,41.5,10.9,227.1,Poor
2024-11-14,Station_North,Post-Monsoon,99.76,180.38,17.14,8.18,0.15,32.11,32.4,48.1,14.6,234.1,Poor
2024-11-15,Station_North,Post-Monsoon,88.35,149.49,44.18,19.8,1.21,11.16,18.9,53.9,4.1,195.2,Moderate
2024-11-16,Station_North,Post-Monsoon,246.84,442.42,47.97,11.82,2.05,28.12,28.6,59.9,3.0,406.7,Severe
2024-11-17,Station_North,Post-Monsoon,167.79,320.26,10.0,9.15,0.6,23.51,28.3,66.6,6.5,334.5,Very Poor
2024-11-18,Station_North,Post-Monsoon,72.67,150.06,22.58,26.34,0.4,5.0,18.7,54.9,9.4,142.7,Moderate
2024-11-19,Station_North,Post-Monsoon,21.11,62.83,15.44,12.23,0.17,6.31,17.8,61.2,13.0,63.9,Satisfactory
2024-11-20,Station_North,Post-Monsoon,60.95,111.01,36.51,7.31,1.02,10.62,20.3,59.8,6.7,110.4,Moderate
2024-11-21,Station_North,Post-Monsoon,39.8,79.18,29.82,18.26,1.45,12.37,24.0,58.4,5.7,78.3,Satisfactory
2024-11-22,Station_North,Post-Monsoon,78.17,156.7,17.12,5.53,1.65,10.98,19.9,43.3,9.1,158.8,Moderate
2024-11-23,Station_North,Post-Monsoon,125.4,195.72,51.83,13.03,3.96,27.42,20.9,41.9,4.6,302.9,Very Poor
2024-11-24,Station_North,Post-Monsoon,51.85,124.56,14.5,3.5,1.14,17.41,23.3,52.6,13.3,113.4,Moderate
2024-11-25,Station_North,Post-Monsoon,112.09,261.46,11.53,11.48,0.64,32.28,26.7,52.9,9.6,275.0,Poor
2024-11-26,Station_North,Post-Monsoon,10.87,31.31,27.76,13.8,1.33,9.41,19.4,56.3,11.4,68.1,Satisfactory
2024-11-27,Station_North,Post-Monsoon,37.61,77.74,12.78,7.48,0.43,19.97,22.7,50.4,11.2,77.5,Satisfactory
2024-11-28,Station_North,Post-Monsoon,78.97,152.26,10.08,9.39,1.48,13.72,22.8,72.3,11.7,162.9,Moderate
2024-11-29,Station_North,Post-Monsoon,47.67,83.82,41.58,31.62,1.27,26.78,25.8,55.6,8.1,84.9,Satisfactory
2024-11-30,Station_North,Post-Monsoon,72.94,168.11,29.57,15.76,0.29,11.22,20.2,55.9,8.4,145.0,Moderate
2024-12-01,Station_North,Winter,57.0,95.15,17.79,6.75,0.48,5.0,14.5,68.4,10.0,97.1,Satisfactory
2024-12-02,Station_North,Winter,86.29,146.94,26.76,22.74,0.85,5.96,17.2,62.1,6.4,187.1,Moderate
2024-12-03,Station_North,Winter,145.02,321.93,46.03,10.88,0.85,7.48,11.5,73.8,11.7,319.7,Very Poor
2024-12-04,Station_North,Winter,25.07,66.2,17.52,19.74,0.75,5.94,14.3,56.8,7.7,65.6,Satisfactory
2024-12-05,Station_North,Winter,34.03,72.58,73.62,2.0,0.11,5.0,11.6,70.0,8.1,91.9,Satisfactory
2024-12-06,Station_North,Winter,46.54,99.53,38.64,5.56,0.37,5.94,18.6,71.9,7.7,99.8,Satisfactory
2024-12-07,Station_North,Winter,130.14,273.9,16.68,25.08,1.38,6.25,16.8,64.4,12.2,307.1,Very Poor
2024-12-08,Station_North,Winter,137.85,229.04,31.31,29.71,0.21,5.79,7.8,61.4,5.5,317.0,Very Poor
2024-12-09,Station_North,Winter,87.09,157.02,22.02,6.88,0.29,6.95,17.5,59.4,13.0,189.1,Moderate
2024-12-10,Station_North,Winter,28.84,74.3,12.24,31.44,1.03,5.85,16.9,72.4,9.6,75.6,Satisfactory
2024-12-11,Station_North,Winter,75.97,161.56,18.61,11.09,1.17,7.44,16.9,56.6,8.0,153.1,Moderate
2024-12-12,Station_North,Winter,55.76,94.59,11.39,17.11,0.63,5.18,12.9,69.9,13.0,95.1,Satisfactory
2024-12-13,Station_North,Winter,197.3,324.68,13.56,21.06,1.09,9.1,18.3,56.9,4.9,357.8,Very Poor
2024-12-14,Station_North,Winter,85.13,157.75,50.03,7.89,1.16,5.0,13.8,62.8,8.3,182.0,Moderate
2024-12-15,Station_North,Winter,199.36,345.65,57.45,8.33,0.39,5.0,20.5,76.0,8.8,361.2,Very Poor
2024-12-16,Station_North,Winter,62.17,138.86,5.57,18.32,0.51,8.27,19.6,70.4,7.9,129.7,Moderate
2024-12-17,Station_North,Winter,241.57,509.43,60.09,3.36,3.87,7.82,13.2,79.2,1.5,446.8,Severe
2024-12-18,Station_North,Winter,243.92,470.01,47.72,4.97,2.01,5.0,13.6,68.8,1.5,425.2,Severe
2024-12-19,Station_North,Winter,144.28,267.27,34.4,3.53,0.41,5.7,14.8,54.9,5.8,319.5,Very Poor
2024-12-20,Station_North,Winter,143.02,246.17,49.29,31.04,1.13,6.7,17.7,56.2,5.1,319.0,Very Poor
2024-12-21,Station_North,Winter,55.15,138.89,69.73,19.33,0.3,5.0,9.7,74.9,9.9,125.7,Moderate
2024-12-22,Station_North,Winter,153.99,361.7,29.46,10.09,1.23,23.55,24.2,54.8,3.8,329.0,Very Poor
2024-12-23,Station_North,Winter,77.59,190.3,5.0,24.81,0.8,10.45,20.6,69.4,8.8,161.6,Moderate
2024-12-24,Station_North,Winter,203.22,415.98,99.35,27.36,1.22,9.79,13.6,49.7,4.1,381.1,Very Poor
2024-12-25,Station_North,Winter,77.96,169.64,23.74,7.98,0.37,5.0,10.5,58.5,9.7,159.4,Moderate
2024-12-26,Station_North,Winter,44.23,112.84,27.77,17.94,2.24,5.0,15.8,78.0,5.4,108.1,Moderate
2024-12-27,Station_North,Winter,71.21,165.49,16.01,14.22,0.82,5.58,14.1,63.2,8.8,143.5,Moderate
2024-12-28,Station_North,Winter,59.81,127.27,17.03,14.01,1.22,7.0,13.6,63.8,8.5,119.0,Moderate
2024-12-29,Station_North,Winter,38.04,74.93,9.72,16.86,0.1,7.97,15.2,69.3,12.8,77.0,Satisfactory
2024-12-30,Station_North,Winter,318.28,598.48,49.39,13.66,1.87,5.0,15.6,80.3,4.1,500.0,Severe
2023-01-01,Station_South,Winter,118.96,240.68,72.9,12.39,1.42,7.31,11.7,57.8,5.1,296.8,Poor
2023-01-02,Station_South,Winter,45.09,100.78,30.07,10.06,0.72,5.0,15.7,69.1,10.2,101.2,Moderate
2023-01-03,Station_South,Winter,57.57,125.23,15.13,10.19,2.9,5.0,12.6,53.6,6.4,117.4,Moderate
2023-01-04,Station_South,Winter,68.87,112.82,15.46,17.33,0.61,5.0,11.0,70.6,14.7,131.0,Moderate
2023-01-05,Station_South,Winter,85.93,131.72,51.84,15.18,1.81,5.0,10.2,68.4,3.5,187.8,Moderate
2023-01-06,Station_South,Winter,46.04,98.0,22.66,10.98,0.34,5.0,9.6,59.3,7.4,99.9,Satisfactory
2023-01-07,Station_South,Winter,46.62,94.55,6.9,4.84,0.84,5.0,17.8,62.1,9.2,94.3,Satisfactory
2023-01-08,Station_South,Winter,267.96,405.76,122.93,14.83,4.68,16.25,19.9,80.9,1.5,408.1,Severe
2023-01-09,Station_South,Winter,73.72,155.32,64.86,26.05,0.94,5.18,10.7,69.1,6.9,146.6,Moderate
2023-01-10,Station_South,Winter,117.95,213.31,11.45,38.71,0.55,5.0,18.3,62.9,10.2,291.9,Poor
2023-01-11,Station_South,Winter,242.55,496.29,52.59,16.76,1.24,9.25,13.1,59.3,4.5,440.7,Severe
2023-01-12,Station_South,Winter,299.42,600.0,31.79,15.46,2.0,5.0,15.5,49.5,4.9,498.8,Severe
2023-01-13,Station_South,Winter,101.69,213.01,48.12,4.38,1.85,7.25,10.5,65.7,3.7,242.6,Poor
2023-01-14,Station_South,Winter,160.45,303.53,62.36,26.67,2.1,5.0,7.2,66.0,3.0,334.9,Very Poor
2023-01-15,Station_South,Winter,242.84,538.83,48.8,28.06,2.21,5.0,12.6,66.2,1.5,462.0,Severe
2023-01-16,Station_South,Winter,89.84,188.72,5.35,2.0,1.11,5.52,17.6,61.4,6.8,200.8,Poor
2023-01-17,Station_South,Winter,50.59,105.94,15.47,19.03,1.72,5.0,12.6,70.7,4.9,108.2,Moderate
2023-01-18,Station_South,Winter,111.53,181.12,21.73,10.1,0.17,5.0,17.2,66.2,7.2,272.6,Poor
2023-01-19,Station_South,Winter,74.17,123.87,124.25,34.15,0.32,11.72,13.3,61.2,8.2,145.6,Moderate
2023-01-20,Station_South,Winter,128.05,287.12,36.6,18.62,1.73,5.0,13.6,66.1,4.6,305.3,Very Poor
2023-01-21,Station_South,Winter,79.66,175.12,58.14,16.82,1.13,5.71,14.6,50.2,8.4,167.1,Moderate
2023-01-22,Station_South,Winter,57.4,134.92,12.93,8.68,1.99,8.89,18.2,67.2,8.7,124.2,Moderate
2023-01-23,Station_South,Winter,43.88,85.86,32.19,40.96,0.54,5.69,12.8,52.8,7.9,85.8,Satisfactory
2023-01-24,Station_South,Winter,230.18,492.27,34.8,34.61,0.81,8.19,14.1,67.0,3.7,435.9,Severe
2023-01-25,Station_South,Winter,76.23,161.26,24.5,54.87,0.16,5.0,16.4,55.6,11.2,152.1,Moderate
2023-01-26,Station_South,Winter,163.33,354.19,9.0,23.99,0.85,5.0,12.2,62.1,7.5,333.6,Very Poor
2023-01-27,Station_South,Winter,185.57,407.93,20.68,16.44,2.56,9.63,18.2,61.0,5.5,372.9,Very Poor
2023-01-28,Station_South,Winter,132.03,205.75,62.58,47.68,3.74,5.86,16.2,60.3,3.3,307.8,Very Poor
2023-01-29,Station_South,Winter,72.96,145.41,25.19,11.25,0.54,5.0,14.2,71.0,11.5,142.5,Moderate
2023-01-30,Station_South,Winter,173.05,333.46,13.58,6.82,2.75,6.5,16.7,63.8,6.6,341.6,Very Poor
2023-01-31,Station_South,Winter,60.19,110.24,20.98,50.22,0.28,7.27,11.1,61.9,12.0,109.6,Moderate
2023-02-01,Station_South,Winter,31.32,82.6,16.64,36.85,1.32,8.32,15.6,70.1,13.5,83.2,Satisfactory
2023-02-02,Station_South,Winter,90.25,166.11,50.55,44.03,0.73,7.15,8.5,62.5,8.2,201.1,Poor
2023-02-03,Station_South,Winter,410.51,600.0,83.98,30.67,2.74,7.7,13.5,66.3,1.5,500.0,Severe
2023-02-04,Station_South,Winter,120.21,195.93,51.2,8.49,0.56,8.05,17.3,59.7,5.3,302.4,Very Poor
2023-02-05,Station_South,Winter,51.36,125.1,70.84,17.73,0.74,9.8,5.0,64.3,7.4,117.9,Moderate
2023-02-06,Station_South,Winter,55.18,99.22,15.83,13.78,0.79,5.0,12.0,63.0,11.9,99.8,Satisfactory
2023-02-07,Station_South,Winter,62.51,113.07,55.65,11.19,0.82,6.83,12.6,70.1,7.7,107.6,Moderate
2023-02-08,Station_South,Winter,43.35,92.15,83.64,20.58,2.7,8.33,17.5,60.7,6.6,110.6,Moderate
2023-02-09,Station_South,Winter,144.79,304.43,20.69,17.3,0.74,5.0,14.9,66.7,6.6,318.6,Very Poor
2023-02-10,Station_South,Winter,122.81,266.22,47.72,6.97,0.82,9.18,18.6,70.2,7.2,302.7,Very Poor
2023-02-11,Station_South,Winter,80.12,168.66,48.2,18.45,1.36,5.0,15.2,55.3,4.4,167.2,Moderate
2023-02-12,Station_South,Winter,125.89,299.37,20.65,31.37,1.41,5.0,13.9,60.8,3.9,305.6,Very Poor
2023-02-13,Station_South,Winter,55.22,117.02,32.74,11.1,1.45,5.0,13.1,55.5,8.2,113.2,Moderate
2023-02-14,Station_South,Winter,65.03,137.66,46.12,12.73,2.12,5.41,10.1,56.6,9.1,127.2,Moderate
2023-02-15,Station_South,Winter,32.38,83.39,18.73,13.09,0.88,6.13,14.1,59.0,10.9,82.2,Satisfactory
2023-02-16,Station_South,Winter,78.29,163.39,37.23,9.92,0.7,5.73,16.1,68.8,8.1,163.1,Moderate
2023-02-17,Station_South,Winter,63.82,133.63,53.11,24.35,1.33,5.0,16.4,63.4,8.7,122.5,Moderate
2023-02-18,Station_South,Winter,160.59,348.82,42.03,35.5,0.68,5.0,9.4,66.9,8.0,331.5,Very Poor
2023-02-19,Station_South,Winter,64.69,119.99,36.43,23.77,0.17,7.31,11.7,59.1,10.3,114.0,Moderate
2023-02-20,Station_South,Winter,98.46,201.2,28.71,9.25,0.83,5.0,14.3,77.4,7.8,228.9,Poor
2023-02-21,Station_South,Winter,138.15,268.82,126.72,12.94,1.04,14.31,11.4,61.0,3.6,314.5,Very Poor
2023-02-22,Station_South,Winter,46.74,92.13,23.4,19.33,0.43,5.0,16.6,65.1,14.7,94.2,Satisfactory
2023-02-23,Station_South,Winter,176.62,322.1,14.47,9.1,0.94,5.25,12.9,62.6,8.4,343.2,Very Poor
2023-02-24,Station_South,Winter,60.02,124.9,44.26,14.9,3.43,6.86,13.2,77.5,3.9,119.4,Moderate
2023-02-25,Station_South,Winter,64.98,118.4,47.46,7.03,0.84,6.39,15.2,64.5,7.5,115.2,Moderate
2023-02-26,Station_South,Winter,266.2,390.43,62.1,20.17,1.31,9.98,14.9,60.2,5.4,408.4,Severe
2023-02-27,Station_South,Winter,39.88,74.87,8.67,18.67,1.04,6.61,15.1,73.5,9.7,72.7,Satisfactory
2023-02-28,Station_South,Winter,183.47,365.82,137.71,18.19,0.7,6.36,15.2,55.9,3.0,349.2,Very Poor
2023-03-01,Station_South,Summer,26.85,59.45,55.33,2.59,3.24,86.14,34.6,30.2,6.6,118.3,Moderate
2023-03-02,Station_South,Summer,37.41,74.56,29.9,27.52,0.37,59.96,40.2,34.1,12.7,74.5,Satisfactory
2023-03-03,Station_South,Summer,44.87,88.52,38.82,24.64,0.92,20.81,36.6,15.0,12.7,88.1,Satisfactory
2023-03-04,Station_South,Summer,44.77,84.35,9.67,24.04,1.91,50.49,35.1,46.1,12.9,97.1,Satisfactory
2023-03-05,Station_South,Summer,32.58,88.71,26.54,13.98,0.39,19.58,35.7,45.4,15.7,88.9,Satisfactory
2023-03-06,Station_South,Summer,37.33,81.58,7.6,15.51,0.64,17.07,37.0,60.8,20.5,82.2,Satisfactory
2023-03-07,Station_South,Summer,18.46,53.1,33.9,16.99,0.45,45.82,36.5,38.3,17.4,53.8,Satisfactory
2023-03-08,Station_South,Summer,29.53,82.59,16.39,6.04,0.1,29.97,33.2,39.2,17.9,82.8,Satisfactory
2023-03-09,Station_South,Summer,25.54,68.45,42.69,8.65,0.31,47.28,31.2,42.5,18.1,70.1,Satisfactory
2023-03-10,Station_South,Summer,17.43,42.98,19.8,10.08,0.18,38.2,38.0,40.0,13.4,42.2,Good
2023-03-11,Station_South,Summer,29.68,62.34,28.41,3.16,1.29,20.49,31.2,33.7,19.8,63.5,Satisfactory
2023-03-12,Station_South,Summer,6.35,22.25,7.45,3.35,0.42,29.11,32.3,40.7,15.5,28.9,Good
2023-03-13,Station_South,Summer,24.57,60.55,23.64,19.83,0.86,48.84,33.0,47.3,15.2,58.8,Satisfactory
2023-03-14,Station_South,Summer,35.93,77.91,22.44,13.65,0.35,68.49,38.5,42.1,13.1,79.0,Satisfactory
2023-03-15,Station_South,Summer,47.7,112.13,28.85,21.96,0.55,84.22,42.2,23.9,15.4,108.1,Moderate
2023-03-16,Station_South,Summer,40.54,79.64,42.06,12.49,0.23,53.64,33.0,40.8,13.3,79.7,Satisfactory
2023-03-17,Station_South,Summer,12.35,30.05,15.02,23.69,1.04,75.82,46.9,38.1,13.7,75.8,Satisfactory
2023-03-18,Station_South,Summer,21.34,46.3,13.49,24.54,0.49,27.71,31.2,43.3,15.6,45.1,Good
2023-03-19,Station_South,Summer,14.55,35.75,16.13,11.91,0.27,67.2,41.3,37.5,18.6,68.7,Satisfactory
2023-03-20,Station_South,Summer,19.03,42.28,27.38,14.53,0.54,23.49,36.6,36.8,14.8,39.8,Good
2023-03-21,Station_South,Summer,27.16,63.71,11.52,11.18,0.63,41.45,31.8,38.5,17.8,62.5,Satisfactory
2023-03-22,Station_South,Summer,48.55,94.12,11.52,10.65,1.66,52.72,37.3,34.9,9.1,99.2,Satisfactory
2023-03-23,Station_South,Summer,23.43,63.92,8.83,10.56,0.5,57.63,35.5,37.4,14.3,64.7,Satisfactory
2023-03-24,Station_South,Summer,11.36,35.64,16.81,18.53,0.31,27.67,38.4,36.7,16.8,36.0,Good
2023-03-25,Station_South,Summer,21.02,45.68,28.33,42.35,0.79,56.93,40.5,50.1,13.8,58.4,Satisfactory
2023-03-26,Station_South,Summer,16.9,51.66,26.25,13.84,0.42,68.04,39.2,42.7,19.6,66.8,Satisfactory
2023-03-27,Station_South,Summer,30.33,76.27,8.11,26.75,0.72,49.46,32.8,33.4,15.0,77.8,Satisfactory
2023-03-28,Station_South,Summer,37.85,91.19,6.3,12.52,0.63,72.81,38.7,50.2,15.6,93.1,Satisfactory
2023-03-29,Station_South,Summer,31.56,62.72,20.57,28.24,0.2,51.04,40.0,43.4,15.5,62.6,Satisfactory
2023-03-30,Station_South,Summer,22.59,64.96,18.13,28.66,0.37,39.2,37.7,35.9,18.3,66.4,Satisfactory
2023-03-31,Station_South,Summer,27.97,63.72,79.44,3.67,1.61,125.67,39.8,35.2,11.2,138.1,Moderate
2023-04-01,Station_South,Summer,37.51,85.95,43.39,18.01,0.15,41.08,33.9,40.6,12.1,87.2,Satisfactory
2023-04-02,Station_South,Summer,26.83,71.78,19.66,11.8,1.27,88.38,45.1,43.8,11.2,86.4,Satisfactory
2023-04-03,Station_South,Summer,28.83,58.45,21.05,15.33,1.49,23.15,28.0,32.4,14.4,74.6,Satisfactory
2023-04-04,Station_South,Summer,30.15,58.62,40.84,14.09,1.09,49.27,35.1,38.3,15.8,60.8,Satisfactory
2023-04-05,Station_South,Summer,59.49,131.75,12.28,22.19,0.22,44.71,41.2,37.6,14.8,120.0,Moderate
2023-04-06,Station_South,Summer,41.45,83.11,7.2,14.9,1.83,24.59,29.8,43.9,15.5,90.7,Satisfactory
2023-04-07,Station_South,Summer,57.57,123.67,53.88,2.55,0.78,18.49,30.7,40.2,10.7,115.8,Moderate
2023-04-08,Station_South,Summer,45.11,99.26,7.63,8.37,1.97,39.86,32.5,35.0,10.3,99.3,Satisfactory
2023-04-09,Station_South,Summer,15.6,42.28,28.34,6.85,0.8,49.44,40.0,46.6,19.1,48.9,Good
2023-04-10,Station_South,Summer,42.01,111.88,16.92,26.23,0.96,30.83,31.4,51.5,11.9,109.1,Moderate
2023-04-11,Station_South,Summer,28.92,51.89,9.84,22.39,0.5,30.63,37.9,32.8,13.8,53.4,Satisfactory
2023-04-12,Station_South,Summer,56.21,106.39,19.93,19.27,1.85,22.88,25.4,42.4,9.0,106.7,Moderate
2023-04-13,Station_South,Summer,14.35,35.95,83.36,10.98,0.64,119.93,46.7,41.4,13.7,127.8,Moderate
2023-04-14,Station_South,Summer,31.22,63.17,10.94,37.32,0.81,49.16,35.8,37.2,11.5,64.4,Satisfactory
2023-04-15,Station_South,Summer,64.79,127.25,29.87,4.38,2.67,53.18,39.9,40.6,6.7,119.0,Moderate
2023-04-16,Station_South,Summer,45.82,96.1,16.33,25.56,1.47,43.32,34.0,28.6,14.6,93.9,Satisfactory
2023-04-17,Station_South,Summer,15.86,48.35,22.69,8.68,0.13,33.87,37.6,51.4,12.3,46.2,Good
2023-04-18,Station_South,Summer,63.77,139.91,29.56,27.68,0.36,25.57,36.1,39.8,15.0,129.4,Moderate
2023-04-19,Station_South,Summer,18.47,59.76,30.89,32.93,0.1,46.22,31.4,41.5,16.2,60.2,Satisfactory
2023-04-20,Station_South,Summer,56.7,137.03,84.29,11.45,0.86,23.56,32.0,39.5,7.3,124.8,Moderate
2023-04-21,Station_South,Summer,34.85,83.12,12.97,37.55,0.56,26.06,35.2,32.0,15.0,82.1,Satisfactory
2023-04-22,Station_South,Summer,23.8,56.25,30.69,12.44,0.21,80.76,35.0,36.9,13.3,84.0,Satisfactory
2023-04-23,Station_South,Summer,52.21,91.91,55.12,19.28,0.13,62.23,38.3,39.7,12.6,92.9,Satisfactory
2023-04-24,Station_South,Summer,28.01,51.95,64.59,10.34,0.68,85.59,34.3,45.7,14.9,84.0,Satisfactory
2023-04-25,Station_South,Summer,45.12,108.18,15.51,9.16,0.89,36.05,33.0,32.5,11.2,104.1,Moderate
2023-04-26,Station_South,Summer,52.85,94.97,61.69,10.35,0.41,63.37,32.1,46.4,9.5,95.7,Satisfactory
2023-04-27,Station_South,Summer,28.0,56.56,20.84,9.39,0.83,27.27,33.1,48.5,14.1,60.0,Satisfactory
2023-04-28,Station_South,Summer,26.27,53.73,10.94,4.64,0.63,16.96,30.8,40.5,15.1,54.1,Satisfactory
2023-04-29,Station_South,Summer,35.9,68.18,29.92,8.8,0.53,24.3,27.2,37.6,15.9,68.2,Satisfactory
2023-04-30,Station_South,Summer,17.47,45.68,19.29,7.15,0.45,44.5,39.6,37.9,17.1,45.6,Good
2023-05-01,Station_South,Summer,24.2,49.48,28.53,15.54,0.15,52.59,36.1,41.4,15.8,52.7,Satisfactory
2023-05-02,Station_South,Summer,48.35,102.82,13.33,13.96,0.5,72.72,40.9,49.3,14.8,101.7,Moderate
2023-05-03,Station_South,Summer,10.61,37.54,24.27,28.23,0.78,49.22,35.1,21.3,19.2,50.5,Satisfactory
2023-05-04,Station_South,Summer,28.75,61.88,18.15,17.04,0.35,38.66,32.2,49.6,14.6,62.1,Satisfactory
2023-05-05,Station_South,Summer,37.11,94.93,5.98,14.55,0.29,45.96,37.7,51.9,16.1,97.9,Satisfactory
2023-05-06,Station_South,Summer,20.42,46.25,36.6,5.12,0.83,55.23,35.2,26.2,14.6,56.4,Satisfactory
2023-05-07,Station_South,Summer,26.56,58.22,33.15,11.18,0.17,45.58,40.7,35.2,16.1,58.9,Satisfactory
2023-05-08,Station_South,Summer,31.84,76.25,26.28,13.95,0.94,67.08,39.4,43.5,16.4,75.8,Satisfactory
2023-05-09,Station_South,Summer,16.54,42.0,20.72,7.44,0.83,57.31,35.5,46.3,17.5,56.8,Satisfactory
2023-05-10,Station_South,Summer,11.37,30.14,5.0,6.1,1.03,47.19,39.5,41.2,17.3,52.8,Satisfactory
2023-05-11,Station_South,Summer,43.28,117.29,32.25,5.54,0.65,35.15,33.7,41.4,12.8,109.2,Moderate
2023-05-12,Station_South,Summer,5.98,21.08,17.39,43.56,0.7,19.89,33.9,25.4,16.8,53.9,Satisfactory
2023-05-13,Station_South,Summer,39.87,94.21,21.52,11.45,0.64,52.73,37.6,48.6,14.8,92.5,Satisfactory
2023-05-14,Station_South,Summer,38.34,93.73,11.61,14.67,0.14,62.15,37.8,29.7,16.9,93.2,Satisfactory
2023-05-15,Station_South,Summer,29.24,82.6,26.14,2.0,0.42,45.96,34.7,39.4,14.2,83.2,Satisfactory
2023-05-16,Station_South,Summer,6.2,24.31,44.34,26.0,1.02,50.66,35.0,54.0,12.1,55.2,Satisfactory
2023-05-17,Station_South,Summer,10.17,25.67,10.84,25.02,0.87,43.01,37.6,37.9,16.8,45.8,Good
2023-05-18,Station_South,Summer,20.86,59.83,34.84,21.98,0.37,13.61,33.8,37.6,13.5,60.8,Satisfactory
2023-05-19,Station_South,Summer,45.0,86.42,8.41,21.64,1.15,21.97,35.4,30.5,14.6,86.0,Satisfactory
2023-05-20,Station_South,Summer,22.27,48.51,21.53,31.46,1.33,26.8,32.6,41.0,11.2,68.0,Satisfactory
2023-05-21,Station_South,Summer,27.56,61.63,29.17,39.37,1.59,60.6,36.8,39.4,17.9,79.1,Satisfactory
2023-05-22,Station_South,Summer,13.39,41.0,78.05,17.65,1.69,37.17,37.6,25.0,8.3,94.0,Satisfactory
2023-05-23,Station_South,Summer,35.7,74.69,9.55,7.85,0.3,31.69,34.7,39.4,11.3,75.9,Satisfactory
2023-05-24,Station_South,Summer,13.67,31.06,9.47,12.84,0.1,37.77,38.6,34.2,16.4,37.8,Good
2023-05-25,Station_South,Summer,35.2,91.1,5.0,9.93,0.85,44.7,34.1,41.2,18.6,92.4,Satisfactory
2023-05-26,Station_South,Summer,66.44,129.06,19.96,53.57,0.52,35.32,34.9,36.6,15.0,121.9,Moderate
2023-05-27,Station_South,Summer,29.0,75.03,13.51,9.12,0.63,47.98,34.8,28.7,12.4,74.3,Satisfactory
2023-05-28,Station_South,Summer,23.28,44.34,9.64,21.64,0.92,33.65,36.4,21.1,10.0,46.1,Good
2023-05-29,Station_South,Summer,12.06,33.86,40.32,3.1,0.96,67.26,40.5,38.6,11.1,66.2,Satisfactory
2023-05-30,Station_South,Summer,13.2,39.18,26.9,9.16,0.82,36.89,39.3,57.2,11.9,44.0,Good
2023-05-31,Station_South,Summer,24.38,60.81,13.6,5.6,0.35,35.58,33.2,30.5,15.0,59.9,Satisfactory
2023-06-01,Station_South,Monsoon,6.52,22.77,23.58,23.83,2.08,34.07,29.8,68.7,9.5,102.1,Moderate
2023-06-02,Station_South,Monsoon,10.02,32.33,17.26,2.96,0.38,37.09,29.2,93.0,15.3,37.3,Good
2023-06-03,Station_South,Monsoon,19.22,44.66,16.17,23.53,0.92,36.1,30.5,81.9,16.5,44.4,Good
2023-06-04,Station_South,Monsoon,22.68,48.1,25.48,5.87,0.17,5.32,25.3,74.2,15.6,51.0,Satisfactory
2023-06-05,Station_South,Monsoon,7.24,29.97,16.52,8.76,0.3,5.9,21.0,82.2,17.7,29.7,Good
2023-06-06,Station_South,Monsoon,9.72,32.91,16.87,23.74,0.43,27.44,26.2,75.8,13.4,32.4,Good
2023-06-07,Station_South,Monsoon,22.03,65.23,18.61,14.81,0.18,34.42,32.1,86.1,11.2,65.3,Satisfactory
2023-06-08,Station_South,Monsoon,12.43,34.29,13.5,21.9,0.31,11.71,27.6,87.9,15.0,34.8,Good
2023-06-09,Station_South,Monsoon,32.37,63.08,9.19,13.79,0.24,21.13,22.2,88.1,12.7,63.9,Satisfactory
2023-06-10,Station_South,Monsoon,15.57,37.54,5.0,43.23,0.35,20.44,25.6,84.8,20.1,56.7,Satisfactory
2023-06-11,Station_South,Monsoon,20.3,55.69,23.05,38.54,0.64,26.76,27.6,79.1,15.0,57.2,Satisfactory
2023-06-12,Station_South,Monsoon,13.09,30.92,16.65,4.16,0.43,31.77,33.9,86.5,17.2,31.6,Good
2023-06-13,Station_South,Monsoon,11.84,40.92,23.2,7.03,0.44,25.97,24.3,69.1,16.9,42.2,Good
2023-06-14,Station_South,Monsoon,14.37,41.47,55.95,31.68,0.87,32.43,29.9,79.1,11.6,71.9,Satisfactory
2023-06-15,Station_South,Monsoon,5.69,37.87,22.95,21.8,0.69,27.48,30.3,83.7,16.7,37.8,Good
2023-06-16,Station_South,Monsoon,8.9,34.88,5.76,8.34,0.35,19.0,24.8,79.3,14.9,33.8,Good
2023-06-17,Station_South,Monsoon,21.48,55.82,18.89,2.0,0.24,19.58,25.1,75.6,16.8,57.2,Satisfactory
2023-06-18,Station_South,Monsoon,11.21,20.96,16.24,5.27,0.22,21.72,31.4,82.4,14.2,22.5,Good
2023-06-19,Station_South,Monsoon,23.7,73.44,18.21,4.48,0.61,17.97,31.3,77.0,12.0,73.6,Satisfactory
2023-06-20,Station_South,Monsoon,18.32,53.9,20.61,3.52,0.74,19.37,24.6,81.6,18.1,54.6,Satisfactory
2023-06-21,Station_South,Monsoon,20.32,49.84,28.35,8.11,1.32,15.29,28.7,70.9,20.8,69.7,Satisfactory
2023-06-22,Station_South,Monsoon,13.64,44.5,21.49,45.01,1.25,29.29,23.9,83.8,10.8,63.3,Satisfactory
2023-06-23,Station_South,Monsoon,15.8,45.02,7.37,13.88,0.1,29.0,28.6,77.7,18.2,44.0,Good
2023-06-24,Station_South,Monsoon,5.0,20.9,30.16,16.13,0.22,25.38,26.7,89.6,16.6,40.3,Good
2023-06-25,Station_South,Monsoon,5.0,29.61,32.04,3.22,0.22,14.15,22.4,88.7,16.6,40.4,Good
2023-06-26,Station_South,Monsoon,17.44,50.8,24.14,4.06,0.19,53.08,33.0,79.6,16.5,54.7,Satisfactory
2023-06-27,Station_South,Monsoon,16.79,45.37,31.91,6.35,0.93,16.33,26.3,77.6,12.1,45.5,Good
2023-06-28,Station_South,Monsoon,6.79,40.22,21.5,36.34,0.18,13.49,29.4,84.9,13.5,46.5,Good
2023-06-29,Station_South,Monsoon,5.0,18.51,9.32,10.25,1.09,20.91,26.7,73.9,21.4,55.2,Satisfactory
2023-06-30,Station_South,Monsoon,5.53,28.01,17.44,2.2,0.71,37.01,29.1,83.2,17.5,38.3,Good
2023-07-01,Station_South,Monsoon,23.5,58.57,40.15,9.22,0.89,13.04,25.3,92.0,9.3,58.2,Satisfactory
2023-07-02,Station_South,Monsoon,11.07,29.49,17.11,35.15,0.35,20.01,26.8,90.0,15.9,43.3,Good
2023-07-03,Station_South,Monsoon,33.99,80.46,33.14,6.32,0.24,41.25,37.7,68.1,17.9,76.9,Satisfactory
2023-07-04,Station_South,Monsoon,12.23,32.96,9.8,22.45,0.34,31.02,29.6,81.7,20.0,35.1,Good
2023-07-05,Station_South,Monsoon,14.34,38.46,8.38,17.17,1.35,46.96,29.5,81.3,20.4,66.0,Satisfactory
2023-07-06,Station_South,Monsoon,20.61,60.21,35.99,3.96,0.14,29.79,31.6,74.0,14.1,61.3,Satisfactory
2023-07-07,Station_South,Monsoon,21.65,44.39,25.57,14.03,0.19,45.28,31.9,79.6,13.6,42.4,Good
2023-07-08,Station_South,Monsoon,16.93,49.66,5.0,5.99,0.1,20.82,25.1,70.3,14.6,49.7,Good
2023-07-09,Station_South,Monsoon,11.57,32.46,12.82,6.83,1.16,17.92,26.8,72.9,14.1,56.5,Satisfactory
2023-07-10,Station_South,Monsoon,11.2,33.73,61.92,64.28,0.2,20.68,21.9,90.6,15.0,81.4,Satisfactory
2023-07-11,Station_South,Monsoon,37.88,64.07,38.04,6.97,1.76,64.81,35.5,96.3,13.2,88.8,Satisfactory
2023-07-12,Station_South,Monsoon,25.42,56.6,17.05,11.39,0.2,35.96,27.8,78.5,16.8,55.3,Satisfactory
2023-07-13,Station_South,Monsoon,16.71,50.73,26.44,9.89,0.2,46.18,32.7,83.1,18.3,52.3,Satisfactory
2023-07-14,Station_South,Monsoon,28.04,77.75,13.37,4.2,0.15,42.09,28.0,76.9,17.2,76.9,Satisfactory
2023-07-15,Station_South,Monsoon,26.64,77.71,21.05,2.89,0.16,47.35,33.1,92.5,14.5,77.6,Satisfactory
2023-07-16,Station_South,Monsoon,9.3,38.01,13.58,8.82,2.18,20.95,27.5,82.8,17.8,101.8,Moderate
2023-07-17,Station_South,Monsoon,35.67,70.74,30.28,13.26,1.91,32.43,27.9,84.8,8.6,95.4,Satisfactory
2023-07-18,Station_South,Monsoon,5.12,28.02,19.83,22.22,0.69,36.11,27.1,98.0,17.5,33.8,Good
2023-07-19,Station_South,Monsoon,14.43,48.57,10.43,9.63,0.28,66.03,32.0,81.3,14.9,68.2,Satisfactory
2023-07-20,Station_South,Monsoon,25.54,69.99,46.28,15.5,0.81,27.77,25.6,86.1,14.2,69.3,Satisfactory
2023-07-21,Station_South,Monsoon,7.21,23.8,9.11,24.08,0.13,39.12,32.1,88.9,16.0,42.8,Good
2023-07-22,Station_South,Monsoon,11.53,43.08,34.36,13.83,2.4,38.44,31.6,89.6,17.1,105.0,Moderate
2023-07-23,Station_South,Monsoon,9.49,26.15,24.88,15.92,0.38,17.49,29.8,85.6,19.7,31.3,Good
2023-07-24,Station_South,Monsoon,24.91,63.81,25.95,13.09,1.69,21.03,22.8,88.3,13.6,83.1,Satisfactory
2023-07-25,Station_South,Monsoon,46.81,102.66,14.78,7.38,0.64,10.11,20.9,82.0,13.6,102.8,Moderate
2023-07-26,Station_South,Monsoon,13.32,39.52,18.78,30.46,0.32,13.02,31.2,89.0,17.6,38.8,Good
2023-07-27,Station_South,Monsoon,12.98,27.19,10.2,15.98,0.52,16.2,27.4,92.7,16.3,27.3,Good
2023-07-28,Station_South,Monsoon,12.47,27.75,19.04,27.37,0.57,27.89,26.5,86.0,18.3,32.6,Good
2023-07-29,Station_South,Monsoon,8.76,33.58,13.07,9.59,0.11,19.73,22.7,83.3,16.2,35.4,Good
2023-07-30,Station_South,Monsoon,6.43,26.3,15.37,27.35,0.1,60.75,32.2,82.6,19.5,61.5,Satisfactory
2023-07-31,Station_South,Monsoon,18.19,64.47,36.15,8.22,1.32,27.16,29.5,75.4,13.7,68.5,Satisfactory
2023-08-01,Station_South,Monsoon,14.83,37.1,5.0,20.47,0.28,22.93,24.2,81.2,17.0,38.5,Good
2023-08-02,Station_South,Monsoon,9.18,29.97,6.13,13.05,1.01,17.84,31.3,88.1,15.6,30.8,Good
2023-08-03,Station_South,Monsoon,11.32,30.77,21.91,5.46,0.46,23.33,26.7,96.1,16.3,32.8,Good
2023-08-04,Station_South,Monsoon,13.46,41.03,13.39,18.79,1.2,30.97,30.0,88.6,19.7,58.4,Satisfactory
2023-08-05,Station_South,Monsoon,13.9,37.07,22.99,57.64,0.36,16.04,30.6,91.1,17.8,70.3,Satisfactory
2023-08-06,Station_South,Monsoon,7.23,31.13,15.51,6.49,0.91,13.1,24.5,98.0,17.4,45.8,Good
2023-08-07,Station_South,Monsoon,16.74,40.36,15.18,10.77,0.77,22.8,25.8,79.8,19.1,37.3,Good
2023-08-08,Station_South,Monsoon,22.68,50.12,65.88,7.36,0.84,20.22,21.1,76.6,15.8,82.9,Satisfactory
2023-08-09,Station_South,Monsoon,15.49,32.77,21.41,18.01,0.67,23.02,24.1,82.6,13.5,34.0,Good
2023-08-10,Station_South,Monsoon,21.63,59.53,5.0,6.84,0.42,59.32,33.7,98.0,14.8,59.3,Satisfactory
2023-08-11,Station_South,Monsoon,20.88,61.61,13.75,10.89,0.97,27.03,33.0,84.8,14.0,60.6,Satisfactory
2023-08-12,Station_South,Monsoon,12.04,40.02,25.73,32.81,0.93,18.92,29.3,90.1,14.1,49.2,Good
2023-08-13,Station_South,Monsoon,20.69,54.97,18.43,17.21,0.28,29.41,27.2,78.2,10.8,56.8,Satisfactory
2023-08-14,Station_South,Monsoon,16.58,53.66,32.19,30.46,1.45,23.01,29.9,71.5,16.3,73.7,Satisfactory
2023-08-15,Station_South,Monsoon,31.25,70.82,68.62,25.61,2.74,34.64,24.5,79.1,6.8,112.8,Moderate
2023-08-16,Station_South,Monsoon,5.0,19.21,47.44,20.39,0.87,11.47,28.0,82.3,14.4,59.5,Satisfactory
2023-08-17,Station_South,Monsoon,6.56,25.11,7.73,15.51,0.22,16.15,25.6,76.7,17.8,27.5,Good
2023-08-18,Station_South,Monsoon,34.76,86.83,20.65,16.88,0.23,9.93,25.2,80.1,21.3,88.9,Satisfactory
2023-08-19,Station_South,Monsoon,17.5,48.25,21.17,7.86,0.57,33.89,28.1,78.1,16.5,49.4,Good
2023-08-20,Station_South,Monsoon,7.49,16.31,18.22,16.14,1.74,20.49,24.1,87.2,20.2,85.1,Satisfactory
2023-08-21,Station_South,Monsoon,11.83,43.74,22.21,9.33,1.01,11.02,21.5,75.4,20.3,49.8,Good
2023-08-22,Station_South,Monsoon,5.0,25.51,45.81,4.18,0.58,8.42,21.3,86.3,15.2,57.1,Satisfactory
2023-08-23,Station_South,Monsoon,18.19,42.27,12.18,26.5,0.83,35.51,31.7,98.0,16.1,44.4,Good
2023-08-24,Station_South,Monsoon,24.71,52.6,71.41,40.76,2.12,40.92,30.0,94.5,9.4,103.7,Moderate
2023-08-25,Station_South,Monsoon,16.07,42.09,38.58,6.0,0.39,35.22,28.8,68.7,11.7,49.6,Good
2023-08-26,Station_South,Monsoon,27.65,65.68,8.98,7.05,0.56,36.73,31.8,76.6,18.4,64.0,Satisfactory
2023-08-27,Station_South,Monsoon,22.0,71.79,27.59,9.16,0.36,17.63,25.4,87.4,14.2,73.5,Satisfactory
2023-08-28,Station_South,Monsoon,31.67,76.13,55.6,8.75,0.48,33.69,25.9,79.5,9.3,75.9,Satisfactory
2023-08-29,Station_South,Monsoon,6.25,29.38,27.04,6.83,0.82,37.46,32.8,81.7,16.5,39.8,Good
2023-08-30,Station_South,Monsoon,5.0,28.01,17.67,10.91,0.55,17.93,23.7,78.2,14.2,24.2,Good
2023-08-31,Station_South,Monsoon,9.41,38.64,10.31,2.35,0.25,22.7,26.3,72.5,22.2,37.3,Good
2023-09-01,Station_South,Monsoon,16.87,46.68,20.72,52.01,0.5,20.54,28.3,84.4,10.1,67.5,Satisfactory
2023-09-02,Station_South,Monsoon,6.37,20.12,33.18,18.22,1.23,29.05,25.9,79.7,9.9,61.3,Satisfactory
2023-09-03,Station_South,Monsoon,22.99,49.63,48.87,36.99,0.89,49.12,30.6,93.9,8.2,60.4,Satisfactory
2023-09-04,Station_South,Monsoon,32.36,82.08,28.44,3.9,0.56,49.72,29.9,76.2,15.5,82.7,Satisfactory
2023-09-05,Station_South,Monsoon,11.85,40.46,28.68,13.29,0.47,20.86,23.4,86.0,16.8,40.9,Good
2023-09-06,Station_South,Monsoon,19.05,58.09,5.0,18.36,1.06,35.78,33.1,81.9,16.6,57.4,Satisfactory
2023-09-07,Station_South,Monsoon,23.12,56.71,26.4,22.46,1.31,29.94,26.6,82.9,16.1,66.1,Satisfactory
2023-09-08,Station_South,Monsoon,14.67,45.57,11.81,2.36,1.3,33.95,28.6,81.2,13.1,66.5,Satisfactory
2023-09-09,Station_South,Monsoon,19.23,48.5,25.69,14.93,0.82,14.5,25.7,77.3,14.6,47.5,Good
2023-09-10,Station_South,Monsoon,9.97,34.63,44.73,21.68,0.29,29.75,27.4,61.5,13.6,56.8,Satisfactory
2023-09-11,Station_South,Monsoon,24.18,75.86,23.49,2.41,1.9,7.26,26.6,58.7,11.7,95.2,Satisfactory
2023-09-12,Station_South,Monsoon,5.0,27.39,8.64,19.05,1.04,7.92,23.4,77.5,18.5,53.2,Satisfactory
2023-09-13,Station_South,Monsoon,7.87,31.1,74.93,9.29,0.83,29.68,24.9,58.4,14.4,96.5,Satisfactory
2023-09-14,Station_South,Monsoon,14.36,34.14,23.57,19.74,0.26,40.45,30.4,83.8,13.8,39.0,Good
2023-09-15,Station_South,Monsoon,11.82,35.87,26.42,32.21,0.58,16.23,24.5,80.0,18.2,41.2,Good
2023-09-16,Station_South,Monsoon,5.0,16.68,27.51,20.31,0.58,37.88,29.4,67.5,16.9,37.5,Good
2023-09-17,Station_South,Monsoon,33.85,72.89,9.26,5.46,1.42,15.21,27.3,98.0,18.4,72.8,Satisfactory
2023-09-18,Station_South,Monsoon,25.89,59.41,9.97,7.28,0.47,34.48,31.5,77.2,14.9,61.8,Satisfactory
2023-09-19,Station_South,Monsoon,12.58,35.79,49.43,7.68,0.54,28.41,29.8,90.7,10.9,63.7,Satisfactory
2023-09-20,Station_South,Monsoon,5.0,31.74,11.86,20.69,0.39,25.95,29.8,79.7,16.5,34.0,Good
2023-09-21,Station_South,Monsoon,25.57,66.48,12.06,22.51,0.34,13.94,25.5,98.0,13.0,68.0,Satisfactory
2023-09-22,Station_South,Monsoon,15.56,42.07,34.95,6.98,0.44,24.55,26.7,87.5,11.5,42.8,Good
2023-09-23,Station_South,Monsoon,10.38,30.65,7.71,22.73,0.48,27.7,26.2,93.0,12.2,30.4,Good
2023-09-24,Station_South,Monsoon,20.42,56.95,12.86,8.35,0.63,21.74,22.2,71.4,12.0,56.5,Satisfactory
2023-09-25,Station_South,Monsoon,5.0,27.76,26.98,2.0,1.51,21.76,26.4,80.1,14.5,75.6,Satisfactory
2023-09-26,Station_South,Monsoon,5.0,26.93,10.68,6.71,1.04,38.62,32.9,73.4,17.6,48.9,Good
2023-09-27,Station_South,Monsoon,20.17,49.92,9.09,23.22,2.26,28.84,29.2,80.8,14.3,103.3,Moderate
2023-09-28,Station_South,Monsoon,11.33,37.58,11.03,19.5,0.63,20.15,23.7,77.1,18.5,36.0,Good
2023-09-29,Station_South,Monsoon,8.64,43.59,6.62,3.87,1.18,18.31,28.7,85.5,17.6,56.9,Satisfactory
2023-09-30,Station_South,Monsoon,8.93,34.09,12.33,14.48,1.24,35.21,34.3,89.0,13.6,64.3,Satisfactory
2023-10-01,Station_South,Post-Monsoon,25.47,62.59,24.95,5.04,0.58,21.39,24.7,52.4,11.9,63.0,Satisfactory
2023-10-02,Station_South,Post-Monsoon,118.45,219.94,51.02,39.48,1.87,37.43,28.9,58.7,6.3,296.1,Poor
2023-10-03,Station_South,Post-Monsoon,28.84,80.42,21.13,5.43,1.16,27.67,27.2,62.4,10.2,79.6,Satisfactory
2023-10-04,Station_South,Post-Monsoon,43.65,96.43,40.01,13.56,0.3,34.41,26.3,55.6,11.7,97.2,Satisfactory
2023-10-05,Station_South,Post-Monsoon,34.29,93.31,78.32,27.44,0.66,33.61,26.8,73.7,8.9,99.3,Satisfactory
2023-10-06,Station_South,Post-Monsoon,39.55,100.51,6.65,8.33,0.18,24.11,25.6,58.8,9.9,102.4,Moderate
2023-10-07,Station_South,Post-Monsoon,53.23,107.47,31.02,4.77,0.76,17.34,25.0,42.3,12.8,104.3,Moderate
2023-10-08,Station_South,Post-Monsoon,122.04,212.93,36.15,7.66,2.55,23.68,24.7,60.3,2.3,300.7,Very Poor
2023-10-09,Station_South,Post-Monsoon,69.4,114.34,48.84,21.23,0.79,27.99,23.0,48.1,8.5,132.6,Moderate
2023-10-10,Station_South,Post-Monsoon,63.84,134.29,5.0,12.02,0.89,11.98,20.7,54.9,9.0,121.7,Moderate
2023-10-11,Station_South,Post-Monsoon,48.13,92.37,51.81,5.61,1.44,11.68,20.3,47.5,11.8,95.1,Satisfactory
2023-10-12,Station_South,Post-Monsoon,79.44,172.57,28.4,27.61,0.65,9.63,22.1,60.4,11.8,163.9,Moderate
2023-10-13,Station_South,Post-Monsoon,35.45,84.37,50.26,37.59,0.25,15.86,19.0,44.8,12.1,85.8,Satisfactory
2023-10-14,Station_South,Post-Monsoon,104.27,197.84,20.3,40.56,1.68,32.79,28.0,62.7,8.1,247.1,Poor
2023-10-15,Station_South,Post-Monsoon,169.59,362.53,36.01,8.95,0.34,26.16,24.5,57.4,6.7,341.0,Very Poor
2023-10-16,Station_South,Post-Monsoon,40.82,82.3,54.69,12.06,0.2,22.06,26.0,49.6,7.6,82.8,Satisfactory
2023-10-17,Station_South,Post-Monsoon,59.22,112.61,25.9,3.61,0.51,9.2,20.8,52.9,7.5,109.4,Moderate
2023-10-18,Station_South,Post-Monsoon,30.02,60.92,59.91,7.48,0.24,33.01,26.4,60.0,11.9,75.3,Satisfactory
2023-10-19,Station_South,Post-Monsoon,47.09,98.65,15.08,19.67,0.1,9.26,20.9,56.3,11.9,98.0,Satisfactory
2023-10-20,Station_South,Post-Monsoon,54.73,123.43,13.09,10.46,0.2,11.66,22.5,53.2,11.6,115.3,Moderate
2023-10-21,Station_South,Post-Monsoon,46.98,108.04,44.98,19.77,3.31,26.25,26.6,48.1,5.3,116.3,Moderate
2023-10-22,Station_South,Post-Monsoon,109.04,211.02,32.04,7.37,1.08,6.92,19.6,72.7,11.1,264.0,Poor
2023-10-23,Station_South,Post-Monsoon,63.66,111.32,41.99,32.54,1.76,20.99,21.9,55.1,5.0,115.4,Moderate
2023-10-24,Station_South,Post-Monsoon,12.58,41.09,18.03,6.8,1.2,23.99,27.4,51.0,9.0,58.3,Satisfactory
2023-10-25,Station_South,Post-Monsoon,50.48,88.77,42.67,10.4,0.94,7.7,19.6,57.6,12.6,89.2,Satisfactory
2023-10-26,Station_South,Post-Monsoon,33.69,67.47,29.48,25.11,1.74,21.46,29.8,61.9,7.0,90.3,Satisfactory
2023-10-27,Station_South,Post-Monsoon,30.78,59.48,21.46,5.76,0.83,14.63,22.7,66.5,10.9,60.6,Satisfactory
2023-10-28,Station_South,Post-Monsoon,5.0,20.31,38.06,32.2,1.1,26.63,26.4,45.7,8.3,53.2,Satisfactory
2023-10-29,Station_South,Post-Monsoon,50.56,112.01,8.51,20.41,0.89,12.66,23.2,64.4,11.1,107.5,Moderate
2023-10-30,Station_South,Post-Monsoon,45.09,105.02,41.87,5.3,1.55,13.27,23.1,67.1,15.1,104.4,Moderate
2023-10-31,Station_South,Post-Monsoon,51.6,128.37,14.06,5.73,0.4,30.8,28.1,37.0,11.3,119.6,Moderate
2023-11-01,Station_South,Post-Monsoon,59.84,121.06,27.31,15.15,0.37,30.75,26.2,52.7,6.5,115.9,Moderate
2023-11-02,Station_South,Post-Monsoon,216.53,404.03,49.4,7.28,1.86,25.97,24.0,59.4,3.8,376.3,Very Poor
2023-11-03,Station_South,Post-Monsoon,84.43,165.27,13.63,20.32,0.39,9.9,23.0,48.0,11.0,181.4,Moderate
2023-11-04,Station_South,Post-Monsoon,101.98,222.82,21.6,21.54,0.6,14.53,20.0,45.7,6.5,239.5,Poor
2023-11-05,Station_South,Post-Monsoon,162.78,315.49,26.66,19.4,2.55,26.85,25.0,56.2,5.3,333.6,Very Poor
2023-11-06,Station_South,Post-Monsoon,36.84,80.05,33.8,33.41,1.69,21.78,25.6,44.6,12.7,84.2,Satisfactory
2023-11-07,Station_South,Post-Monsoon,91.4,181.54,78.75,17.41,0.85,30.6,23.1,59.2,11.1,204.7,Poor
2023-11-08,Station_South,Post-Monsoon,103.73,191.53,67.54,22.01,1.84,10.42,18.2,54.5,5.0,242.5,Poor
2023-11-09,Station_South,Post-Monsoon,47.35,105.53,33.38,34.8,1.12,22.85,24.4,46.6,12.0,103.8,Moderate
2023-11-10,Station_South,Post-Monsoon,13.16,25.98,51.34,25.1,0.54,27.82,23.6,45.9,10.7,64.2,Satisfactory
2023-11-11,Station_South,Post-Monsoon,53.26,124.15,43.14,41.22,1.13,29.38,28.2,46.7,8.1,116.6,Moderate
2023-11-12,Station_South,Post-Monsoon,105.04,203.49,49.08,23.49,0.7,36.99,28.2,55.1,9.5,249.5,Poor
2023-11-13,Station_South,Post-Monsoon,68.25,118.75,21.24,4.11,0.81,22.5,24.3,50.0,6.3,129.9,Moderate
2023-11-14,Station_South,Post-Monsoon,111.66,229.33,42.06,9.03,1.25,16.68,28.4,46.8,9.4,272.2,Poor
2023-11-15,Station_South,Post-Monsoon,95.96,220.96,32.51,25.07,1.33,34.25,24.9,51.5,9.4,221.5,Poor
2023-11-16,Station_South,Post-Monsoon,137.69,237.91,63.81,13.79,0.84,18.67,24.0,58.4,7.7,313.8,Very Poor
2023-11-17,Station_South,Post-Monsoon,50.43,114.8,33.45,17.9,1.2,17.97,22.9,53.2,11.3,112.3,Moderate
2023-11-18,Station_South,Post-Monsoon,68.47,153.66,20.06,6.15,0.51,17.26,26.0,54.0,14.4,133.7,Moderate
2023-11-19,Station_South,Post-Monsoon,119.47,257.38,21.89,6.75,2.59,35.93,26.0,42.0,6.2,296.4,Poor
2023-11-20,Station_South,Post-Monsoon,179.67,400.34,28.66,13.29,6.58,35.25,27.3,51.2,5.8,366.0,Very Poor
2023-11-21,Station_South,Post-Monsoon,58.92,136.11,33.71,33.11,2.37,25.93,23.8,46.9,8.1,126.4,Moderate
2023-11-22,Station_South,Post-Monsoon,43.64,77.35,18.85,15.57,0.29,12.98,22.2,56.6,8.5,77.8,Satisfactory
2023-11-23,Station_South,Post-Monsoon,86.52,143.17,68.96,13.79,0.47,38.14,26.9,47.3,10.6,188.6,Moderate
2023-11-24,Station_South,Post-Monsoon,45.92,115.64,35.34,7.06,0.4,20.7,23.3,55.1,16.6,110.7,Moderate
2023-11-25,Station_South,Post-Monsoon,138.39,266.51,27.79,6.79,3.61,12.73,19.5,56.5,4.1,315.3,Very Poor
2023-11-26,Station_South,Post-Monsoon,173.21,283.49,23.04,15.39,1.06,26.89,24.8,52.6,5.8,340.5,Very Poor
2023-11-27,Station_South,Post-Monsoon,53.93,120.94,13.33,8.1,0.87,11.53,19.0,51.3,12.2,113.3,Moderate
2023-11-28,Station_South,Post-Monsoon,127.68,251.2,31.58,7.06,1.4,8.02,23.3,60.5,8.9,307.9,Very Poor
2023-11-29,Station_South,Post-Monsoon,185.42,321.99,10.77,14.48,0.22,22.34,24.4,47.0,6.9,350.0,Very Poor
2023-11-30,Station_South,Post-Monsoon,57.54,108.87,14.47,10.92,0.67,5.91,24.7,63.3,9.7,107.6,Moderate
2023-12-01,Station_South,Winter,45.2,115.1,15.11,11.19,0.9,5.48,14.6,65.2,10.5,108.5,Moderate
2023-12-02,Station_South,Winter,75.11,126.0,6.56,12.6,1.32,5.0,15.8,73.7,11.8,150.7,Moderate
2023-12-03,Station_South,Winter,92.21,157.97,106.56,22.9,0.85,23.47,22.2,71.1,1.5,209.0,Poor
2023-12-04,Station_South,Winter,298.91,438.08,97.13,21.73,6.02,6.6,9.5,76.8,2.7,420.4,Severe
2023-12-05,Station_South,Winter,50.39,85.53,47.78,17.14,0.31,5.37,16.8,60.2,8.0,85.7,Satisfactory
2023-12-06,Station_South,Winter,77.38,138.51,21.39,9.98,0.97,6.47,13.2,68.6,7.8,159.2,Moderate
2023-12-07,Station_South,Winter,161.51,315.97,54.73,20.01,0.35,5.0,16.0,54.5,7.9,334.8,Very Poor
2023-12-08,Station_South,Winter,44.19,85.11,30.12,7.82,1.93,5.0,12.6,69.7,6.7,94.4,Satisfactory
2023-12-09,Station_South,Winter,48.7,106.34,93.72,20.15,0.82,10.35,13.9,58.6,11.0,115.2,Moderate
2023-12-10,Station_South,Winter,149.19,324.95,49.45,30.26,1.38,7.37,8.1,58.0,3.5,322.4,Very Poor
2023-12-11,Station_South,Winter,71.5,139.31,39.49,22.05,1.44,8.09,9.1,71.4,6.7,139.3,Moderate
2023-12-12,Station_South,Winter,290.24,600.0,49.19,18.69,1.66,9.3,16.1,68.9,8.4,500.0,Severe
2023-12-13,Station_South,Winter,44.53,69.83,33.3,8.15,1.07,5.66,15.2,53.1,7.7,75.9,Satisfactory
2023-12-14,Station_South,Winter,66.96,156.63,48.3,18.73,1.5,5.0,14.7,83.1,7.5,140.1,Moderate
2023-12-15,Station_South,Winter,66.5,114.62,38.26,19.72,1.34,5.43,12.7,68.8,9.1,121.1,Moderate
2023-12-16,Station_South,Winter,167.25,336.06,91.15,15.8,0.7,10.04,17.7,74.7,4.2,336.7,Very Poor
2023-12-17,Station_South,Winter,147.66,236.07,69.4,33.86,1.3,5.0,17.5,43.8,7.7,324.6,Very Poor
2023-12-18,Station_South,Winter,57.88,108.04,18.46,2.0,0.85,6.89,16.0,59.2,9.7,107.0,Moderate
2023-12-19,Station_South,Winter,93.48,141.12,6.83,12.34,0.48,5.0,14.8,73.4,7.3,214.4,Poor
2023-12-20,Station_South,Winter,139.56,277.0,27.27,15.14,0.67,6.71,13.1,61.5,6.8,314.8,Very Poor
2023-12-21,Station_South,Winter,107.45,162.14,18.17,27.92,0.36,5.6,8.9,57.0,13.1,258.1,Poor
2023-12-22,Station_South,Winter,172.41,262.23,120.77,8.3,1.67,5.59,17.2,52.4,2.1,340.9,Very Poor
2023-12-23,Station_South,Winter,275.53,491.65,40.79,3.97,3.18,5.0,9.3,58.1,2.0,437.1,Severe
2023-12-24,Station_South,Winter,157.4,242.32,47.37,3.08,0.35,5.0,14.5,51.4,8.1,330.4,Very Poor
2023-12-25,Station_South,Winter,213.97,374.73,107.08,16.47,0.52,14.6,19.1,68.3,6.4,370.7,Very Poor
2023-12-26,Station_South,Winter,170.17,376.71,28.78,16.78,0.62,5.0,17.3,63.4,8.7,338.7,Very Poor
2023-12-27,Station_South,Winter,65.62,145.73,17.36,12.39,2.13,5.0,12.9,62.2,9.2,130.2,Moderate
2023-12-28,Station_South,Winter,60.71,107.88,31.51,19.55,1.73,5.0,16.6,57.6,12.0,103.2,Moderate
2023-12-29,Station_South,Winter,76.21,142.31,35.93,16.05,0.4,8.1,17.3,73.8,12.5,153.3,Moderate
2023-12-30,Station_South,Winter,50.69,108.33,31.38,7.57,0.5,7.41,15.3,55.7,9.8,108.4,Moderate
2023-12-31,Station_South,Winter,154.04,301.62,30.4,8.18,0.57,8.95,10.9,63.5,7.0,326.6,Very Poor
2024-01-01,Station_South,Winter,71.47,155.66,12.93,13.23,2.48,7.6,15.0,74.5,5.7,140.6,Moderate
2024-01-02,Station_South,Winter,77.09,169.5,80.33,9.19,2.75,8.51,10.3,64.5,7.8,155.1,Moderate
2024-01-03,Station_South,Winter,58.8,108.3,16.81,28.15,1.75,5.0,5.0,66.7,10.5,109.3,Moderate
2024-01-04,Station_South,Winter,121.41,230.56,21.76,6.56,0.98,6.42,17.9,52.7,6.8,299.8,Poor
2024-01-05,Station_South,Winter,167.08,265.72,220.0,13.58,0.1,18.22,13.8,50.6,2.0,337.2,Very Poor
2024-01-06,Station_South,Winter,111.12,212.54,131.48,15.8,3.3,9.24,11.0,76.7,1.6,270.7,Poor
2024-01-07,Station_South,Winter,67.38,142.86,9.0,12.62,0.3,5.06,9.2,61.8,13.5,132.0,Moderate
2024-01-08,Station_South,Winter,26.69,76.35,57.9,17.53,0.36,6.55,15.4,45.7,10.2,75.9,Satisfactory
2024-01-09,Station_South,Winter,71.66,169.46,18.91,8.46,1.56,5.0,16.1,71.0,8.2,150.5,Moderate
2024-01-10,Station_South,Winter,317.65,600.0,66.02,13.3,4.07,5.0,12.9,69.7,1.5,500.0,Severe
2024-01-11,Station_South,Winter,98.15,195.31,11.4,16.7,0.8,5.0,15.7,63.4,9.9,227.7,Poor
2024-01-12,Station_South,Winter,61.65,141.65,38.14,32.89,0.51,8.44,9.1,60.3,7.2,129.7,Moderate
2024-01-13,Station_South,Winter,162.98,260.72,11.76,20.87,1.19,6.67,13.2,59.7,2.2,334.0,Very Poor
2024-01-14,Station_South,Winter,65.13,137.72,44.99,8.81,0.16,6.16,11.8,67.3,8.0,128.1,Moderate
2024-01-15,Station_South,Winter,111.68,203.67,38.5,4.89,0.46,5.92,15.1,60.4,4.9,271.5,Poor
2024-01-16,Station_South,Winter,45.28,91.67,40.36,15.3,1.05,5.0,17.2,58.4,9.4,92.3,Satisfactory
2024-01-17,Station_South,Winter,137.93,325.79,30.28,4.72,0.84,5.59,13.8,55.0,11.8,314.9,Very Poor
2024-01-18,Station_South,Winter,95.06,195.82,85.39,11.85,2.79,6.61,12.7,71.2,2.7,217.3,Poor
2024-01-19,Station_South,Winter,111.09,239.23,62.33,13.87,1.07,5.94,17.5,61.5,9.7,271.3,Poor
2024-01-20,Station_South,Winter,133.28,314.56,69.21,6.07,0.96,5.0,11.3,60.8,3.8,308.9,Very Poor
2024-01-21,Station_South,Winter,290.94,506.05,48.45,8.41,1.42,8.88,15.9,55.4,3.5,445.7,Severe
2024-01-22,Station_South,Winter,164.8,258.9,30.01,19.18,1.95,11.28,18.5,68.0,6.2,334.3,Very Poor
2024-01-23,Station_South,Winter,206.93,424.38,27.46,40.1,1.44,5.0,12.6,67.0,8.9,392.9,Very Poor
2024-01-24,Station_South,Winter,35.89,87.69,72.34,4.42,0.47,6.95,9.8,72.9,8.9,89.6,Satisfactory
2024-01-25,Station_South,Winter,52.37,120.34,72.86,6.18,0.21,26.12,29.7,73.1,9.6,115.1,Moderate
2024-01-26,Station_South,Winter,100.05,206.87,9.9,33.24,1.92,5.0,17.6,70.9,6.8,234.0,Poor
2024-01-27,Station_South,Winter,66.47,144.6,26.61,8.64,0.83,5.0,15.8,55.3,8.2,131.9,Moderate
2024-01-28,Station_South,Winter,299.99,600.0,62.62,4.91,0.43,7.97,11.9,64.8,3.1,500.0,Severe
2024-01-29,Station_South,Winter,202.33,425.69,20.54,30.1,0.82,5.0,11.2,58.4,3.9,394.1,Very Poor
2024-01-30,Station_South,Winter,89.91,157.19,50.41,37.53,0.42,8.48,10.3,70.0,7.8,201.5,Poor
2024-01-31,Station_South,Winter,87.39,144.54,27.17,5.38,1.6,6.03,12.3,57.3,7.2,192.9,Moderate
2024-02-01,Station_South,Winter,259.97,427.31,57.11,4.44,2.55,5.37,12.4,75.5,4.9,405.3,Severe
2024-02-02,Station_South,Winter,92.66,148.93,18.68,4.61,1.29,6.04,14.1,58.2,10.5,210.5,Poor
2024-02-03,Station_South,Winter,200.5,364.21,26.81,31.02,1.34,5.36,11.9,74.0,5.9,363.5,Very Poor
2024-02-04,Station_South,Winter,17.32,48.56,16.59,17.66,1.34,5.0,14.1,51.3,10.4,66.3,Satisfactory
2024-02-05,Station_South,Winter,263.56,496.29,63.59,29.58,3.26,6.68,11.6,60.9,2.3,438.8,Severe
2024-02-06,Station_South,Winter,199.64,332.72,69.13,22.96,1.1,8.75,16.8,62.4,7.3,361.7,Very Poor
2024-02-07,Station_South,Winter,84.22,143.11,49.01,30.63,2.54,7.35,14.5,45.8,7.0,180.0,Moderate
2024-02-08,Station_South,Winter,62.96,131.31,19.53,7.38,0.83,5.0,17.9,68.8,7.2,122.6,Moderate
2024-02-09,Station_South,Winter,59.89,152.11,12.49,13.39,0.27,5.0,14.6,64.0,10.4,135.0,Moderate
2024-02-10,Station_South,Winter,151.36,320.49,41.24,7.18,0.45,5.0,10.7,62.6,11.2,324.9,Very Poor
2024-02-11,Station_South,Winter,86.69,153.35,17.48,33.77,0.87,6.25,13.8,71.3,7.4,189.2,Moderate
2024-02-12,Station_South,Winter,266.49,480.94,138.25,5.47,1.22,10.17,14.8,51.4,1.6,429.3,Severe
2024-02-13,Station_South,Winter,103.38,202.76,14.55,4.04,0.1,6.31,8.1,68.1,10.8,244.1,Poor
2024-02-14,Station_South,Winter,234.75,365.89,96.63,32.52,1.75,10.21,11.2,72.6,3.4,386.9,Very Poor
2024-02-15,Station_South,Winter,133.49,226.92,22.66,11.81,0.53,5.0,15.2,47.3,9.6,313.2,Very Poor
2024-02-16,Station_South,Winter,46.91,78.42,23.69,30.44,1.47,5.0,13.1,79.2,11.3,81.2,Satisfactory
2024-02-17,Station_South,Winter,87.72,166.54,19.02,26.0,0.87,7.34,16.3,64.2,8.4,191.5,Moderate
2024-02-18,Station_South,Winter,57.55,146.14,55.21,18.71,2.24,5.12,11.3,69.1,3.9,128.9,Moderate
2024-02-19,Station_South,Winter,50.4,81.59,34.78,15.37,1.49,5.0,13.9,51.4,12.2,83.1,Satisfactory
2024-02-20,Station_South,Winter,244.89,489.42,96.49,6.06,1.47,36.41,23.6,65.6,5.3,437.3,Severe
2024-02-21,Station_South,Winter,181.57,344.0,55.13,12.29,1.44,5.0,10.5,69.9,7.4,346.0,Very Poor
2024-02-22,Station_South,Winter,125.94,260.54,24.02,25.01,0.53,7.94,8.8,65.4,10.4,304.2,Very Poor
2024-02-23,Station_South,Winter,42.69,93.09,34.93,17.38,1.34,7.25,15.6,73.4,7.0,92.7,Satisfactory
2024-02-24,Station_South,Winter,88.21,171.63,26.26,5.68,0.9,5.0,13.7,69.5,9.9,193.8,Moderate
2024-02-25,Station_South,Winter,28.59,78.91,19.53,20.64,0.84,5.0,13.2,72.4,11.5,78.3,Satisfactory
2024-02-26,Station_South,Winter,28.19,70.79,8.21,7.43,1.24,5.0,10.4,64.1,10.1,70.5,Satisfactory
2024-02-27,Station_South,Winter,166.23,374.27,44.46,8.04,0.25,7.56,5.4,51.1,8.0,336.6,Very Poor
2024-02-28,Station_South,Winter,109.69,244.07,10.04,17.4,1.23,5.0,10.7,51.3,7.6,267.8,Poor
2024-02-29,Station_South,Winter,122.37,189.47,46.63,22.14,1.55,5.91,12.6,74.8,6.7,298.9,Poor
2024-03-01,Station_South,Summer,32.58,65.89,38.75,7.07,1.82,29.35,31.0,43.3,7.9,92.5,Satisfactory
2024-03-02,Station_South,Summer,25.7,71.34,5.0,8.64,1.19,55.3,35.8,25.9,15.5,70.5,Satisfactory
2024-03-03,Station_South,Summer,16.78,40.44,26.15,35.77,0.32,47.21,37.3,32.8,14.8,48.0,Good
2024-03-04,Station_South,Summer,68.68,134.87,29.8,11.71,0.13,95.1,40.6,49.1,11.1,132.6,Moderate
2024-03-05,Station_South,Summer,8.59,27.46,24.42,15.74,1.41,41.72,29.8,43.4,11.6,69.1,Satisfactory
2024-03-06,Station_South,Summer,62.17,100.3,19.62,16.57,1.13,23.65,38.3,26.3,11.1,108.8,Moderate
2024-03-07,Station_South,Summer,47.39,81.36,5.59,28.52,0.52,31.27,30.9,38.4,16.1,80.7,Satisfactory
2024-03-08,Station_South,Summer,8.81,29.67,28.78,20.59,0.21,53.98,35.3,43.3,17.0,53.9,Satisfactory
2024-03-09,Station_South,Summer,22.34,59.72,21.06,29.73,0.71,75.11,35.2,37.5,17.9,75.4,Satisfactory
2024-03-10,Station_South,Summer,45.09,99.49,12.94,26.04,0.68,62.5,39.9,47.7,9.6,97.4,Satisfactory
2024-03-11,Station_South,Summer,17.95,46.76,28.67,27.56,0.88,45.05,42.4,49.1,13.2,45.4,Good
2024-03-12,Station_South,Summer,25.5,64.34,7.74,14.87,0.91,76.66,37.9,49.7,15.5,76.6,Satisfactory
2024-03-13,Station_South,Summer,53.28,98.1,21.64,7.57,0.32,53.2,37.8,40.0,10.8,97.3,Satisfactory
2024-03-14,Station_South,Summer,75.03,116.21,18.82,2.72,0.41,65.44,36.7,50.3,13.7,150.3,Moderate
2024-03-15,Station_South,Summer,13.61,47.68,6.52,7.12,1.21,48.56,38.3,40.6,15.2,61.5,Satisfactory
2024-03-16,Station_South,Summer,11.88,35.59,11.75,8.63,0.77,54.9,41.2,26.1,16.6,55.8,Satisfactory
2024-03-17,Station_South,Summer,21.36,66.69,9.53,20.96,0.6,21.51,33.9,51.0,14.1,63.5,Satisfactory
2024-03-18,Station_South,Summer,51.84,106.93,5.0,13.82,0.44,28.21,33.2,28.4,18.4,105.8,Moderate
2024-03-19,Station_South,Summer,52.38,101.65,42.3,21.38,0.27,96.3,38.9,39.0,12.0,101.5,Moderate
2024-03-20,Station_South,Summer,6.69,26.46,44.51,15.48,0.78,42.11,34.7,41.3,19.2,54.7,Satisfactory
2024-03-21,Station_South,Summer,84.99,171.47,34.59,9.43,1.55,69.1,33.8,47.0,10.2,182.2,Moderate
2024-03-22,Station_South,Summer,32.39,62.02,9.41,37.18,0.27,44.89,32.9,44.4,14.2,61.1,Satisfactory
2024-03-23,Station_South,Summer,50.04,108.38,21.33,28.02,0.18,48.31,36.7,43.8,10.8,108.0,Moderate
2024-03-24,Station_South,Summer,27.16,69.21,18.16,10.51,0.29,28.56,36.4,45.1,13.9,68.1,Satisfactory
2024-03-25,Station_South,Summer,35.97,85.65,24.7,20.59,0.77,45.15,36.1,30.0,13.4,85.4,Satisfactory
2024-03-26,Station_South,Summer,27.38,77.07,5.39,30.6,0.79,35.47,36.9,48.4,13.9,78.6,Satisfactory
2024-03-27,Station_South,Summer,53.51,105.06,71.11,22.16,1.26,44.38,38.2,43.6,10.6,101.9,Moderate
2024-03-28,Station_South,Summer,24.48,50.72,14.12,17.31,0.11,39.96,34.7,49.0,16.0,48.9,Good
2024-03-29,Station_South,Summer,47.4,84.04,97.27,40.33,1.31,119.43,38.2,38.5,13.2,130.9,Moderate
2024-03-30,Station_South,Summer,12.42,43.39,14.67,12.71,0.25,23.62,33.8,35.0,16.9,41.6,Good
2024-03-31,Station_South,Summer,15.36,42.4,32.87,27.86,1.01,52.5,37.8,35.8,11.3,55.7,Satisfactory
2024-04-01,Station_South,Summer,31.61,59.42,8.56,20.29,0.15,50.51,41.3,33.6,16.3,61.5,Satisfactory
2024-04-02,Station_South,Summer,44.17,94.27,23.11,48.76,0.38,63.06,36.1,28.7,12.5,96.0,Satisfactory
2024-04-03,Station_South,Summer,33.11,69.03,25.35,16.39,0.32,63.97,37.6,29.2,14.8,67.6,Satisfactory
2024-04-04,Station_South,Summer,64.76,122.25,44.4,45.93,0.7,52.41,32.6,23.9,12.4,117.6,Moderate
2024-04-05,Station_South,Summer,60.18,150.39,19.78,18.19,0.49,57.6,40.5,37.7,14.5,134.9,Moderate
2024-04-06,Station_South,Summer,27.31,69.96,25.15,12.0,0.87,60.62,38.6,53.9,14.7,72.7,Satisfactory
2024-04-07,Station_South,Summer,18.69,47.4,32.97,14.28,0.22,64.37,36.7,39.4,9.7,63.2,Satisfactory
2024-04-08,Station_South,Summer,14.57,33.26,21.74,11.8,1.75,48.54,32.9,51.0,14.6,86.7,Satisfactory
2024-04-09,Station_South,Summer,47.64,115.08,33.17,33.26,0.8,35.49,37.0,44.1,16.8,111.3,Moderate
2024-04-10,Station_South,Summer,8.64,24.75,5.0,9.96,0.31,41.56,36.3,43.1,22.9,42.0,Good
2024-04-11,Station_South,Summer,11.91,37.79,14.56,20.82,0.75,32.33,33.4,45.8,16.7,36.0,Good
2024-04-12,Station_South,Summer,26.79,67.94,22.71,28.33,0.65,59.56,41.0,36.6,10.7,67.8,Satisfactory
2024-04-13,Station_South,Summer,31.74,76.7,30.48,20.02,1.07,69.62,40.4,37.3,12.9,80.1,Satisfactory
2024-04-14,Station_South,Summer,8.22,30.62,13.95,8.68,0.27,52.81,37.7,24.1,16.5,55.8,Satisfactory
2024-04-15,Station_South,Summer,33.8,81.11,18.56,5.94,3.13,61.85,41.5,38.9,9.6,117.0,Moderate
2024-04-16,Station_South,Summer,18.16,49.17,29.36,11.59,0.67,58.1,40.5,29.9,15.0,58.8,Satisfactory
2024-04-17,Station_South,Summer,51.01,85.92,21.04,7.34,0.66,51.19,40.4,35.4,16.9,86.5,Satisfactory
2024-04-18,Station_South,Summer,27.72,74.81,24.65,12.36,0.86,50.14,40.0,30.9,15.5,73.1,Satisfactory
2024-04-19,Station_South,Summer,21.57,57.48,30.47,9.11,0.31,57.44,37.8,27.9,14.0,59.0,Satisfactory
2024-04-20,Station_South,Summer,18.01,42.91,27.04,14.07,1.72,28.99,33.9,41.3,15.2,86.4,Satisfactory
2024-04-21,Station_South,Summer,10.81,32.23,21.64,5.58,0.42,34.24,34.9,44.2,17.1,35.7,Good
2024-04-22,Station_South,Summer,25.88,70.38,18.19,10.17,0.95,61.78,36.1,47.3,12.8,69.9,Satisfactory
2024-04-23,Station_South,Summer,104.17,181.8,15.7,17.53,1.51,41.53,32.8,16.0,12.8,248.3,Poor
2024-04-24,Station_South,Summer,35.81,61.72,26.16,3.2,0.28,45.35,35.9,25.0,20.6,61.5,Satisfactory
2024-04-25,Station_South,Summer,34.04,72.0,25.09,10.4,1.11,56.48,33.4,45.0,15.4,71.8,Satisfactory
2024-04-26,Station_South,Summer,29.47,58.55,31.5,19.41,0.52,92.56,42.3,40.1,13.1,95.4,Satisfactory
2024-04-27,Station_South,Summer,26.59,68.55,17.58,40.0,0.71,21.96,37.2,54.3,11.4,70.6,Satisfactory
2024-04-28,Station_South,Summer,28.14,66.96,25.32,9.92,0.32,40.86,35.7,36.8,12.5,67.9,Satisfactory
2024-04-29,Station_South,Summer,14.8,34.37,5.0,13.41,0.14,37.11,29.0,49.7,16.4,37.9,Good
2024-04-30,Station_South,Summer,33.61,59.34,7.78,19.43,1.24,32.74,37.4,54.4,11.4,62.9,Satisfactory
2024-05-01,Station_South,Summer,19.31,53.87,13.3,11.82,0.17,58.43,33.2,42.8,21.3,57.9,Satisfactory
2024-05-02,Station_South,Summer,44.87,92.72,10.64,17.65,0.43,56.63,35.8,48.3,16.0,94.1,Satisfactory
2024-05-03,Station_South,Summer,50.13,105.77,12.44,32.5,0.78,32.28,30.9,41.9,13.5,104.3,Moderate
2024-05-04,Station_South,Summer,29.66,59.22,41.96,27.62,0.25,24.53,41.8,36.5,14.3,59.7,Satisfactory
2024-05-05,Station_South,Summer,45.1,84.61,30.79,22.2,0.98,85.97,38.1,42.7,11.8,87.6,Satisfactory
2024-05-06,Station_South,Summer,44.15,103.19,34.51,8.35,0.5,77.33,38.5,55.3,15.0,102.7,Moderate
2024-05-07,Station_South,Summer,9.88,40.75,21.91,11.72,0.42,21.56,36.9,44.5,15.8,41.9,Good
2024-05-08,Station_South,Summer,43.65,84.48,10.76,25.08,1.0,47.87,31.7,24.0,17.0,84.6,Satisfactory
2024-05-09,Station_South,Summer,27.89,69.37,18.8,17.98,1.22,51.5,34.4,58.1,16.2,68.6,Satisfactory
2024-05-10,Station_South,Summer,50.51,113.89,25.05,9.45,0.72,42.33,34.4,18.8,12.1,110.5,Moderate
2024-05-11,Station_South,Summer,6.42,24.45,39.71,12.83,0.4,35.55,31.6,40.6,18.0,47.3,Good
2024-05-12,Station_South,Summer,17.96,40.9,75.03,6.49,1.07,67.23,36.6,46.3,12.0,94.5,Satisfactory
2024-05-13,Station_South,Summer,45.24,92.32,36.88,52.44,0.91,37.25,38.7,36.6,12.9,95.6,Satisfactory
2024-05-14,Station_South,Summer,66.86,134.61,30.81,34.04,3.29,51.35,35.9,47.1,6.1,122.8,Moderate
2024-05-15,Station_South,Summer,17.58,45.17,17.96,14.2,0.64,50.43,35.3,34.3,14.1,52.4,Satisfactory
2024-05-16,Station_South,Summer,37.11,91.06,11.79,6.57,0.18,49.06,35.7,38.9,14.0,91.6,Satisfactory
2024-05-17,Station_South,Summer,21.46,54.85,5.99,8.52,1.94,40.36,29.3,40.7,15.0,95.8,Satisfactory
2024-05-18,Station_South,Summer,71.2,135.37,25.69,4.63,0.48,39.1,34.2,61.8,11.5,134.8,Moderate
2024-05-19,Station_South,Summer,27.45,56.97,33.91,18.63,0.92,64.43,38.2,49.8,12.8,64.9,Satisfactory
2024-05-20,Station_South,Summer,20.73,43.87,27.61,25.27,0.17,30.39,32.2,46.5,12.3,44.2,Good
2024-05-21,Station_South,Summer,78.84,147.28,11.9,26.25,0.91,15.86,30.7,34.1,16.3,165.0,Moderate
2024-05-22,Station_South,Summer,5.02,18.15,13.75,6.88,0.7,36.65,37.8,43.0,15.3,37.4,Good
2024-05-23,Station_South,Summer,33.46,70.32,23.62,10.47,0.61,28.23,34.0,46.6,14.6,70.5,Satisfactory
2024-05-24,Station_South,Summer,41.36,106.26,38.25,13.01,0.31,63.14,38.1,43.5,10.5,105.3,Moderate
2024-05-25,Station_South,Summer,75.0,144.73,42.36,18.64,0.88,34.63,36.4,45.8,11.4,149.9,Moderate
2024-05-26,Station_South,Summer,17.0,39.2,28.62,13.9,1.54,45.62,36.0,49.8,15.5,77.7,Satisfactory
2024-05-27,Station_South,Summer,14.06,34.87,48.96,4.52,0.52,89.82,42.9,31.7,14.1,92.8,Satisfactory
2024-05-28,Station_South,Summer,29.6,74.4,9.3,3.77,0.18,50.26,43.0,49.1,12.9,73.2,Satisfactory
2024-05-29,Station_South,Summer,35.69,75.73,28.79,29.41,1.08,42.43,39.3,33.7,12.5,76.3,Satisfactory
2024-05-30,Station_South,Summer,20.42,44.74,15.99,9.8,0.33,41.71,35.9,46.7,15.6,44.4,Good
2024-05-31,Station_South,Summer,49.39,84.83,46.29,9.41,1.19,48.7,31.6,39.6,6.1,83.2,Satisfactory
2024-06-01,Station_South,Monsoon,10.59,40.3,15.46,8.67,0.63,21.97,25.2,82.8,20.4,40.5,Good
2024-06-02,Station_South,Monsoon,10.33,20.06,11.78,17.48,0.35,28.37,26.1,81.9,23.3,29.5,Good
2024-06-03,Station_South,Monsoon,15.55,41.61,11.5,19.91,0.1,28.66,25.0,80.4,16.9,41.9,Good
2024-06-04,Station_South,Monsoon,14.63,49.12,16.06,20.68,0.57,33.21,29.8,82.6,17.3,48.3,Good
2024-06-05,Station_South,Monsoon,8.71,32.78,45.99,5.72,1.59,51.18,31.3,79.0,11.6,79.0,Satisfactory
2024-06-06,Station_South,Monsoon,7.03,17.29,13.91,9.46,0.85,42.76,33.4,87.7,17.2,39.6,Good
2024-06-07,Station_South,Monsoon,22.29,56.88,9.44,12.98,0.48,20.24,25.2,90.4,15.8,59.0,Satisfactory
2024-06-08,Station_South,Monsoon,15.73,45.35,9.33,12.53,1.03,16.97,32.5,76.6,17.6,51.6,Satisfactory
2024-06-09,Station_South,Monsoon,5.62,15.53,20.01,4.05,0.67,7.76,30.4,73.0,20.8,35.2,Good
2024-06-10,Station_South,Monsoon,7.67,25.09,6.15,43.02,0.33,23.17,28.4,85.5,21.3,54.8,Satisfactory
2024-06-11,Station_South,Monsoon,28.11,59.55,28.87,14.19,0.16,37.78,29.2,93.7,12.3,62.5,Satisfactory
2024-06-12,Station_South,Monsoon,11.93,34.57,21.52,23.44,0.91,38.61,31.2,76.2,17.1,45.1,Good
2024-06-13,Station_South,Monsoon,6.03,35.82,21.84,16.47,0.44,18.26,29.5,74.6,13.6,33.3,Good
2024-06-14,Station_South,Monsoon,11.32,32.07,54.89,8.69,1.67,23.77,25.9,85.2,13.8,83.5,Satisfactory
2024-06-15,Station_South,Monsoon,8.12,34.59,11.17,20.35,0.18,11.87,29.2,88.8,19.4,31.3,Good
2024-06-16,Station_South,Monsoon,19.17,56.04,16.7,10.62,0.15,21.55,27.5,89.5,12.4,57.4,Satisfactory
2024-06-17,Station_South,Monsoon,17.16,47.95,11.79,9.35,1.15,20.36,29.0,85.6,16.8,59.2,Satisfactory
2024-06-18,Station_South,Monsoon,10.06,32.6,37.57,10.38,2.03,40.47,28.4,80.9,15.3,100.1,Moderate
2024-06-19,Station_South,Monsoon,5.0,21.11,7.62,8.93,0.61,23.92,26.5,72.3,15.7,29.6,Good
2024-06-20,Station_South,Monsoon,8.99,25.93,33.52,32.85,0.92,58.66,36.3,89.6,15.4,59.5,Satisfactory
2024-06-21,Station_South,Monsoon,5.0,25.42,24.2,27.1,0.7,25.46,30.3,64.1,20.6,34.2,Good
2024-06-22,Station_South,Monsoon,12.27,44.79,27.63,10.64,0.87,20.55,24.4,74.9,17.3,46.9,Good
2024-06-23,Station_South,Monsoon,47.21,91.41,36.99,7.38,0.47,20.69,30.0,84.0,16.7,91.4,Satisfactory
2024-06-24,Station_South,Monsoon,6.63,33.48,20.74,23.1,0.83,25.53,31.2,82.1,17.5,42.1,Good
2024-06-25,Station_South,Monsoon,18.92,58.26,12.75,2.19,1.18,36.98,30.0,73.6,17.0,57.0,Satisfactory
2024-06-26,Station_South,Monsoon,22.15,50.89,20.17,11.71,0.39,49.85,32.3,76.9,12.3,52.2,Satisfactory
2024-06-27,Station_South,Monsoon,16.1,43.38,16.72,29.23,0.83,18.84,27.4,73.7,20.8,43.7,Good
2024-06-28,Station_South,Monsoon,15.64,36.69,30.4,17.85,0.28,29.08,31.3,90.2,14.7,39.7,Good
2024-06-29,Station_South,Monsoon,8.12,39.95,10.67,10.0,1.46,24.37,28.5,83.5,15.5,72.8,Satisfactory
2024-06-30,Station_South,Monsoon,5.36,22.1,20.36,21.54,0.58,19.66,25.6,67.3,16.0,29.3,Good
2024-07-01,Station_South,Monsoon,24.9,58.95,42.93,10.77,1.32,9.12,22.0,74.9,11.0,68.3,Satisfactory
2024-07-02,Station_South,Monsoon,7.83,28.76,19.59,20.0,0.21,37.92,27.2,67.1,13.9,39.0,Good
2024-07-03,Station_South,Monsoon,17.27,48.4,24.88,11.3,0.99,26.77,31.3,73.8,18.4,49.1,Good
2024-07-04,Station_South,Monsoon,16.67,43.01,27.15,23.61,0.61,8.45,25.2,88.4,12.0,43.4,Good
2024-07-05,Station_South,Monsoon,7.1,32.52,25.58,8.6,0.21,31.2,26.2,85.4,18.4,34.4,Good
2024-07-06,Station_South,Monsoon,6.47,29.74,40.2,7.19,0.84,21.87,25.4,74.9,15.2,48.1,Good
2024-07-07,Station_South,Monsoon,13.33,35.86,22.76,25.32,0.56,16.86,19.2,84.5,16.3,37.5,Good
2024-07-08,Station_South,Monsoon,14.45,31.87,47.83,37.14,0.58,59.94,32.0,70.3,13.9,61.4,Satisfactory
2024-07-09,Station_South,Monsoon,5.0,29.29,12.44,13.93,0.79,57.09,33.5,93.7,19.5,57.0,Satisfactory
2024-07-10,Station_South,Monsoon,23.33,58.76,10.49,25.53,1.01,13.91,21.3,64.5,12.5,59.0,Satisfactory
2024-07-11,Station_South,Monsoon,16.27,42.33,10.86,9.34,0.34,21.38,28.2,75.6,20.0,43.3,Good
2024-07-12,Station_South,Monsoon,15.57,51.5,15.59,4.53,0.56,26.98,27.0,79.4,16.1,52.5,Satisfactory
2024-07-13,Station_South,Monsoon,5.0,31.01,5.0,13.09,0.94,29.74,29.1,79.9,20.4,48.2,Good
2024-07-14,Station_South,Monsoon,21.32,60.5,23.01,28.3,0.66,22.55,30.4,83.4,17.8,58.9,Satisfactory
2024-07-15,Station_South,Monsoon,14.53,32.1,18.45,7.43,0.3,28.83,34.2,79.1,14.9,31.1,Good
2024-07-16,Station_South,Monsoon,11.08,35.43,25.5,14.53,0.19,24.16,23.8,87.8,20.4,34.8,Good
2024-07-17,Station_South,Monsoon,5.0,23.92,5.0,9.89,0.22,19.44,25.7,68.2,18.5,24.2,Good
2024-07-18,Station_South,Monsoon,28.87,63.47,16.86,15.93,1.87,5.0,25.3,81.9,11.9,94.7,Satisfactory
2024-07-19,Station_South,Monsoon,13.43,37.96,21.5,18.92,1.2,20.32,29.0,81.4,12.0,60.3,Satisfactory
2024-07-20,Station_South,Monsoon,11.61,34.07,21.01,11.37,1.19,21.5,24.5,86.5,13.8,60.6,Satisfactory
2024-07-21,Station_South,Monsoon,5.45,17.77,14.49,13.67,0.66,24.54,25.4,90.2,23.0,33.9,Good
2024-07-22,Station_South,Monsoon,9.53,29.46,19.26,13.92,0.58,9.08,22.5,98.0,15.3,29.6,Good
2024-07-23,Station_South,Monsoon,5.0,26.02,19.21,20.64,0.22,33.77,27.3,90.9,19.9,31.0,Good
2024-07-24,Station_South,Monsoon,13.99,39.25,17.55,25.56,1.03,16.96,23.0,90.8,18.6,51.3,Satisfactory
2024-07-25,Station_South,Monsoon,20.48,44.09,5.49,17.8,0.39,39.13,29.5,72.0,14.0,43.7,Good
2024-07-26,Station_South,Monsoon,6.85,28.18,26.42,14.65,0.51,30.9,28.2,75.7,17.4,31.9,Good
2024-07-27,Station_South,Monsoon,7.38,32.19,6.74,32.33,0.46,31.5,31.0,88.0,17.5,41.5,Good
2024-07-28,Station_South,Monsoon,5.76,29.22,16.91,14.6,0.77,21.38,23.9,77.0,19.1,37.2,Good
2024-07-29,Station_South,Monsoon,13.95,40.9,17.67,40.32,0.48,18.1,27.5,93.0,14.9,50.6,Satisfactory
2024-07-30,Station_South,Monsoon,13.04,39.32,35.0,30.56,0.39,17.78,27.3,83.6,16.2,44.9,Good
2024-07-31,Station_South,Monsoon,6.82,33.15,46.8,26.45,0.26,21.86,25.4,77.0,18.3,59.1,Satisfactory
2024-08-01,Station_South,Monsoon,8.71,32.13,29.26,17.8,0.21,21.61,25.2,95.8,20.7,37.0,Good
2024-08-02,Station_South,Monsoon,15.75,43.3,5.0,4.32,0.78,35.86,34.3,81.2,20.0,47.3,Good
2024-08-03,Station_South,Monsoon,15.63,53.15,82.98,8.28,0.39,29.0,28.9,85.9,11.6,104.4,Moderate
2024-08-04,Station_South,Monsoon,11.41,44.48,18.04,6.38,0.67,27.6,30.9,85.2,15.6,44.7,Good
2024-08-05,Station_South,Monsoon,13.19,42.29,26.15,6.58,0.7,30.22,35.5,77.9,11.8,42.2,Good
2024-08-06,Station_South,Monsoon,18.9,67.55,18.74,23.88,1.81,28.98,29.4,77.3,11.6,91.1,Satisfactory
2024-08-07,Station_South,Monsoon,10.13,25.51,14.48,6.6,0.41,7.77,20.8,73.7,19.8,25.5,Good
2024-08-08,Station_South,Monsoon,8.24,39.26,9.53,12.93,0.58,8.93,23.9,83.1,17.4,40.0,Good
2024-08-09,Station_South,Monsoon,8.92,29.57,14.38,13.46,0.6,17.45,29.6,76.6,19.9,30.0,Good
2024-08-10,Station_South,Monsoon,7.45,25.14,16.53,10.51,0.36,32.44,29.7,82.3,17.1,33.3,Good
2024-08-11,Station_South,Monsoon,19.6,59.04,45.7,15.54,0.44,30.84,26.9,80.6,12.0,57.4,Satisfactory
2024-08-12,Station_South,Monsoon,5.0,25.85,5.16,14.38,0.98,19.51,28.3,94.1,15.9,47.9,Good
2024-08-13,Station_South,Monsoon,34.02,86.67,30.09,18.66,0.52,36.45,33.0,83.7,11.8,87.2,Satisfactory
2024-08-14,Station_South,Monsoon,9.16,32.02,9.58,23.11,0.81,9.43,27.9,98.0,14.0,40.4,Good
2024-08-15,Station_South,Monsoon,6.58,20.59,14.37,7.08,1.23,13.61,25.8,89.1,15.4,61.6,Satisfactory
2024-08-16,Station_South,Monsoon,8.83,32.93,14.38,8.2,0.44,16.45,26.8,83.1,18.1,31.8,Good
2024-08-17,Station_South,Monsoon,18.61,42.57,29.88,24.0,0.11,14.65,25.3,88.5,17.3,45.9,Good
2024-08-18,Station_South,Monsoon,14.26,49.98,11.02,12.34,1.49,8.21,22.1,73.3,18.3,73.7,Satisfactory
2024-08-19,Station_South,Monsoon,22.09,49.82,5.0,21.23,0.21,43.38,30.2,77.7,19.0,48.3,Good
2024-08-20,Station_South,Monsoon,45.94,114.31,12.11,33.43,0.37,15.81,25.5,84.8,8.7,111.1,Moderate
2024-08-21,Station_South,Monsoon,10.56,35.43,15.55,26.35,0.42,35.5,30.1,91.3,18.3,36.0,Good
2024-08-22,Station_South,Monsoon,24.09,52.14,10.61,10.13,0.75,22.06,29.2,72.6,12.9,54.3,Satisfactory
2024-08-23,Station_South,Monsoon,8.57,25.56,12.09,39.13,0.17,29.4,32.7,86.0,14.3,50.8,Satisfactory
2024-08-24,Station_South,Monsoon,20.79,63.49,8.21,12.08,0.31,26.87,24.9,89.9,20.6,62.6,Satisfactory
2024-08-25,Station_South,Monsoon,26.58,76.06,22.01,60.32,0.52,26.97,25.7,94.0,11.3,76.0,Satisfactory
2024-08-26,Station_South,Monsoon,37.19,97.28,32.9,7.81,0.47,16.37,25.2,76.1,14.3,97.2,Satisfactory
2024-08-27,Station_South,Monsoon,5.94,23.78,24.95,18.13,0.8,41.25,27.9,87.4,10.7,42.1,Good
2024-08-28,Station_South,Monsoon,5.0,22.76,7.37,4.91,0.66,31.86,29.0,83.9,16.9,33.4,Good
2024-08-29,Station_South,Monsoon,13.04,42.33,5.0,9.84,0.64,29.26,27.0,69.7,15.8,44.0,Good
2024-08-30,Station_South,Monsoon,20.85,56.44,29.82,10.95,0.15,16.96,29.2,80.3,14.2,57.0,Satisfactory
2024-08-31,Station_South,Monsoon,27.6,60.08,55.3,13.91,0.2,28.68,30.9,71.4,14.2,69.7,Satisfactory
2024-09-01,Station_South,Monsoon,15.48,35.83,6.19,25.28,0.11,5.0,27.0,79.8,17.1,35.5,Good
2024-09-02,Station_South,Monsoon,9.02,27.67,18.66,2.0,0.31,29.01,27.0,79.6,15.2,29.1,Good
2024-09-03,Station_South,Monsoon,9.9,24.93,12.11,25.39,0.59,20.13,23.1,68.7,14.7,31.1,Good
2024-09-04,Station_South,Monsoon,14.65,46.02,16.4,25.27,0.23,19.83,28.8,76.7,17.3,45.9,Good
2024-09-05,Station_South,Monsoon,23.33,51.37,15.57,24.06,0.11,23.07,26.5,84.1,14.8,53.2,Satisfactory
2024-09-06,Station_South,Monsoon,5.0,32.08,36.18,8.91,0.82,14.29,23.2,78.1,16.4,45.4,Good
2024-09-07,Station_South,Monsoon,30.88,82.38,19.14,17.73,0.65,29.31,29.9,89.9,11.8,81.9,Satisfactory
2024-09-08,Station_South,Monsoon,33.85,80.82,23.43,36.74,1.26,22.22,29.2,86.1,11.1,78.9,Satisfactory
2024-09-09,Station_South,Monsoon,9.66,35.1,19.93,7.72,0.91,30.93,29.7,84.6,12.5,46.1,Good
2024-09-10,Station_South,Monsoon,32.34,73.14,5.0,12.75,0.58,30.41,36.4,62.9,17.2,73.8,Satisfactory
2024-09-11,Station_South,Monsoon,24.26,53.64,14.79,10.58,0.63,27.24,27.2,85.5,19.0,54.2,Satisfactory
2024-09-12,Station_South,Monsoon,7.38,29.14,21.7,43.45,0.76,56.31,34.0,75.1,16.7,58.3,Satisfactory
2024-09-13,Station_South,Monsoon,22.91,53.21,13.83,19.67,0.17,21.85,26.5,71.9,15.9,54.5,Satisfactory
2024-09-14,Station_South,Monsoon,5.0,19.23,41.81,21.55,1.42,44.89,27.6,76.9,22.3,72.5,Satisfactory
2024-09-15,Station_South,Monsoon,6.99,26.6,5.0,13.84,0.7,29.31,27.2,85.8,19.3,33.3,Good
2024-09-16,Station_South,Monsoon,14.07,36.33,17.84,9.37,1.64,26.59,29.1,86.8,13.4,81.4,Satisfactory
2024-09-17,Station_South,Monsoon,24.57,47.93,18.61,28.51,0.98,18.89,28.5,69.7,10.8,52.0,Satisfactory
2024-09-18,Station_South,Monsoon,11.63,31.97,41.14,2.0,0.57,23.33,27.0,89.3,16.9,50.0,Good
2024-09-19,Station_South,Monsoon,13.45,35.06,14.33,11.73,0.19,18.14,23.8,75.4,16.9,33.9,Good
2024-09-20,Station_South,Monsoon,25.18,62.97,58.14,26.59,0.29,17.13,24.2,86.8,14.0,72.4,Satisfactory
2024-09-21,Station_South,Monsoon,7.16,32.66,7.18,20.1,0.7,46.65,34.9,88.3,21.4,47.5,Good
2024-09-22,Station_South,Monsoon,8.84,33.33,24.41,6.6,1.36,23.04,23.8,91.3,16.8,71.6,Satisfactory
2024-09-23,Station_South,Monsoon,14.6,47.39,22.23,12.97,0.82,6.55,20.0,88.3,18.1,47.3,Good
2024-09-24,Station_South,Monsoon,10.85,38.5,28.06,15.38,0.29,10.77,27.5,85.9,17.6,39.8,Good
2024-09-25,Station_South,Monsoon,13.17,34.38,8.48,10.16,1.65,26.62,30.4,70.6,17.8,81.9,Satisfactory
2024-09-26,Station_South,Monsoon,11.68,33.96,34.16,30.75,0.34,8.6,28.4,70.1,14.2,40.7,Good
2024-09-27,Station_South,Monsoon,12.21,28.47,8.66,25.79,0.47,31.89,33.7,88.9,20.3,34.8,Good
2024-09-28,Station_South,Monsoon,14.92,38.02,25.1,11.03,0.32,28.92,26.4,82.2,20.1,38.9,Good
2024-09-29,Station_South,Monsoon,12.33,39.71,17.86,6.52,0.87,15.88,25.7,93.3,19.0,43.4,Good
2024-09-30,Station_South,Monsoon,6.98,28.89,19.26,11.07,0.81,7.47,22.7,90.9,14.5,41.1,Good
2024-10-01,Station_South,Post-Monsoon,93.16,201.45,87.03,4.95,0.44,25.29,21.8,64.0,7.1,212.9,Poor
2024-10-02,Station_South,Post-Monsoon,66.37,157.39,26.0,8.94,0.39,8.41,23.1,75.5,6.7,140.1,Moderate
2024-10-03,Station_South,Post-Monsoon,51.0,123.01,55.78,30.73,0.43,26.01,24.9,62.2,7.2,117.4,Moderate
2024-10-04,Station_South,Post-Monsoon,59.48,130.54,29.96,2.48,0.32,6.55,24.8,50.2,10.2,122.1,Moderate
2024-10-05,Station_South,Post-Monsoon,157.19,311.44,14.18,22.33,0.12,16.44,24.1,44.5,11.1,329.2,Very Poor
2024-10-06,Station_South,Post-Monsoon,64.36,124.09,12.17,10.26,0.91,9.57,21.6,54.8,8.1,118.4,Moderate
2024-10-07,Station_South,Post-Monsoon,37.2,73.77,36.27,14.47,0.31,17.87,22.6,50.7,9.4,74.6,Satisfactory
2024-10-08,Station_South,Post-Monsoon,59.64,125.49,14.63,20.58,1.97,5.0,20.6,55.4,9.6,117.0,Moderate
2024-10-09,Station_South,Post-Monsoon,106.43,253.39,24.13,29.73,1.46,6.37,18.2,70.8,8.0,254.4,Poor
2024-10-10,Station_South,Post-Monsoon,68.49,144.02,47.68,23.93,1.06,38.13,26.5,42.3,10.6,131.4,Moderate
2024-10-11,Station_South,Post-Monsoon,31.34,64.83,24.18,12.35,0.74,25.97,27.3,64.6,10.1,65.2,Satisfactory
2024-10-12,Station_South,Post-Monsoon,74.97,176.48,34.96,15.09,0.29,5.0,17.5,60.5,8.0,151.5,Moderate
2024-10-13,Station_South,Post-Monsoon,108.35,216.92,48.93,5.99,1.23,19.64,24.6,47.2,6.1,260.0,Poor
2024-10-14,Station_South,Post-Monsoon,28.23,66.1,25.61,14.81,0.98,21.83,26.2,53.8,9.2,66.8,Satisfactory
2024-10-15,Station_South,Post-Monsoon,58.01,133.76,9.9,35.35,0.89,14.69,23.5,52.7,13.6,122.5,Moderate
2024-10-16,Station_South,Post-Monsoon,221.29,481.0,41.71,17.15,2.43,22.86,21.6,60.6,5.9,431.8,Severe
2024-10-17,Station_South,Post-Monsoon,33.96,78.0,12.14,8.32,1.69,14.08,23.0,56.0,6.7,86.0,Satisfactory
2024-10-18,Station_South,Post-Monsoon,110.14,245.92,98.54,19.17,3.56,20.27,19.5,49.5,3.0,266.0,Poor
2024-10-19,Station_South,Post-Monsoon,190.47,323.71,76.74,36.61,0.59,19.58,21.2,57.6,11.3,355.5,Very Poor
2024-10-20,Station_South,Post-Monsoon,76.36,156.1,26.28,12.42,0.75,5.51,18.0,52.5,8.1,155.0,Moderate
2024-10-21,Station_South,Post-Monsoon,58.42,110.19,55.07,22.25,2.11,33.16,25.5,62.2,12.4,107.5,Moderate
2024-10-22,Station_South,Post-Monsoon,124.19,247.97,61.63,6.88,2.09,7.62,18.1,60.0,4.5,304.2,Very Poor
2024-10-23,Station_South,Post-Monsoon,55.89,128.8,43.74,22.16,0.55,19.93,22.6,55.3,2.6,120.1,Moderate
2024-10-24,Station_South,Post-Monsoon,61.03,123.4,30.27,8.26,1.04,17.38,19.7,54.4,9.2,118.7,Moderate
2024-10-25,Station_South,Post-Monsoon,34.12,59.43,43.51,3.49,0.66,15.46,20.6,49.0,6.0,57.0,Satisfactory
2024-10-26,Station_South,Post-Monsoon,97.4,191.54,48.68,16.26,0.34,17.21,24.1,59.4,10.8,224.2,Poor
2024-10-27,Station_South,Post-Monsoon,72.63,146.04,28.89,15.48,1.31,25.82,24.0,49.3,6.2,143.4,Moderate
2024-10-28,Station_South,Post-Monsoon,31.26,50.77,42.9,4.5,0.19,12.98,20.1,40.9,7.1,55.7,Satisfactory
2024-10-29,Station_South,Post-Monsoon,48.72,89.4,25.16,53.25,0.49,29.17,25.7,55.9,9.9,89.8,Satisfactory
2024-10-30,Station_South,Post-Monsoon,100.72,179.02,10.87,21.17,1.09,5.0,17.1,67.7,7.1,238.1,Poor
2024-10-31,Station_South,Post-Monsoon,119.61,230.9,37.45,5.83,2.65,7.46,19.1,63.0,11.0,298.7,Poor
2024-11-01,Station_South,Post-Monsoon,49.3,108.9,26.62,24.26,0.57,8.62,18.9,56.9,10.9,106.2,Moderate
2024-11-02,Station_South,Post-Monsoon,20.44,57.57,94.45,10.03,1.59,44.85,31.9,64.8,4.1,115.4,Moderate
2024-11-03,Station_South,Post-Monsoon,58.77,108.5,60.6,9.75,2.22,22.46,26.2,48.9,9.5,109.5,Moderate
2024-11-04,Station_South,Post-Monsoon,37.48,92.0,75.27,24.58,0.44,55.65,32.4,61.1,8.7,96.8,Satisfactory
2024-11-05,Station_South,Post-Monsoon,72.9,165.27,5.0,7.81,0.48,11.81,19.4,53.9,12.6,143.0,Moderate
2024-11-06,Station_South,Post-Monsoon,45.5,107.54,13.53,14.89,0.47,18.68,21.9,48.3,13.7,108.0,Moderate
2024-11-07,Station_South,Post-Monsoon,73.88,152.14,15.48,19.63,0.64,33.92,26.5,44.3,12.3,146.6,Moderate
2024-11-08,Station_South,Post-Monsoon,54.53,114.28,31.7,5.79,0.59,19.02,22.0,52.1,10.4,107.1,Moderate
2024-11-09,Station_South,Post-Monsoon,25.38,74.6,32.64,54.79,1.05,22.01,21.4,49.2,12.1,76.0,Satisfactory
2024-11-10,Station_South,Post-Monsoon,65.04,112.17,18.74,14.39,1.37,19.1,24.2,51.2,7.8,114.8,Moderate
2024-11-11,Station_South,Post-Monsoon,122.8,213.15,96.75,13.81,1.25,5.0,17.2,59.8,3.1,303.8,Very Poor
2024-11-12,Station_South,Post-Monsoon,41.82,96.98,35.67,20.2,0.62,40.98,26.6,50.4,6.6,96.5,Satisfactory
2024-11-13,Station_South,Post-Monsoon,68.64,119.45,18.72,14.98,0.42,30.54,23.1,56.9,9.9,127.7,Moderate
2024-11-14,Station_South,Post-Monsoon,76.96,136.35,55.12,26.32,1.69,30.12,23.5,55.5,6.9,156.3,Moderate
2024-11-15,Station_South,Post-Monsoon,49.01,88.24,20.34,23.27,1.48,9.38,27.8,51.9,5.9,89.4,Satisfactory
2024-11-16,Station_South,Post-Monsoon,214.64,447.11,16.94,18.85,3.05,18.7,23.4,43.0,5.3,411.3,Severe
2024-11-17,Station_South,Post-Monsoon,80.7,153.99,161.84,19.1,1.18,20.63,20.7,59.6,4.0,182.6,Moderate
2024-11-18,Station_South,Post-Monsoon,55.47,112.89,29.39,33.23,0.35,50.3,29.4,45.5,10.2,108.1,Moderate
2024-11-19,Station_South,Post-Monsoon,142.3,241.75,32.23,10.48,0.89,18.9,23.7,51.4,7.2,317.2,Very Poor
2024-11-20,Station_South,Post-Monsoon,60.41,110.79,139.31,21.25,0.34,64.9,29.5,52.2,5.8,158.4,Moderate
2024-11-21,Station_South,Post-Monsoon,89.57,174.73,62.57,35.97,0.57,42.55,29.9,42.1,9.6,198.7,Moderate
2024-11-22,Station_South,Post-Monsoon,107.74,238.28,21.36,2.0,0.63,14.02,19.9,51.6,11.0,258.7,Poor
2024-11-23,Station_South,Post-Monsoon,196.5,418.06,61.38,21.07,2.13,18.05,30.5,49.0,8.1,382.3,Very Poor
2024-11-24,Station_South,Post-Monsoon,40.1,87.46,49.53,10.61,0.5,8.46,21.2,67.5,11.0,85.8,Satisfactory
2024-11-25,Station_South,Post-Monsoon,53.78,115.12,21.99,28.18,2.35,32.5,26.0,42.3,12.8,110.3,Moderate
2024-11-26,Station_South,Post-Monsoon,86.12,151.01,36.3,22.74,0.78,23.99,22.3,57.6,8.0,186.8,Moderate
2024-11-27,Station_South,Post-Monsoon,29.94,65.83,69.3,11.85,3.44,15.7,22.2,45.8,4.8,119.2,Moderate
2024-11-28,Station_South,Post-Monsoon,52.33,101.75,29.84,13.45,0.87,18.1,21.3,61.0,9.3,101.3,Moderate
2024-11-29,Station_South,Post-Monsoon,75.29,171.17,45.67,12.63,0.82,9.64,26.7,67.2,13.2,150.9,Moderate
2024-11-30,Station_South,Post-Monsoon,81.88,161.03,26.25,22.55,0.74,6.98,17.4,68.8,7.7,168.8,Moderate
2024-12-01,Station_South,Winter,198.63,364.43,106.6,13.44,2.25,7.94,15.9,75.3,1.5,362.0,Very Poor
2024-12-02,Station_South,Winter,60.54,112.6,31.9,10.32,0.31,5.53,15.3,65.1,7.6,111.5,Moderate
2024-12-03,Station_South,Winter,83.92,161.59,18.82,42.09,0.58,5.0,13.8,60.5,9.0,179.7,Moderate
2024-12-04,Station_South,Winter,70.58,127.43,32.07,16.3,2.32,8.01,12.2,65.0,10.5,139.1,Moderate
2024-12-05,Station_South,Winter,71.91,118.22,44.54,3.35,0.66,5.0,16.7,62.9,3.7,138.5,Moderate
2024-12-06,Station_South,Winter,136.68,273.74,62.58,7.1,0.18,7.26,14.7,58.9,5.4,315.4,Very Poor
2024-12-07,Station_South,Winter,136.39,292.83,16.26,3.61,2.47,7.02,8.4,57.9,7.4,312.7,Very Poor
2024-12-08,Station_South,Winter,175.47,349.46,48.4,6.42,3.65,7.75,17.5,52.3,3.5,342.6,Very Poor
2024-12-09,Station_South,Winter,139.29,249.23,17.31,6.88,2.67,5.0,15.4,74.4,5.8,315.6,Very Poor
2024-12-10,Station_South,Winter,105.92,215.23,49.78,7.52,0.32,6.99,18.9,80.3,7.8,254.1,Poor
2024-12-11,Station_South,Winter,30.01,60.53,108.62,28.0,0.54,9.07,15.1,77.7,6.9,129.6,Moderate
2024-12-12,Station_South,Winter,46.99,115.93,23.39,15.6,1.72,5.04,13.0,56.7,12.4,109.0,Moderate
2024-12-13,Station_South,Winter,36.75,74.94,44.06,32.34,2.15,11.8,19.4,67.0,3.5,102.7,Moderate
2024-12-14,Station_South,Winter,54.94,122.91,68.51,16.83,0.57,5.0,15.9,71.2,8.7,114.4,Moderate
2024-12-15,Station_South,Winter,70.73,169.82,19.21,7.68,0.47,5.39,13.2,57.0,12.0,146.7,Moderate
2024-12-16,Station_South,Winter,37.67,74.55,50.57,13.16,1.51,5.0,14.0,77.2,8.7,76.1,Satisfactory
2024-12-17,Station_South,Winter,92.23,173.3,17.1,13.61,0.21,5.0,10.0,49.9,7.7,206.3,Poor
2024-12-18,Station_South,Winter,122.04,265.84,26.05,6.7,0.6,5.64,15.1,64.7,8.4,299.3,Poor
2024-12-19,Station_South,Winter,132.93,300.46,82.51,21.57,2.38,8.77,15.5,70.2,1.6,308.3,Very Poor
2024-12-20,Station_South,Winter,217.06,347.96,71.17,27.17,0.83,6.08,14.0,65.9,6.1,373.8,Very Poor
2024-12-21,Station_South,Winter,117.11,186.48,25.9,9.07,0.73,8.62,14.3,66.6,9.4,291.3,Poor
2024-12-22,Station_South,Winter,153.39,304.9,37.46,3.58,0.8,7.39,14.2,52.5,7.1,326.8,Very Poor
2024-12-23,Station_South,Winter,62.56,101.97,7.76,9.65,0.53,5.68,10.9,65.5,10.9,112.4,Moderate
2024-12-24,Station_South,Winter,115.65,227.03,25.71,9.7,1.03,8.92,8.4,67.5,5.7,284.8,Poor
2024-12-25,Station_South,Winter,110.37,194.29,37.9,14.24,1.21,5.32,15.5,66.2,8.1,269.0,Poor
2024-12-26,Station_South,Winter,110.02,196.26,68.73,12.67,2.91,5.0,15.1,69.5,8.6,266.2,Poor
2024-12-27,Station_South,Winter,247.1,395.04,143.95,23.28,2.37,5.0,17.1,61.5,1.5,397.4,Very Poor
2024-12-28,Station_South,Winter,18.48,44.14,19.55,3.89,0.31,5.09,17.2,54.4,9.5,42.6,Good
2024-12-29,Station_South,Winter,112.44,196.43,48.22,11.12,0.93,8.26,18.0,78.5,6.3,275.0,Poor
2024-12-30,Station_South,Winter,89.62,208.65,86.93,43.79,0.94,6.63,9.3,61.1,5.9,199.4,Moderate
2023-01-01,Station_East,Winter,50.69,113.18,46.66,37.1,1.51,5.9,7.2,58.4,8.8,109.6,Moderate
2023-01-02,Station_East,Winter,67.57,145.32,35.34,16.0,0.95,5.3,15.8,51.9,8.9,131.2,Moderate
2023-01-03,Station_East,Winter,269.75,496.16,56.03,25.61,2.38,5.0,14.3,52.1,6.0,437.4,Severe
2023-01-04,Station_East,Winter,121.07,243.89,52.8,25.86,1.03,6.63,13.9,48.1,10.0,303.7,Very Poor
2023-01-05,Station_East,Winter,66.2,145.02,35.72,25.4,0.43,6.18,16.6,52.9,6.4,128.5,Moderate
2023-01-06,Station_East,Winter,195.63,369.98,23.73,12.55,1.61,5.95,18.9,60.8,5.9,358.1,Very Poor
2023-01-07,Station_East,Winter,192.02,331.32,29.21,26.24,1.14,6.49,5.5,60.3,4.9,356.8,Very Poor
2023-01-08,Station_East,Winter,217.76,421.14,22.61,14.63,1.9,7.03,17.6,55.7,8.6,387.2,Very Poor
2023-01-09,Station_East,Winter,376.57,600.0,36.63,12.29,4.06,5.0,14.9,57.5,1.9,500.0,Severe
2023-01-10,Station_East,Winter,155.11,298.52,104.32,20.27,4.82,7.42,14.4,52.5,2.1,327.8,Very Poor
2023-01-11,Station_East,Winter,194.83,379.11,11.67,16.92,2.05,5.34,11.4,60.5,11.1,358.4,Very Poor
2023-01-12,Station_East,Winter,35.11,76.84,36.33,9.4,2.17,5.0,11.4,56.4,5.3,101.7,Moderate
2023-01-13,Station_East,Winter,53.06,99.2,5.0,65.78,0.16,6.9,9.6,62.8,11.7,95.7,Satisfactory
2023-01-14,Station_East,Winter,191.51,371.26,24.56,15.74,0.94,5.0,15.0,71.7,9.0,354.1,Very Poor
2023-01-15,Station_East,Winter,227.67,510.88,20.74,11.87,0.96,7.18,16.3,53.8,6.4,448.7,Severe
2023-01-16,Station_East,Winter,106.94,191.86,29.47,13.6,0.28,20.66,22.6,69.3,8.7,258.9,Poor
2023-01-17,Station_East,Winter,50.26,85.4,37.44,12.07,0.64,7.5,13.1,59.8,8.0,85.3,Satisfactory
2023-01-18,Station_East,Winter,125.9,256.06,57.47,12.55,0.83,6.01,9.4,76.4,7.8,306.2,Very Poor
2023-01-19,Station_East,Winter,363.42,600.0,157.83,14.19,3.25,16.01,20.4,61.9,1.5,500.0,Severe
2023-01-20,Station_East,Winter,63.71,120.49,39.97,6.34,2.01,8.34,18.4,65.1,7.2,114.6,Moderate
2023-01-21,Station_East,Winter,99.71,157.89,19.68,15.37,0.75,5.08,13.1,68.8,7.1,235.0,Poor
2023-01-22,Station_East,Winter,47.78,118.33,5.0,18.34,0.71,5.0,13.2,58.6,10.4,115.3,Moderate
2023-01-23,Station_East,Winter,52.73,132.44,39.09,2.0,1.26,6.16,15.4,70.0,6.0,122.9,Moderate
2023-01-24,Station_East,Winter,58.39,114.57,11.77,18.32,0.65,5.0,17.9,59.0,12.0,110.2,Moderate
2023-01-25,Station_East,Winter,163.02,334.01,46.91,27.18,2.75,5.0,13.2,70.4,6.8,333.9,Very Poor
2023-01-26,Station_East,Winter,90.59,201.23,16.06,25.81,1.02,8.14,20.5,65.0,10.6,202.0,Poor
2023-01-27,Station_East,Winter,20.01,51.11,26.18,27.5,0.66,5.0,19.1,74.3,7.6,51.8,Satisfactory
2023-01-28,Station_East,Winter,55.12,132.87,15.62,2.0,0.49,5.0,15.2,70.8,8.6,122.6,Moderate
2023-01-29,Station_East,Winter,255.22,492.88,19.6,2.0,0.76,5.0,13.1,65.8,5.4,437.0,Severe
2023-01-30,Station_East,Winter,164.08,308.51,211.71,46.36,0.1,10.75,15.3,58.3,1.8,332.8,Very Poor
2023-01-31,Station_East,Winter,85.03,178.24,36.87,21.86,1.4,13.88,20.4,57.7,5.4,185.4,Moderate
2023-02-01,Station_East,Winter,447.18,600.0,63.42,16.62,5.61,5.27,14.7,65.5,2.5,499.6,Severe
2023-02-02,Station_East,Winter,119.91,225.35,94.21,2.83,3.76,9.94,18.8,46.5,3.3,301.0,Very Poor
2023-02-03,Station_East,Winter,351.48,600.0,89.12,18.1,3.87,8.62,17.4,49.1,3.1,500.0,Severe
2023-02-04,Station_East,Winter,35.25,77.99,58.79,19.61,0.31,7.25,10.4,66.4,10.3,77.5,Satisfactory
2023-02-05,Station_East,Winter,140.35,279.74,35.05,19.4,0.89,5.92,17.6,63.4,4.9,313.7,Very Poor
2023-02-06,Station_East,Winter,257.66,468.69,70.42,23.88,1.07,8.88,19.4,54.1,5.5,421.0,Severe
2023-02-07,Station_East,Winter,54.06,110.63,42.34,22.71,1.11,8.15,10.1,70.0,10.6,108.4,Moderate
2023-02-08,Station_East,Winter,92.83,195.23,67.25,20.71,0.36,5.0,9.6,61.4,10.6,211.1,Poor
2023-02-09,Station_East,Winter,38.36,79.97,45.74,10.23,0.42,5.05,16.9,83.9,6.2,78.0,Satisfactory
2023-02-10,Station_East,Winter,57.22,136.64,68.31,51.28,2.89,6.76,17.1,50.9,3.8,125.0,Moderate
2023-02-11,Station_East,Winter,82.74,162.93,25.17,7.53,2.5,5.0,16.4,69.4,5.2,176.1,Moderate
2023-02-12,Station_East,Winter,118.4,259.63,19.84,25.75,0.53,6.06,14.9,61.0,9.4,297.4,Poor
2023-02-13,Station_East,Winter,216.7,391.59,43.86,10.32,0.43,5.0,11.7,59.3,7.0,372.9,Very Poor
2023-02-14,Station_East,Winter,104.73,224.97,20.46,16.17,0.66,5.83,11.4,70.3,11.9,250.9,Poor
2023-02-15,Station_East,Winter,294.85,539.03,72.94,23.84,1.2,7.24,15.4,72.0,4.8,465.1,Severe
2023-02-16,Station_East,Winter,75.32,156.13,71.61,31.92,1.14,8.99,14.8,69.1,5.3,151.9,Moderate
2023-02-17,Station_East,Winter,170.19,310.07,26.3,10.01,0.66,6.93,13.4,59.8,4.8,340.4,Very Poor
2023-02-18,Station_East,Winter,110.58,170.91,32.59,2.0,0.41,5.0,13.6,61.5,7.7,270.9,Poor
2023-02-19,Station_East,Winter,27.21,75.62,32.79,15.47,2.66,5.0,7.5,68.6,10.7,109.2,Moderate
2023-02-20,Station_East,Winter,30.77,61.88,46.33,20.97,1.47,5.0,21.1,54.6,7.2,75.2,Satisfactory
2023-02-21,Station_East,Winter,138.07,235.09,81.22,17.81,5.18,6.59,17.1,60.9,4.9,315.7,Very Poor
2023-02-22,Station_East,Winter,51.05,116.03,56.42,24.99,1.64,5.0,10.0,62.5,10.5,110.5,Moderate
2023-02-23,Station_East,Winter,327.02,600.0,22.19,18.4,1.92,6.88,14.7,68.7,5.8,497.2,Severe
2023-02-24,Station_East,Winter,61.82,111.34,42.04,2.0,0.47,12.33,18.9,66.6,11.2,108.8,Moderate
2023-02-25,Station_East,Winter,77.69,175.54,29.92,29.6,0.42,5.19,5.0,71.4,10.4,160.1,Moderate
2023-02-26,Station_East,Winter,386.91,600.0,42.62,13.49,5.46,5.78,13.5,67.8,3.0,500.0,Severe
2023-02-27,Station_East,Winter,136.6,241.03,56.88,7.88,1.18,6.9,16.2,76.6,6.5,313.0,Very Poor
2023-02-28,Station_East,Winter,208.06,388.14,46.86,11.43,0.61,6.37,13.8,61.8,4.5,365.4,Very Poor
2023-03-01,Station_East,Summer,44.14,90.16,48.73,25.51,0.89,38.0,39.5,32.4,13.3,90.1,Satisfactory
2023-03-02,Station_East,Summer,59.0,97.39,39.11,8.04,0.76,58.61,34.5,46.0,13.5,99.9,Satisfactory
2023-03-03,Station_East,Summer,35.23,93.81,29.95,6.72,1.1,52.76,39.7,42.3,11.6,95.8,Satisfactory
2023-03-04,Station_East,Summer,37.68,71.64,54.83,22.22,1.0,32.74,32.4,40.0,8.4,74.3,Satisfactory
2023-03-05,Station_East,Summer,45.09,104.03,10.23,20.79,0.38,16.47,35.7,29.4,14.8,102.5,Moderate
2023-03-06,Station_East,Summer,11.44,39.19,20.62,8.08,1.48,62.0,37.8,46.4,17.5,73.6,Satisfactory
2023-03-07,Station_East,Summer,28.3,74.79,7.75,30.21,0.74,49.12,32.3,38.5,11.9,74.6,Satisfactory
2023-03-08,Station_East,Summer,25.53,57.23,32.92,16.62,0.5,19.28,30.7,38.8,15.1,55.6,Satisfactory
2023-03-09,Station_East,Summer,22.86,57.01,24.36,18.42,1.63,27.72,37.4,39.6,13.5,85.6,Satisfactory
2023-03-10,Station_East,Summer,66.54,127.16,13.64,29.56,0.92,43.14,40.8,42.1,12.0,123.7,Moderate
2023-03-11,Station_East,Summer,8.3,37.07,13.34,22.64,0.26,35.68,37.2,41.4,19.6,33.7,Good
2023-03-12,Station_East,Summer,22.66,55.77,18.05,31.32,0.51,37.94,36.7,36.8,16.4,57.1,Satisfactory
2023-03-13,Station_East,Summer,48.42,87.35,44.21,36.81,0.17,42.34,31.2,29.7,12.9,88.1,Satisfactory
2023-03-14,Station_East,Summer,19.77,47.28,23.07,12.17,0.1,84.66,44.5,37.5,15.4,85.8,Satisfactory
2023-03-15,Station_East,Summer,45.43,92.05,41.86,45.06,0.59,66.36,35.2,39.4,12.2,90.5,Satisfactory
2023-03-16,Station_East,Summer,46.69,113.79,9.1,14.86,0.15,57.48,33.8,44.1,14.4,111.2,Moderate
2023-03-17,Station_East,Summer,15.6,40.98,14.13,46.87,0.7,22.26,29.1,54.1,15.5,60.1,Satisfactory
2023-03-18,Station_East,Summer,27.58,54.38,19.21,47.4,1.03,28.19,31.4,37.1,17.2,59.4,Satisfactory
2023-03-19,Station_East,Summer,51.95,113.04,36.17,15.58,0.16,54.71,36.1,41.9,14.9,110.3,Moderate
2023-03-20,Station_East,Summer,18.58,56.4,23.78,10.79,1.62,37.35,36.9,40.9,11.3,83.2,Satisfactory
2023-03-21,Station_East,Summer,9.52,37.24,22.18,19.0,0.9,56.16,40.6,38.4,12.8,59.0,Satisfactory
2023-03-22,Station_East,Summer,22.03,47.1,25.11,13.78,1.88,41.0,33.7,34.7,12.9,92.3,Satisfactory
2023-03-23,Station_East,Summer,45.64,78.49,28.97,10.7,0.18,33.17,34.2,41.0,16.1,79.7,Satisfactory
2023-03-24,Station_East,Summer,8.53,22.3,21.57,7.73,0.21,35.78,38.9,45.3,14.7,37.0,Good
2023-03-25,Station_East,Summer,16.88,45.39,24.72,15.38,0.51,77.27,38.0,26.2,16.6,78.3,Satisfactory
2023-03-26,Station_East,Summer,17.54,49.62,24.22,28.9,0.27,45.78,42.4,40.6,13.3,48.7,Good
2023-03-27,Station_East,Summer,41.16,96.08,9.96,17.18,0.51,35.38,33.1,36.9,15.1,95.5,Satisfactory
2023-03-28,Station_East,Summer,16.37,48.91,66.05,26.0,0.54,38.8,34.7,41.6,14.6,80.8,Satisfactory
2023-03-29,Station_East,Summer,40.0,82.06,19.01,8.12,0.32,56.58,32.2,42.2,21.0,82.7,Satisfactory
2023-03-30,Station_East,Summer,93.91,160.92,24.6,31.56,0.35,56.84,38.6,52.5,15.1,213.9,Poor
2023-03-31,Station_East,Summer,11.99,28.86,57.93,41.92,0.63,40.55,35.1,35.6,12.0,73.1,Satisfactory
2023-04-01,Station_East,Summer,14.15,43.72,28.06,13.99,0.87,19.58,34.6,49.0,15.7,44.3,Good
2023-04-02,Station_East,Summer,56.27,120.09,36.37,32.63,1.12,64.43,38.3,33.7,15.2,114.5,Moderate
2023-04-03,Station_East,Summer,30.02,70.14,12.25,20.65,0.1,24.52,36.9,45.3,19.2,70.8,Satisfactory
2023-04-04,Station_East,Summer,30.58,62.5,17.76,8.38,0.56,29.9,30.8,42.4,15.7,62.5,Satisfactory
2023-04-05,Station_East,Summer,22.96,71.54,24.8,16.33,0.81,55.76,34.0,37.5,9.8,69.2,Satisfactory
2023-04-06,Station_East,Summer,62.27,137.86,16.13,32.52,0.46,19.53,40.0,43.5,15.4,124.1,Moderate
2023-04-07,Station_East,Summer,38.3,99.58,20.14,15.52,0.87,63.6,35.4,42.8,9.9,100.8,Moderate
2023-04-08,Station_East,Summer,37.15,81.62,19.94,17.68,0.16,18.37,34.4,39.2,14.7,82.8,Satisfactory
2023-04-09,Station_East,Summer,95.66,144.38,25.59,7.49,2.23,41.86,31.2,37.2,10.8,220.6,Poor
2023-04-10,Station_East,Summer,38.76,89.3,15.1,19.74,1.34,37.73,30.4,32.7,14.4,86.8,Satisfactory
2023-04-11,Station_East,Summer,42.55,79.91,39.11,36.29,0.28,41.61,34.2,29.8,12.9,80.8,Satisfactory
2023-04-12,Station_East,Summer,42.82,103.25,5.0,24.77,0.42,32.29,34.3,31.0,17.7,99.8,Satisfactory
2023-04-13,Station_East,Summer,23.63,61.31,19.47,5.76,1.46,28.64,33.3,30.9,16.1,75.6,Satisfactory
2023-04-14,Station_East,Summer,26.25,48.59,21.77,34.63,0.31,54.95,39.4,49.5,12.7,55.0,Satisfactory
2023-04-15,Station_East,Summer,49.21,85.83,16.36,28.79,0.4,56.18,33.3,37.1,9.5,86.1,Satisfactory
2023-04-16,Station_East,Summer,29.87,55.35,40.87,10.36,1.08,48.61,33.3,40.4,12.2,57.5,Satisfactory
2023-04-17,Station_East,Summer,23.75,55.88,12.04,20.17,0.51,22.05,36.5,30.4,11.3,55.9,Satisfactory
2023-04-18,Station_East,Summer,42.09,83.91,28.33,14.04,1.28,29.38,40.2,30.8,14.3,87.1,Satisfactory
2023-04-19,Station_East,Summer,17.56,47.42,22.9,13.96,0.6,16.84,36.1,31.5,10.3,44.8,Good
2023-04-20,Station_East,Summer,34.5,63.01,18.38,16.2,0.26,37.98,37.9,35.2,12.8,63.1,Satisfactory
2023-04-21,Station_East,Summer,20.71,48.87,29.1,12.27,0.66,73.11,41.0,40.0,11.1,74.3,Satisfactory
2023-04-22,Station_East,Summer,28.14,73.32,17.76,36.54,0.89,36.88,33.6,35.4,13.9,72.4,Satisfactory
2023-04-23,Station_East,Summer,40.42,100.93,5.0,27.81,0.25,26.45,29.4,41.4,21.1,101.5,Moderate
2023-04-24,Station_East,Summer,40.45,90.24,18.55,5.25,1.16,26.66,30.8,40.5,10.6,89.2,Satisfactory
2023-04-25,Station_East,Summer,37.5,67.25,70.76,10.25,0.85,69.08,36.7,28.4,8.0,92.0,Satisfactory
2023-04-26,Station_East,Summer,35.56,71.31,5.89,14.85,0.21,35.56,35.0,37.6,13.9,72.1,Satisfactory
2023-04-27,Station_East,Summer,41.22,95.68,19.68,6.76,1.36,24.86,33.5,49.9,8.5,95.8,Satisfactory
2023-04-28,Station_East,Summer,16.26,39.52,30.03,30.25,0.46,52.05,33.5,56.1,12.1,54.3,Satisfactory
2023-04-29,Station_East,Summer,14.02,43.02,34.06,11.64,1.08,52.35,30.5,42.5,12.0,57.0,Satisfactory
2023-04-30,Station_East,Summer,14.64,45.78,24.12,14.84,0.28,38.25,40.8,34.6,19.5,45.2,Good
2023-05-01,Station_East,Summer,15.72,41.67,6.29,48.36,0.19,15.22,31.2,40.0,14.7,60.2,Satisfactory
2023-05-02,Station_East,Summer,76.68,170.21,12.25,34.88,1.58,5.0,37.4,38.7,15.3,157.6,Moderate
2023-05-03,Station_East,Summer,21.03,43.26,13.31,26.1,0.83,30.19,35.7,34.3,11.0,40.2,Good
2023-05-04,Station_East,Summer,14.41,35.39,11.58,25.55,0.42,43.9,36.4,43.8,16.0,43.9,Good
2023-05-05,Station_East,Summer,19.32,50.35,18.65,29.61,0.3,47.23,42.6,25.3,10.9,50.1,Satisfactory
2023-05-06,Station_East,Summer,18.54,46.54,56.69,9.36,2.15,82.53,40.3,42.4,9.8,102.5,Moderate
2023-05-07,Station_East,Summer,17.39,49.76,28.09,18.41,0.87,48.21,37.7,40.6,13.7,51.0,Satisfactory
2023-05-08,Station_East,Summer,14.06,40.27,16.45,4.58,0.11,34.42,33.3,51.4,14.9,40.6,Good
2023-05-09,Station_East,Summer,23.93,56.59,14.94,42.48,0.99,59.24,37.5,39.5,19.3,58.8,Satisfactory
2023-05-10,Station_East,Summer,9.93,40.92,6.18,10.33,1.05,52.33,31.7,37.2,21.4,53.6,Satisfactory
2023-05-11,Station_East,Summer,25.91,55.57,22.99,12.37,0.27,15.28,34.6,37.6,12.5,56.4,Satisfactory
2023-05-12,Station_East,Summer,44.34,74.2,21.88,20.53,0.1,58.51,43.2,41.6,16.2,73.6,Satisfactory
2023-05-13,Station_East,Summer,73.21,132.67,86.55,14.41,2.31,89.97,42.3,44.6,3.0,145.1,Moderate
2023-05-14,Station_East,Summer,14.45,54.29,20.67,7.05,0.86,30.35,31.5,41.6,14.7,56.9,Satisfactory
2023-05-15,Station_East,Summer,15.75,45.52,12.51,33.87,0.65,39.35,32.8,42.2,18.4,45.1,Good
2023-05-16,Station_East,Summer,16.44,50.83,11.47,11.65,0.83,45.89,37.0,50.2,20.4,51.0,Satisfactory
2023-05-17,Station_East,Summer,45.83,95.75,15.87,11.69,0.77,40.23,37.0,42.6,11.3,96.4,Satisfactory
2023-05-18,Station_East,Summer,60.77,145.98,17.34,29.85,1.45,23.09,35.0,49.4,14.5,134.3,Moderate
2023-05-19,Station_East,Summer,28.34,68.1,26.25,9.87,1.44,58.12,33.0,38.0,14.3,72.4,Satisfactory
2023-05-20,Station_East,Summer,36.36,89.31,23.12,8.33,0.54,50.41,36.6,34.0,20.5,90.2,Satisfactory
2023-05-21,Station_East,Summer,27.15,61.72,36.43,18.83,3.93,33.23,29.1,40.3,15.2,122.8,Moderate
2023-05-22,Station_East,Summer,45.1,94.78,37.74,10.19,0.21,26.62,31.0,25.7,18.1,95.0,Satisfactory
2023-05-23,Station_East,Summer,22.86,58.1,29.31,6.54,1.36,20.0,36.8,28.6,15.2,67.6,Satisfactory
2023-05-24,Station_East,Summer,21.25,54.62,24.7,11.95,0.35,57.27,35.6,51.1,19.5,58.8,Satisfactory
2023-05-25,Station_East,Summer,5.53,19.97,51.01,5.6,0.68,45.18,37.0,29.3,14.3,64.3,Satisfactory
2023-05-26,Station_East,Summer,26.55,72.19,13.77,10.82,0.51,30.76,30.3,17.2,10.8,72.3,Satisfactory
2023-05-27,Station_East,Summer,41.41,107.35,34.99,2.0,1.12,42.96,34.2,37.6,12.5,107.2,Moderate
2023-05-28,Station_East,Summer,59.12,124.43,9.14,16.2,0.92,32.75,36.5,46.1,14.5,118.9,Moderate
2023-05-29,Station_East,Summer,54.95,125.52,26.04,5.32,0.75,54.04,33.9,43.2,14.7,118.9,Moderate
2023-05-30,Station_East,Summer,85.35,191.61,27.13,16.83,0.7,24.84,35.3,43.4,9.6,184.7,Moderate
2023-05-31,Station_East,Summer,36.76,98.18,7.42,6.31,0.36,27.83,40.8,30.7,15.6,99.8,Satisfactory
2023-06-01,Station_East,Monsoon,5.0,16.06,8.07,24.23,0.15,17.07,24.4,75.8,21.9,32.4,Good
2023-06-02,Station_East,Monsoon,16.86,57.24,5.0,22.17,0.91,41.12,33.8,85.1,14.0,57.6,Satisfactory
2023-06-03,Station_East,Monsoon,28.84,63.05,25.83,25.12,1.68,20.62,29.5,80.8,16.6,81.1,Satisfactory
2023-06-04,Station_East,Monsoon,23.69,62.23,5.0,13.01,0.56,42.24,31.8,83.2,10.2,61.5,Satisfactory
2023-06-05,Station_East,Monsoon,42.04,95.43,34.54,13.88,1.01,13.35,24.7,83.3,14.2,94.4,Satisfactory
2023-06-06,Station_East,Monsoon,41.04,83.11,83.81,19.29,3.22,82.62,37.8,87.4,8.1,118.4,Moderate
2023-06-07,Station_East,Monsoon,11.05,34.56,33.12,27.4,1.07,9.28,27.2,77.1,16.3,54.8,Satisfactory
2023-06-08,Station_East,Monsoon,10.45,35.89,12.98,21.22,0.42,26.39,32.5,95.4,20.6,37.0,Good
2023-06-09,Station_East,Monsoon,38.22,90.12,18.35,15.66,0.57,16.41,25.9,73.5,14.4,90.8,Satisfactory
2023-06-10,Station_East,Monsoon,16.56,38.58,31.54,7.22,0.97,26.47,23.5,70.4,16.5,47.1,Good
2023-06-11,Station_East,Monsoon,42.62,85.61,34.43,21.62,0.1,33.4,30.4,98.0,14.7,85.0,Satisfactory
2023-06-12,Station_East,Monsoon,29.46,69.3,29.37,14.57,0.23,28.5,24.1,86.8,12.1,67.8,Satisfactory
2023-06-13,Station_East,Monsoon,30.75,77.86,50.69,4.45,2.0,40.94,27.0,79.8,8.6,80.8,Satisfactory
2023-06-14,Station_East,Monsoon,23.13,50.72,25.18,34.2,0.41,23.47,26.6,81.1,17.2,52.7,Satisfactory
2023-06-15,Station_East,Monsoon,14.39,44.03,28.69,17.03,0.81,36.94,27.6,79.8,15.2,43.4,Good
2023-06-16,Station_East,Monsoon,7.12,29.03,15.1,15.1,0.46,43.01,33.3,80.3,14.2,41.7,Good
2023-06-17,Station_East,Monsoon,8.85,34.65,20.95,56.07,0.83,24.02,25.5,85.5,18.8,68.2,Satisfactory
2023-06-18,Station_East,Monsoon,5.0,22.2,28.45,4.32,0.52,17.76,21.8,78.9,16.1,35.6,Good
2023-06-19,Station_East,Monsoon,12.47,29.72,18.33,6.26,0.21,29.66,27.9,91.4,12.3,29.8,Good
2023-06-20,Station_East,Monsoon,29.82,78.8,13.13,10.07,0.1,21.77,31.3,81.4,12.9,80.7,Satisfactory
2023-06-21,Station_East,Monsoon,17.77,44.36,32.96,11.1,0.63,32.15,30.2,77.9,12.7,43.1,Good
2023-06-22,Station_East,Monsoon,5.35,23.62,27.36,5.5,0.1,31.28,29.4,79.6,15.6,32.4,Good
2023-06-23,Station_East,Monsoon,5.41,22.05,21.7,30.36,0.13,29.2,26.3,62.5,16.0,37.6,Good
2023-06-24,Station_East,Monsoon,24.84,51.5,19.38,18.88,0.26,43.52,30.5,74.1,14.1,54.4,Satisfactory
2023-06-25,Station_East,Monsoon,9.66,35.88,22.62,50.7,0.81,16.74,22.9,87.8,17.9,63.8,Satisfactory
2023-06-26,Station_East,Monsoon,18.84,44.72,5.0,20.5,0.16,23.63,27.5,81.8,13.2,42.4,Good
2023-06-27,Station_East,Monsoon,5.0,21.49,16.17,26.36,0.97,14.57,31.0,97.6,20.2,50.5,Satisfactory
2023-06-28,Station_East,Monsoon,22.99,46.2,11.47,11.5,0.21,20.32,29.6,69.6,16.2,48.0,Good
2023-06-29,Station_East,Monsoon,19.15,51.06,42.01,27.61,1.0,37.22,31.6,95.3,20.1,52.5,Satisfactory
2023-06-30,Station_East,Monsoon,18.31,33.65,11.77,20.97,0.27,29.9,28.9,78.7,15.2,33.9,Good
2023-07-01,Station_East,Monsoon,20.33,46.65,13.6,8.27,0.78,29.44,28.3,87.4,9.7,42.8,Good
2023-07-02,Station_East,Monsoon,41.26,103.88,5.0,14.46,0.28,10.6,28.1,76.0,20.2,104.4,Moderate
2023-07-03,Station_East,Monsoon,16.35,38.57,16.72,20.54,0.3,22.4,32.3,71.8,15.5,35.5,Good
2023-07-04,Station_East,Monsoon,27.64,83.71,7.24,6.75,1.1,40.74,34.4,75.1,13.8,85.1,Satisfactory
2023-07-05,Station_East,Monsoon,7.42,20.99,15.12,22.15,0.27,51.47,32.9,73.5,15.8,52.3,Satisfactory
2023-07-06,Station_East,Monsoon,6.64,35.08,23.19,31.35,0.6,36.4,29.8,88.1,18.5,41.6,Good
2023-07-07,Station_East,Monsoon,12.91,40.58,20.01,15.26,2.12,26.9,24.4,77.1,11.0,102.2,Moderate
2023-07-08,Station_East,Monsoon,20.9,63.33,47.14,25.72,0.39,53.54,33.4,85.6,10.5,64.1,Satisfactory
2023-07-09,Station_East,Monsoon,9.25,34.31,38.21,48.79,0.68,30.55,29.9,90.3,12.0,62.9,Satisfactory
2023-07-10,Station_East,Monsoon,5.02,27.79,6.99,21.59,0.51,23.47,24.8,71.4,16.7,28.6,Good
2023-07-11,Station_East,Monsoon,7.85,30.19,9.63,32.72,1.56,27.82,29.0,76.7,18.6,78.8,Satisfactory
2023-07-12,Station_East,Monsoon,18.04,47.54,10.81,31.53,0.43,17.73,28.0,76.0,13.3,47.0,Good
2023-07-13,Station_East,Monsoon,9.96,30.48,38.22,26.52,1.35,48.29,29.5,77.4,14.7,69.2,Satisfactory
2023-07-14,Station_East,Monsoon,5.0,29.92,15.11,44.93,1.55,13.09,23.4,72.5,17.1,79.1,Satisfactory
2023-07-15,Station_East,Monsoon,7.9,27.55,33.24,25.55,0.41,37.66,32.2,87.3,17.6,40.1,Good
2023-07-16,Station_East,Monsoon,10.27,37.15,36.05,18.51,0.9,18.75,34.7,82.0,14.1,44.7,Good
2023-07-17,Station_East,Monsoon,8.88,24.72,22.88,51.12,1.31,47.72,30.3,87.9,14.4,66.2,Satisfactory
2023-07-18,Station_East,Monsoon,15.15,45.58,8.89,24.44,0.86,21.05,27.3,82.2,18.7,48.4,Good
2023-07-19,Station_East,Monsoon,23.42,59.96,13.65,22.29,0.78,31.83,23.9,91.1,15.0,61.0,Satisfactory
2023-07-20,Station_East,Monsoon,13.49,37.68,22.47,52.07,0.25,16.73,24.3,86.6,17.8,67.2,Satisfactory
2023-07-21,Station_East,Monsoon,5.23,21.26,17.21,15.91,0.73,36.89,29.9,89.7,20.6,38.0,Good
2023-07-22,Station_East,Monsoon,17.29,44.9,13.17,15.5,0.24,30.74,29.3,87.8,21.7,42.6,Good
2023-07-23,Station_East,Monsoon,13.58,32.16,35.02,13.82,0.7,35.78,28.6,85.0,16.3,45.2,Good
2023-07-24,Station_East,Monsoon,19.15,47.66,16.14,19.02,0.55,27.22,27.8,82.3,16.1,45.6,Good
2023-07-25,Station_East,Monsoon,24.49,51.31,6.85,8.08,0.3,15.87,26.5,85.3,17.8,52.7,Satisfactory
2023-07-26,Station_East,Monsoon,5.21,19.29,7.06,26.89,0.19,9.02,20.6,89.7,12.8,32.9,Good
2023-07-27,Station_East,Monsoon,11.91,29.47,16.88,13.62,0.4,34.29,34.8,68.0,16.2,34.0,Good
2023-07-28,Station_East,Monsoon,5.17,18.02,7.6,14.9,0.93,13.71,26.3,83.6,14.7,47.3,Good
2023-07-29,Station_East,Monsoon,13.68,37.2,16.57,17.82,0.16,34.13,28.2,87.3,18.1,36.9,Good
2023-07-30,Station_East,Monsoon,17.52,39.85,33.54,6.27,0.75,26.74,28.5,76.1,18.3,40.7,Good
2023-07-31,Station_East,Monsoon,23.56,63.44,15.96,2.71,0.77,22.86,25.4,75.3,14.3,64.6,Satisfactory
2023-08-01,Station_East,Monsoon,14.69,44.19,35.55,33.27,0.55,29.0,29.7,77.6,13.6,44.9,Good
2023-08-02,Station_East,Monsoon,10.92,35.08,28.84,23.97,1.0,17.68,29.1,81.7,18.2,39.0,Good
2023-08-03,Station_East,Monsoon,11.26,26.0,10.72,6.01,0.46,38.19,31.5,81.4,15.5,38.8,Good
2023-08-04,Station_East,Monsoon,10.6,33.23,53.86,4.86,0.59,29.79,30.3,84.7,12.7,68.7,Satisfactory
2023-08-05,Station_East,Monsoon,28.09,72.47,17.45,38.79,0.36,28.33,27.8,85.5,11.8,71.9,Satisfactory
2023-08-06,Station_East,Monsoon,6.19,20.04,26.62,11.39,0.36,29.29,28.5,81.5,10.3,33.7,Good
2023-08-07,Station_East,Monsoon,22.48,60.32,20.03,25.96,0.7,26.05,25.1,81.4,9.8,61.9,Satisfactory
2023-08-08,Station_East,Monsoon,25.81,69.55,6.93,12.41,1.05,11.54,28.4,77.1,16.8,70.7,Satisfactory
2023-08-09,Station_East,Monsoon,31.1,64.55,46.23,9.72,0.9,19.97,22.1,74.1,14.9,65.5,Satisfactory
2023-08-10,Station_East,Monsoon,30.14,57.91,5.0,19.6,0.45,21.87,28.8,85.4,12.1,56.8,Satisfactory
2023-08-11,Station_East,Monsoon,15.11,42.22,36.57,14.85,0.49,21.99,23.4,72.6,15.4,45.3,Good
2023-08-12,Station_East,Monsoon,11.42,42.13,11.15,17.75,0.41,18.61,29.6,80.0,19.4,40.8,Good
2023-08-13,Station_East,Monsoon,17.01,41.01,5.84,17.18,0.77,23.86,26.6,85.6,17.7,41.5,Good
2023-08-14,Station_East,Monsoon,19.82,43.77,12.92,60.86,0.15,16.41,30.4,79.4,16.0,79.0,Satisfactory
2023-08-15,Station_East,Monsoon,24.36,57.07,21.3,37.38,0.54,27.22,27.4,77.8,17.7,58.1,Satisfactory
2023-08-16,Station_East,Monsoon,13.96,40.4,20.49,28.18,0.31,26.66,31.1,80.8,18.8,40.4,Good
2023-08-17,Station_East,Monsoon,27.52,44.91,16.36,21.63,0.82,28.34,24.9,75.4,17.4,46.1,Good
2023-08-18,Station_East,Monsoon,10.61,34.4,15.18,24.25,0.42,32.59,38.9,86.4,16.4,34.4,Good
2023-08-19,Station_East,Monsoon,21.81,56.25,18.13,10.04,1.71,20.92,30.3,96.9,16.9,84.7,Satisfactory
2023-08-20,Station_East,Monsoon,19.02,42.27,43.35,12.04,1.45,38.21,31.0,79.1,11.1,72.1,Satisfactory
2023-08-21,Station_East,Monsoon,21.95,67.08,21.3,13.01,0.23,22.4,26.1,67.2,14.3,68.0,Satisfactory
2023-08-22,Station_East,Monsoon,10.2,36.24,10.47,10.42,0.13,24.15,26.8,92.0,19.8,35.3,Good
2023-08-23,Station_East,Monsoon,8.08,33.88,25.12,26.4,0.77,18.86,28.1,77.7,13.4,36.4,Good
2023-08-24,Station_East,Monsoon,6.25,22.37,37.81,15.45,0.78,7.57,23.9,75.5,22.1,47.4,Good
2023-08-25,Station_East,Monsoon,12.21,41.98,27.09,8.22,0.66,26.24,29.2,64.5,21.8,40.4,Good
2023-08-26,Station_East,Monsoon,17.89,57.29,15.14,14.1,1.45,16.4,27.6,80.9,18.3,72.4,Satisfactory
2023-08-27,Station_East,Monsoon,9.16,38.16,21.36,40.41,0.93,26.89,23.2,74.5,17.8,53.2,Satisfactory
2023-08-28,Station_East,Monsoon,26.26,69.6,14.7,29.05,1.21,31.74,29.8,70.8,10.9,68.9,Satisfactory
2023-08-29,Station_East,Monsoon,15.72,50.25,13.28,5.05,1.01,17.65,29.1,91.9,15.0,50.2,Satisfactory
2023-08-30,Station_East,Monsoon,19.35,46.34,18.77,2.23,0.52,12.81,25.4,80.7,21.1,46.7,Good
2023-08-31,Station_East,Monsoon,18.31,45.73,15.02,6.55,0.18,14.82,28.0,72.5,18.8,45.7,Good
2023-09-01,Station_East,Monsoon,26.49,65.37,45.88,33.8,0.32,19.67,31.9,88.3,15.7,64.3,Satisfactory
2023-09-02,Station_East,Monsoon,10.61,33.01,5.63,10.34,0.58,33.51,26.1,85.3,15.3,33.0,Good
2023-09-03,Station_East,Monsoon,9.17,34.81,17.08,3.64,0.71,22.9,27.4,98.0,11.9,33.6,Good
2023-09-04,Station_East,Monsoon,18.07,42.99,35.22,25.65,0.51,30.73,23.8,86.6,16.6,44.0,Good
2023-09-05,Station_East,Monsoon,5.96,22.41,46.44,24.0,1.97,24.81,26.1,85.5,10.9,98.8,Satisfactory
2023-09-06,Station_East,Monsoon,19.54,56.89,27.83,23.87,0.98,28.83,33.2,83.4,17.8,56.3,Satisfactory
2023-09-07,Station_East,Monsoon,8.61,29.09,8.86,34.61,0.24,32.43,29.7,85.9,24.1,44.7,Good
2023-09-08,Station_East,Monsoon,18.15,44.8,36.34,5.91,0.73,21.87,24.5,80.4,15.3,43.4,Good
2023-09-09,Station_East,Monsoon,9.7,29.71,20.76,18.06,0.89,40.99,36.7,84.3,18.4,43.9,Good
2023-09-10,Station_East,Monsoon,23.7,57.09,14.02,6.76,0.29,39.5,31.5,94.8,12.4,56.4,Satisfactory
2023-09-11,Station_East,Monsoon,9.74,28.95,22.52,5.18,0.91,11.15,29.8,89.4,14.4,43.9,Good
2023-09-12,Station_East,Monsoon,17.86,45.29,5.88,18.58,1.49,31.45,27.7,86.1,16.5,75.4,Satisfactory
2023-09-13,Station_East,Monsoon,12.69,39.8,6.56,5.18,0.32,19.04,34.5,97.7,16.9,40.4,Good
2023-09-14,Station_East,Monsoon,21.72,47.27,16.66,12.95,0.7,50.99,33.1,78.8,14.3,53.2,Satisfactory
2023-09-15,Station_East,Monsoon,21.9,57.79,9.92,13.21,0.64,22.76,24.2,74.9,12.2,58.6,Satisfactory
2023-09-16,Station_East,Monsoon,12.46,39.87,13.26,2.84,0.51,23.87,25.0,81.6,11.8,40.4,Good
2023-09-17,Station_East,Monsoon,20.85,51.22,15.81,13.66,0.91,14.59,25.1,77.4,13.9,52.1,Satisfactory
2023-09-18,Station_East,Monsoon,7.93,30.28,7.07,4.96,1.09,42.36,29.8,84.5,17.5,56.2,Satisfactory
2023-09-19,Station_East,Monsoon,21.15,43.08,23.37,14.93,0.1,59.81,29.7,75.9,18.8,61.1,Satisfactory
2023-09-20,Station_East,Monsoon,23.82,61.54,6.68,12.75,0.7,30.11,28.5,85.4,14.7,59.8,Satisfactory
2023-09-21,Station_East,Monsoon,5.0,35.68,5.0,58.69,0.99,13.4,26.8,77.4,15.0,75.5,Satisfactory
2023-09-22,Station_East,Monsoon,31.21,69.19,40.3,14.04,1.05,23.14,25.0,79.0,10.5,70.5,Satisfactory
2023-09-23,Station_East,Monsoon,12.39,46.49,7.38,12.79,0.27,27.74,25.7,79.8,19.4,45.5,Good
2023-09-24,Station_East,Monsoon,22.69,64.78,20.42,16.74,0.42,31.42,30.2,78.0,16.9,67.8,Satisfactory
2023-09-25,Station_East,Monsoon,11.29,38.36,9.87,14.77,0.1,7.81,28.5,88.1,19.7,37.9,Good
2023-09-26,Station_East,Monsoon,24.05,57.57,20.58,16.69,0.63,25.02,29.9,88.0,14.3,55.6,Satisfactory
2023-09-27,Station_East,Monsoon,18.85,48.3,25.34,16.8,0.91,30.97,29.8,65.3,15.5,46.9,Good
2023-09-28,Station_East,Monsoon,12.46,30.91,12.72,32.5,1.45,29.67,26.6,86.8,14.0,72.5,Satisfactory
2023-09-29,Station_East,Monsoon,10.85,33.12,23.58,13.46,0.66,37.93,27.4,77.4,14.9,37.7,Good
2023-09-30,Station_East,Monsoon,14.46,42.29,11.53,5.38,0.19,26.58,30.2,92.3,16.9,42.1,Good
2023-10-01,Station_East,Post-Monsoon,81.54,189.43,77.25,2.47,0.3,25.25,22.6,60.8,9.2,174.1,Moderate
2023-10-02,Station_East,Post-Monsoon,43.08,96.19,11.11,9.36,0.95,20.32,27.5,46.3,10.2,97.9,Satisfactory
2023-10-03,Station_East,Post-Monsoon,171.98,335.6,125.3,19.68,0.33,9.87,19.9,57.3,3.9,340.8,Very Poor
2023-10-04,Station_East,Post-Monsoon,39.77,77.54,18.24,23.04,0.13,12.19,19.3,61.8,8.4,77.4,Satisfactory
2023-10-05,Station_East,Post-Monsoon,47.44,112.83,53.26,16.31,0.86,28.49,25.5,54.6,9.1,108.7,Moderate
2023-10-06,Station_East,Post-Monsoon,47.07,93.62,26.58,38.33,1.75,13.35,26.0,57.1,11.6,93.6,Satisfactory
2023-10-07,Station_East,Post-Monsoon,109.18,254.54,63.94,49.42,1.66,27.29,24.2,59.2,7.7,265.5,Poor
2023-10-08,Station_East,Post-Monsoon,115.42,217.36,37.83,16.99,0.23,21.9,25.1,59.5,6.2,285.8,Poor
2023-10-09,Station_East,Post-Monsoon,84.79,164.09,71.99,7.61,0.84,18.6,19.7,52.2,10.3,182.7,Moderate
2023-10-10,Station_East,Post-Monsoon,45.69,82.96,72.51,17.47,0.62,12.67,19.3,67.6,8.4,92.6,Satisfactory
2023-10-11,Station_East,Post-Monsoon,83.11,191.11,11.48,33.62,1.52,21.71,25.3,64.9,10.2,175.3,Moderate
2023-10-12,Station_East,Post-Monsoon,54.01,87.86,6.3,7.89,0.1,12.4,22.8,49.4,19.0,89.9,Satisfactory
2023-10-13,Station_East,Post-Monsoon,28.21,58.59,48.95,12.77,2.27,22.5,24.8,48.4,9.8,103.2,Moderate
2023-10-14,Station_East,Post-Monsoon,108.12,180.71,18.69,33.17,0.43,5.0,23.1,42.8,12.1,260.3,Poor
2023-10-15,Station_East,Post-Monsoon,100.49,205.8,50.69,12.63,1.05,21.61,24.8,50.1,7.9,235.8,Poor
2023-10-16,Station_East,Post-Monsoon,54.13,125.02,22.33,19.32,1.69,5.0,17.1,59.0,7.2,115.1,Moderate
2023-10-17,Station_East,Post-Monsoon,30.52,59.6,26.81,14.66,0.19,15.44,20.1,65.0,10.0,61.5,Satisfactory
2023-10-18,Station_East,Post-Monsoon,97.9,194.24,44.64,11.42,1.77,22.44,23.5,53.8,5.0,226.1,Poor
2023-10-19,Station_East,Post-Monsoon,60.15,138.12,38.62,8.74,0.56,12.7,20.4,49.3,10.9,126.2,Moderate
2023-10-20,Station_East,Post-Monsoon,77.33,137.6,43.1,20.65,0.13,21.28,27.3,63.7,10.6,158.6,Moderate
2023-10-21,Station_East,Post-Monsoon,102.28,169.41,37.48,7.69,1.64,18.23,24.4,41.2,7.5,241.8,Poor
2023-10-22,Station_East,Post-Monsoon,78.91,180.0,30.51,36.69,0.72,20.87,24.6,54.7,8.5,163.8,Moderate
2023-10-23,Station_East,Post-Monsoon,111.03,256.25,16.83,29.95,1.29,36.34,28.4,54.9,5.7,270.4,Poor
2023-10-24,Station_East,Post-Monsoon,149.63,254.33,16.51,11.2,1.14,6.77,18.6,54.9,6.6,320.7,Very Poor
2023-10-25,Station_East,Post-Monsoon,72.48,139.29,10.34,15.11,0.18,7.53,20.5,52.7,13.5,143.6,Moderate
2023-10-26,Station_East,Post-Monsoon,31.64,69.59,54.49,17.65,1.42,35.6,26.1,52.5,8.9,68.8,Satisfactory
2023-10-27,Station_East,Post-Monsoon,112.02,231.47,12.09,18.35,1.53,11.2,23.9,71.4,7.2,274.0,Poor
2023-10-28,Station_East,Post-Monsoon,27.96,55.79,24.08,6.68,0.74,6.33,18.2,56.1,10.3,57.2,Satisfactory
2023-10-29,Station_East,Post-Monsoon,50.6,97.01,41.5,16.43,0.53,27.73,21.7,61.3,11.6,95.4,Satisfactory
2023-10-30,Station_East,Post-Monsoon,114.94,252.86,69.12,7.75,0.8,17.46,21.5,68.2,6.7,282.5,Poor
2023-10-31,Station_East,Post-Monsoon,320.91,600.0,141.94,19.73,2.39,25.35,21.6,61.1,1.5,498.9,Severe
2023-11-01,Station_East,Post-Monsoon,95.61,187.91,15.99,12.14,1.83,26.71,26.2,36.4,7.1,219.1,Poor
2023-11-02,Station_East,Post-Monsoon,101.43,190.94,26.43,23.99,1.64,34.97,30.2,35.5,10.4,238.9,Poor
2023-11-03,Station_East,Post-Monsoon,65.79,117.3,13.73,26.61,0.53,24.9,23.4,53.0,13.8,118.2,Moderate
2023-11-04,Station_East,Post-Monsoon,58.22,121.17,97.5,11.44,1.49,8.35,18.8,52.4,8.4,118.9,Moderate
2023-11-05,Station_East,Post-Monsoon,38.55,63.37,28.11,27.22,0.3,15.16,21.4,56.2,8.2,67.5,Satisfactory
2023-11-06,Station_East,Post-Monsoon,39.54,79.77,28.69,24.8,0.37,20.71,24.6,48.7,14.7,80.1,Satisfactory
2023-11-07,Station_East,Post-Monsoon,36.81,92.42,10.74,11.73,0.6,31.02,28.0,54.2,9.7,94.0,Satisfactory
2023-11-08,Station_East,Post-Monsoon,157.55,338.47,42.44,16.2,1.2,8.07,19.2,54.6,5.7,327.6,Very Poor
2023-11-09,Station_East,Post-Monsoon,27.47,46.24,21.92,8.62,0.45,13.13,19.8,49.1,11.0,44.4,Good
2023-11-10,Station_East,Post-Monsoon,65.76,150.04,21.73,6.47,0.85,14.06,23.1,69.7,13.9,133.6,Moderate
2023-11-11,Station_East,Post-Monsoon,202.95,347.86,69.44,28.24,2.23,41.83,27.9,48.0,3.8,362.5,Very Poor
2023-11-12,Station_East,Post-Monsoon,58.13,119.86,14.94,11.68,1.2,21.92,25.6,56.2,9.6,114.8,Moderate
2023-11-13,Station_East,Post-Monsoon,54.93,128.12,16.25,2.58,0.82,6.92,21.3,40.2,9.4,123.1,Moderate
2023-11-14,Station_East,Post-Monsoon,116.67,239.82,24.42,5.51,1.36,23.99,26.1,62.6,8.3,288.2,Poor
2023-11-15,Station_East,Post-Monsoon,133.5,257.06,15.03,15.65,1.11,43.29,27.7,62.3,10.7,312.8,Very Poor
2023-11-16,Station_East,Post-Monsoon,129.01,208.96,12.46,19.39,0.73,13.82,23.8,47.9,11.9,308.1,Very Poor
2023-11-17,Station_East,Post-Monsoon,102.98,199.98,19.07,8.58,0.56,18.82,24.4,53.6,6.0,245.6,Poor
2023-11-18,Station_East,Post-Monsoon,47.56,83.69,26.93,20.24,0.51,23.32,23.7,50.7,11.3,82.4,Satisfactory
2023-11-19,Station_East,Post-Monsoon,26.51,81.71,94.06,20.28,1.73,13.49,18.8,44.8,8.3,115.9,Moderate
2023-11-20,Station_East,Post-Monsoon,87.07,158.97,30.64,13.41,1.04,13.33,24.4,46.4,6.9,188.6,Moderate
2023-11-21,Station_East,Post-Monsoon,151.81,313.67,17.66,21.04,1.42,17.48,22.8,50.9,9.2,327.3,Very Poor
2023-11-22,Station_East,Post-Monsoon,98.58,179.21,134.88,36.62,5.87,35.7,26.4,60.2,3.7,228.6,Poor
2023-11-23,Station_East,Post-Monsoon,80.31,179.47,66.09,32.99,0.67,6.17,13.7,58.1,11.2,168.1,Moderate
2023-11-24,Station_East,Post-Monsoon,39.04,96.05,18.62,23.7,2.04,15.55,20.7,47.3,9.8,101.5,Moderate
2023-11-25,Station_East,Post-Monsoon,257.47,469.91,93.1,34.06,1.56,12.84,28.6,66.5,5.3,424.4,Severe
2023-11-26,Station_East,Post-Monsoon,53.23,95.29,20.74,21.92,0.43,14.36,22.2,46.9,11.8,97.3,Satisfactory
2023-11-27,Station_East,Post-Monsoon,50.79,96.86,66.18,42.81,2.55,15.42,22.7,46.7,5.8,107.7,Moderate
2023-11-28,Station_East,Post-Monsoon,22.39,54.01,23.86,14.71,0.43,14.95,28.3,48.4,13.7,56.8,Satisfactory
2023-11-29,Station_East,Post-Monsoon,49.73,107.8,30.1,19.33,2.17,11.35,24.3,54.2,7.6,103.4,Moderate
2023-11-30,Station_East,Post-Monsoon,85.19,187.81,58.8,14.89,0.67,52.97,28.0,41.8,10.8,185.6,Moderate
2023-12-01,Station_East,Winter,105.34,210.79,92.05,25.76,1.18,9.85,12.1,65.2,3.1,250.7,Poor
2023-12-02,Station_East,Winter,146.64,239.75,56.72,12.49,0.93,5.71,13.3,57.6,3.7,323.2,Very Poor
2023-12-03,Station_East,Winter,122.45,286.24,20.14,16.32,1.28,6.09,10.3,60.2,9.5,300.7,Very Poor
2023-12-04,Station_East,Winter,299.4,552.63,36.78,31.45,1.58,5.0,12.5,82.5,7.6,471.4,Severe
2023-12-05,Station_East,Winter,228.05,386.66,79.05,22.89,3.45,5.0,13.0,67.0,5.1,384.5,Very Poor
2023-12-06,Station_East,Winter,146.62,289.04,22.98,29.21,0.63,5.0,13.8,75.1,2.3,322.6,Very Poor
2023-12-07,Station_East,Winter,122.05,233.68,157.88,22.45,0.5,9.88,13.3,60.2,5.0,303.2,Very Poor
2023-12-08,Station_East,Winter,21.07,49.8,6.66,10.8,0.18,5.0,17.0,65.5,14.5,50.5,Satisfactory
2023-12-09,Station_East,Winter,51.89,94.45,39.83,40.37,0.93,8.56,9.5,71.9,10.7,93.6,Satisfactory
2023-12-10,Station_East,Winter,107.66,232.97,60.26,11.8,1.6,11.43,15.5,75.1,2.8,259.7,Poor
2023-12-11,Station_East,Winter,153.8,241.68,23.43,13.93,0.98,8.34,14.3,59.5,5.0,326.9,Very Poor
2023-12-12,Station_East,Winter,92.71,170.18,21.28,19.63,0.51,12.35,20.1,70.0,9.8,212.3,Poor
2023-12-13,Station_East,Winter,58.78,144.5,22.59,28.57,0.75,5.0,16.4,64.6,7.6,129.9,Moderate
2023-12-14,Station_East,Winter,139.49,277.94,126.84,20.36,2.33,9.22,15.1,75.9,2.5,314.3,Very Poor
2023-12-15,Station_East,Winter,103.03,220.49,65.52,40.54,0.21,7.7,17.4,75.3,3.7,245.2,Poor
2023-12-16,Station_East,Winter,80.84,142.14,118.39,37.43,0.77,12.57,12.9,64.4,9.0,170.6,Moderate
2023-12-17,Station_East,Winter,337.49,600.0,143.07,18.88,1.07,7.5,14.7,57.2,4.6,500.0,Severe
2023-12-18,Station_East,Winter,209.05,325.85,77.62,17.13,1.63,7.79,16.0,60.9,8.7,369.1,Very Poor
2023-12-19,Station_East,Winter,172.0,298.74,30.46,29.0,0.9,5.0,10.4,66.3,11.3,338.9,Very Poor
2023-12-20,Station_East,Winter,199.32,330.67,110.84,8.7,1.27,5.94,15.4,57.3,4.0,362.2,Very Poor
2023-12-21,Station_East,Winter,44.67,101.69,34.84,7.28,1.11,5.0,17.9,68.2,11.1,100.7,Moderate
2023-12-22,Station_East,Winter,128.23,215.95,53.54,18.43,3.57,9.88,15.6,59.1,4.2,307.5,Very Poor
2023-12-23,Station_East,Winter,161.96,306.73,27.95,18.55,0.96,8.06,19.4,58.7,7.0,332.3,Very Poor
2023-12-24,Station_East,Winter,95.39,170.54,25.6,28.4,0.83,7.78,14.6,61.8,9.4,219.3,Poor
2023-12-25,Station_East,Winter,232.08,383.71,83.39,40.93,3.96,5.22,18.3,50.3,2.9,386.6,Very Poor
2023-12-26,Station_East,Winter,48.2,118.48,16.16,5.01,0.85,5.15,13.9,68.1,12.3,112.6,Moderate
2023-12-27,Station_East,Winter,68.77,117.25,18.2,13.4,0.81,5.0,14.1,58.9,8.8,128.8,Moderate
2023-12-28,Station_East,Winter,450.0,600.0,96.87,8.37,1.47,10.71,18.6,64.8,2.7,499.1,Severe
2023-12-29,Station_East,Winter,191.14,302.57,39.69,24.07,0.85,5.0,11.9,59.4,8.1,357.0,Very Poor
2023-12-30,Station_East,Winter,53.53,131.27,55.88,10.64,0.61,7.21,9.9,69.2,8.3,125.1,Moderate
2023-12-31,Station_East,Winter,388.66,600.0,93.02,19.66,5.13,12.21,9.7,71.3,1.6,498.7,Severe
2024-01-01,Station_East,Winter,61.3,114.89,21.48,6.39,2.44,7.09,12.5,55.5,9.3,112.8,Moderate
2024-01-02,Station_East,Winter,60.95,107.55,83.05,13.57,1.7,7.63,8.0,74.2,11.1,105.9,Moderate
2024-01-03,Station_East,Winter,63.81,139.54,29.86,26.65,0.67,5.15,16.7,71.3,8.6,128.0,Moderate
2024-01-04,Station_East,Winter,30.68,79.87,98.13,24.87,0.97,8.58,17.9,59.8,6.5,118.2,Moderate
2024-01-05,Station_East,Winter,41.23,101.04,63.64,18.93,0.79,5.15,9.5,58.2,4.3,104.2,Moderate
2024-01-06,Station_East,Winter,88.48,177.28,61.32,31.02,1.93,5.34,8.5,63.7,7.1,192.9,Moderate
2024-01-07,Station_East,Winter,123.32,275.68,67.51,18.61,0.32,7.02,13.4,63.6,9.4,304.9,Very Poor
2024-01-08,Station_East,Winter,55.91,112.62,47.71,18.93,1.76,6.15,15.1,56.9,8.9,110.0,Moderate
2024-01-09,Station_East,Winter,274.8,530.27,10.94,21.35,1.48,5.05,13.8,82.2,5.4,461.5,Severe
2024-01-10,Station_East,Winter,47.05,82.25,42.02,11.32,0.69,5.4,13.3,62.0,3.7,84.1,Satisfactory
2024-01-11,Station_East,Winter,85.39,143.99,10.56,9.53,0.81,8.47,15.1,60.4,9.6,187.1,Moderate
2024-01-12,Station_East,Winter,247.62,431.73,63.51,27.36,3.49,7.01,16.3,65.7,1.5,404.7,Severe
2024-01-13,Station_East,Winter,71.18,164.55,48.78,6.94,0.29,6.0,14.9,63.6,6.8,141.2,Moderate
2024-01-14,Station_East,Winter,51.06,125.47,18.07,25.14,0.61,5.0,9.8,65.6,9.0,116.5,Moderate
2024-01-15,Station_East,Winter,32.82,74.84,26.06,33.11,0.3,5.0,15.2,49.7,11.0,76.2,Satisfactory
2024-01-16,Station_East,Winter,409.37,600.0,55.69,8.52,5.91,9.08,10.0,74.7,3.1,500.0,Severe
2024-01-17,Station_East,Winter,111.98,182.73,59.09,27.96,1.29,7.43,17.3,52.2,6.1,273.5,Poor
2024-01-18,Station_East,Winter,209.96,316.09,63.09,15.9,1.75,5.84,17.8,85.0,7.1,371.5,Very Poor
2024-01-19,Station_East,Winter,110.64,212.62,40.05,32.53,0.82,10.62,15.2,70.2,11.1,269.1,Poor
2024-01-20,Station_East,Winter,100.37,194.44,61.78,5.67,0.28,6.58,8.2,52.9,8.4,237.2,Poor
2024-01-21,Station_East,Winter,140.32,222.29,21.05,23.29,1.89,5.0,14.4,54.0,6.1,314.4,Very Poor
2024-01-22,Station_East,Winter,144.1,291.12,140.03,32.36,0.47,9.13,17.8,67.2,4.5,317.5,Very Poor
2024-01-23,Station_East,Winter,166.15,376.5,87.02,18.09,1.1,7.66,16.0,71.1,3.2,334.3,Very Poor
2024-01-24,Station_East,Winter,187.43,388.58,82.93,11.69,0.64,5.0,8.4,66.7,5.7,353.4,Very Poor
2024-01-25,Station_East,Winter,113.67,203.54,25.79,37.53,3.84,8.03,16.8,61.3,5.9,276.4,Poor
2024-01-26,Station_East,Winter,91.56,172.03,142.67,57.78,3.62,10.52,9.9,64.3,3.1,206.8,Poor
2024-01-27,Station_East,Winter,150.24,245.71,31.02,37.97,0.56,9.99,17.5,64.3,6.5,324.1,Very Poor
2024-01-28,Station_East,Winter,132.8,208.65,73.43,8.44,2.01,6.99,17.1,63.5,3.2,310.9,Very Poor
2024-01-29,Station_East,Winter,151.05,267.32,87.44,8.4,0.41,14.04,18.7,67.1,8.0,327.9,Very Poor
2024-01-30,Station_East,Winter,41.61,78.9,55.44,28.77,1.05,14.55,17.9,63.6,8.1,77.9,Satisfactory
2024-01-31,Station_East,Winter,107.04,236.15,164.48,24.42,0.79,6.97,15.1,76.5,5.5,255.8,Poor
2024-02-01,Station_East,Winter,179.29,326.31,18.76,37.05,0.41,5.29,13.8,55.2,11.8,346.7,Very Poor
2024-02-02,Station_East,Winter,74.7,171.37,45.56,15.31,0.7,7.05,14.3,58.2,8.2,148.5,Moderate
2024-02-03,Station_East,Winter,48.42,90.75,19.88,28.46,0.82,11.56,20.2,65.5,10.8,89.4,Satisfactory
2024-02-04,Station_East,Winter,78.77,146.36,47.7,32.3,0.82,10.18,18.7,67.9,5.1,160.5,Moderate
2024-02-05,Station_East,Winter,156.91,353.12,17.15,2.29,0.46,5.0,17.2,61.8,10.0,328.2,Very Poor
2024-02-06,Station_East,Winter,115.04,260.39,50.6,8.56,1.19,7.08,14.5,62.2,8.7,284.1,Poor
2024-02-07,Station_East,Winter,147.08,244.51,19.09,17.68,0.71,6.75,13.3,69.7,7.7,321.6,Very Poor
2024-02-08,Station_East,Winter,132.83,248.55,20.15,43.61,0.68,8.84,16.9,61.2,9.8,310.8,Very Poor
2024-02-09,Station_East,Winter,450.0,600.0,98.37,8.99,1.51,7.84,10.0,69.4,1.5,500.0,Severe
2024-02-10,Station_East,Winter,312.12,595.7,36.85,18.46,1.66,5.0,12.1,67.6,4.9,497.6,Severe
2024-02-11,Station_East,Winter,118.12,246.99,47.76,29.95,1.55,5.0,15.7,66.6,8.4,293.0,Poor
2024-02-12,Station_East,Winter,113.95,235.39,57.56,28.7,1.8,5.25,12.3,52.5,8.5,279.5,Poor
2024-02-13,Station_East,Winter,55.91,90.52,31.3,17.2,3.06,5.0,17.5,55.6,3.1,115.5,Moderate
2024-02-14,Station_East,Winter,94.53,221.81,27.33,17.59,3.56,6.27,5.0,57.7,8.7,215.1,Poor
2024-02-15,Station_East,Winter,78.7,160.99,39.05,12.59,1.95,6.75,17.4,79.4,4.7,161.9,Moderate
2024-02-16,Station_East,Winter,198.02,323.51,53.18,26.95,1.65,5.12,12.3,68.5,2.4,359.5,Very Poor
2024-02-17,Station_East,Winter,273.97,404.97,57.74,7.73,1.03,5.0,15.9,55.6,2.1,409.8,Severe
2024-02-18,Station_East,Winter,136.88,276.6,52.41,49.55,5.38,6.35,11.5,64.8,3.7,312.9,Very Poor
2024-02-19,Station_East,Winter,86.53,199.28,24.76,14.43,0.9,5.0,10.6,63.9,4.4,191.4,Moderate
2024-02-20,Station_East,Winter,179.36,317.01,22.94,2.0,1.66,5.67,18.2,76.0,7.9,346.8,Very Poor
2024-02-21,Station_East,Winter,26.58,55.61,39.97,17.64,0.4,5.0,6.1,81.4,10.7,57.7,Satisfactory
2024-02-22,Station_East,Winter,60.75,116.53,26.96,10.67,1.24,8.17,15.0,72.5,12.9,110.2,Moderate
2024-02-23,Station_East,Winter,233.96,441.16,12.6,2.13,1.87,6.07,15.4,50.7,7.4,407.5,Severe
2024-02-24,Station_East,Winter,132.78,295.87,24.84,31.4,1.5,5.86,12.4,56.6,7.9,313.9,Very Poor
2024-02-25,Station_East,Winter,450.0,600.0,59.65,2.89,1.68,8.84,12.9,50.6,1.5,500.0,Severe
2024-02-26,Station_East,Winter,294.18,600.0,51.68,23.27,0.68,9.94,15.8,75.2,3.4,500.0,Severe
2024-02-27,Station_East,Winter,192.84,385.91,39.5,14.92,4.55,6.55,16.2,61.7,2.5,357.0,Very Poor
2024-02-28,Station_East,Winter,43.93,105.65,61.7,32.88,0.65,6.31,14.8,49.1,4.3,104.0,Moderate
2024-02-29,Station_East,Winter,230.81,361.69,74.54,2.89,1.12,7.21,14.0,66.6,4.3,383.3,Very Poor
2024-03-01,Station_East,Summer,53.18,111.45,26.66,67.66,0.89,51.64,40.1,38.0,14.5,107.8,Moderate
2024-03-02,Station_East,Summer,44.51,88.3,42.97,18.39,0.23,34.33,34.8,30.2,13.8,91.7,Satisfactory
2024-03-03,Station_East,Summer,34.23,74.93,13.78,9.12,0.45,19.63,40.0,43.9,11.2,73.3,Satisfactory
2024-03-04,Station_East,Summer,20.4,36.88,6.38,27.27,0.18,14.68,31.2,35.8,16.8,35.8,Good
2024-03-05,Station_East,Summer,31.55,55.48,45.98,12.26,0.49,58.44,33.0,52.3,17.2,58.0,Satisfactory
2024-03-06,Station_East,Summer,29.01,69.0,10.2,4.93,0.42,50.77,36.0,36.9,14.1,66.0,Satisfactory
2024-03-07,Station_East,Summer,31.21,84.53,17.91,24.24,1.05,15.08,40.3,33.2,19.3,86.9,Satisfactory
2024-03-08,Station_East,Summer,37.72,84.99,18.18,10.71,0.48,24.45,40.0,34.3,15.0,86.9,Satisfactory
2024-03-09,Station_East,Summer,23.58,45.01,23.88,29.35,0.61,43.17,36.8,46.1,15.3,45.5,Good
2024-03-10,Station_East,Summer,17.76,50.29,17.45,23.26,1.51,53.13,33.6,28.3,10.9,74.5,Satisfactory
2024-03-11,Station_East,Summer,35.24,60.1,39.28,49.37,0.1,53.5,33.1,51.2,20.6,60.5,Satisfactory
2024-03-12,Station_East,Summer,58.09,128.56,33.28,20.46,0.37,38.59,31.8,36.1,15.5,120.1,Moderate
2024-03-13,Station_East,Summer,65.52,131.94,37.86,11.67,0.39,75.87,40.4,48.6,10.5,122.3,Moderate
2024-03-14,Station_East,Summer,29.2,79.46,34.19,11.64,0.4,39.0,34.0,39.2,20.1,80.9,Satisfactory
2024-03-15,Station_East,Summer,54.77,103.46,15.81,7.44,0.4,31.55,35.5,46.4,14.2,99.9,Satisfactory
2024-03-16,Station_East,Summer,53.51,108.26,49.86,11.65,0.68,33.4,34.7,31.0,11.3,104.8,Moderate
2024-03-17,Station_East,Summer,79.22,129.24,39.81,18.9,0.8,35.18,36.1,21.8,14.1,166.0,Moderate
2024-03-18,Station_East,Summer,57.07,137.61,10.62,8.06,0.73,58.52,38.7,45.5,20.7,126.0,Moderate
2024-03-19,Station_East,Summer,35.39,77.19,11.19,15.21,0.62,43.67,40.0,40.2,15.8,76.0,Satisfactory
2024-03-20,Station_East,Summer,17.63,45.55,36.23,16.51,0.85,47.71,33.1,28.3,14.4,50.3,Satisfactory
2024-03-21,Station_East,Summer,37.47,88.12,32.7,19.0,0.29,70.38,36.5,45.2,13.6,88.4,Satisfactory
2024-03-22,Station_East,Summer,10.42,25.47,14.75,17.39,0.79,36.81,36.0,45.4,17.7,40.7,Good
2024-03-23,Station_East,Summer,28.14,68.25,27.01,34.76,0.54,61.6,40.0,46.2,11.1,69.4,Satisfactory
2024-03-24,Station_East,Summer,21.34,56.91,10.6,6.84,0.33,56.03,36.5,45.2,15.4,55.7,Satisfactory
2024-03-25,Station_East,Summer,22.09,71.37,8.91,12.21,0.44,43.86,42.4,30.0,8.1,74.1,Satisfactory
2024-03-26,Station_East,Summer,49.1,94.43,100.49,26.91,0.66,74.24,40.9,51.2,10.4,123.5,Moderate
2024-03-27,Station_East,Summer,30.58,60.71,20.74,15.94,0.27,32.65,42.6,38.6,13.3,60.5,Satisfactory
2024-03-28,Station_East,Summer,25.82,50.54,34.41,10.15,1.29,40.84,36.3,51.9,15.5,66.3,Satisfactory
2024-03-29,Station_East,Summer,49.52,91.54,21.44,12.18,0.81,40.29,35.5,34.4,12.8,90.3,Satisfactory
2024-03-30,Station_East,Summer,21.16,65.02,39.71,23.47,0.48,41.25,38.8,54.9,15.8,65.3,Satisfactory
2024-03-31,Station_East,Summer,11.02,30.51,16.43,7.26,0.21,27.79,27.0,27.5,14.9,30.2,Good
2024-04-01,Station_East,Summer,21.18,47.28,8.12,16.59,0.1,39.21,38.7,35.6,16.1,44.9,Good
2024-04-02,Station_East,Summer,29.68,69.73,7.59,14.13,0.58,38.37,36.2,39.6,14.2,72.0,Satisfactory
2024-04-03,Station_East,Summer,32.65,78.98,51.38,16.98,0.5,72.04,37.0,46.4,10.2,74.8,Satisfactory
2024-04-04,Station_East,Summer,20.49,60.25,17.62,17.54,0.29,36.6,35.0,36.2,16.4,59.0,Satisfactory
2024-04-05,Station_East,Summer,96.49,202.34,18.73,26.87,2.05,38.79,35.8,37.6,12.1,220.8,Poor
2024-04-06,Station_East,Summer,41.34,101.98,29.61,25.26,0.1,18.54,27.6,56.4,11.1,102.1,Moderate
2024-04-07,Station_East,Summer,68.33,137.85,14.67,23.69,0.54,36.06,30.5,55.2,12.8,127.4,Moderate
2024-04-08,Station_East,Summer,25.01,57.88,24.69,13.14,0.49,50.09,34.8,45.9,9.7,57.6,Satisfactory
2024-04-09,Station_East,Summer,41.94,81.27,7.82,8.07,0.56,21.96,33.2,38.4,12.7,83.7,Satisfactory
2024-04-10,Station_East,Summer,55.1,139.38,10.37,2.44,0.17,50.44,34.3,39.0,13.6,126.5,Moderate
2024-04-11,Station_East,Summer,9.03,31.11,66.32,54.47,0.38,85.76,38.1,31.9,18.0,89.2,Satisfactory
2024-04-12,Station_East,Summer,32.76,84.29,16.38,43.02,1.4,18.44,37.7,47.3,10.9,84.6,Satisfactory
2024-04-13,Station_East,Summer,36.52,76.13,32.28,19.75,1.68,48.89,37.7,42.4,17.0,84.0,Satisfactory
2024-04-14,Station_East,Summer,24.07,55.21,9.35,6.35,0.55,50.11,32.9,43.5,15.2,55.5,Satisfactory
2024-04-15,Station_East,Summer,18.59,46.69,49.6,25.53,2.26,44.68,33.2,42.6,10.9,104.9,Moderate
2024-04-16,Station_East,Summer,40.98,107.91,7.25,8.73,0.36,46.3,40.2,38.8,15.4,104.2,Moderate
2024-04-17,Station_East,Summer,18.18,47.01,18.69,7.83,0.17,64.08,36.8,33.4,17.2,63.7,Satisfactory
2024-04-18,Station_East,Summer,35.72,72.38,9.46,23.29,0.54,49.14,37.4,44.7,17.7,73.4,Satisfactory
2024-04-19,Station_East,Summer,55.51,124.29,41.52,8.7,0.68,47.08,38.1,41.4,9.6,116.6,Moderate
2024-04-20,Station_East,Summer,71.33,164.53,27.63,34.13,0.33,48.6,41.5,47.4,14.9,142.4,Moderate
2024-04-21,Station_East,Summer,43.59,83.79,55.6,15.34,0.34,76.69,43.1,40.0,14.5,85.0,Satisfactory
2024-04-22,Station_East,Summer,46.94,77.2,22.48,28.93,0.59,53.01,37.1,32.1,14.0,77.7,Satisfactory
2024-04-23,Station_East,Summer,35.69,86.87,10.58,11.5,0.74,51.89,36.6,40.9,17.4,87.6,Satisfactory
2024-04-24,Station_East,Summer,12.4,32.4,44.28,17.04,0.3,89.12,40.6,37.1,14.3,87.3,Satisfactory
2024-04-25,Station_East,Summer,31.11,73.66,16.16,6.51,0.5,19.96,30.8,37.6,13.9,73.6,Satisfactory
2024-04-26,Station_East,Summer,54.81,124.27,20.46,28.97,0.64,59.48,37.5,42.5,11.3,116.6,Moderate
2024-04-27,Station_East,Summer,55.81,133.91,35.5,48.74,0.39,32.43,30.1,32.6,18.6,122.4,Moderate
2024-04-28,Station_East,Summer,8.73,36.73,19.32,2.67,0.84,14.4,38.3,45.7,14.0,41.7,Good
2024-04-29,Station_East,Summer,27.08,80.54,17.55,30.12,0.36,31.4,35.6,47.0,20.3,81.3,Satisfactory
2024-04-30,Station_East,Summer,13.76,31.15,36.37,14.2,1.17,68.35,30.9,48.3,12.7,71.8,Satisfactory
2024-05-01,Station_East,Summer,9.82,29.03,5.0,15.87,0.37,48.35,34.9,36.4,23.4,48.4,Good
2024-05-02,Station_East,Summer,24.7,69.79,23.87,24.54,0.64,16.93,35.6,32.9,9.6,70.8,Satisfactory
2024-05-03,Station_East,Summer,77.44,156.97,11.48,23.25,0.68,58.25,36.9,46.2,14.6,157.0,Moderate
2024-05-04,Station_East,Summer,52.68,95.65,29.54,2.68,1.62,51.83,34.6,29.7,15.3,98.6,Satisfactory
2024-05-05,Station_East,Summer,17.9,36.29,18.07,41.14,0.27,37.78,38.3,63.7,9.9,52.1,Satisfactory
2024-05-06,Station_East,Summer,23.75,66.8,47.18,24.09,0.63,19.25,34.9,35.6,15.3,68.7,Satisfactory
2024-05-07,Station_East,Summer,63.3,126.06,53.84,11.39,1.9,57.59,36.7,46.2,5.6,116.9,Moderate
2024-05-08,Station_East,Summer,54.77,125.46,21.31,33.22,0.1,48.4,43.8,35.6,17.1,121.2,Moderate
2024-05-09,Station_East,Summer,22.18,64.03,14.52,32.12,0.86,37.89,35.6,49.6,16.7,62.9,Satisfactory
2024-05-10,Station_East,Summer,71.57,139.98,86.3,12.99,0.85,51.66,38.3,28.6,8.1,138.1,Moderate
2024-05-11,Station_East,Summer,51.54,130.38,5.0,22.36,0.19,47.27,37.9,56.1,12.8,119.9,Moderate
2024-05-12,Station_East,Summer,9.65,29.16,12.93,7.07,0.1,20.59,33.5,33.2,15.7,27.2,Good
2024-05-13,Station_East,Summer,34.41,84.08,25.64,15.37,0.41,32.12,27.6,44.1,14.1,82.4,Satisfactory
2024-05-14,Station_East,Summer,35.21,65.15,51.4,15.97,0.86,35.67,37.4,39.1,16.3,66.2,Satisfactory
2024-05-15,Station_East,Summer,67.84,118.62,10.87,11.48,0.7,62.98,35.5,40.9,11.7,126.0,Moderate
2024-05-16,Station_East,Summer,27.3,68.94,9.98,27.98,0.57,57.44,33.8,34.2,13.9,70.5,Satisfactory
2024-05-17,Station_East,Summer,35.14,84.33,54.75,25.92,0.22,85.44,38.5,32.6,13.9,85.4,Satisfactory
2024-05-18,Station_East,Summer,16.87,51.81,29.94,19.12,0.34,53.49,34.6,26.7,12.5,57.0,Satisfactory
2024-05-19,Station_East,Summer,16.5,47.39,14.65,18.52,0.23,40.18,35.4,40.8,18.1,46.5,Good
2024-05-20,Station_East,Summer,30.2,62.26,15.23,5.76,0.64,50.07,34.6,54.2,13.1,63.9,Satisfactory
2024-05-21,Station_East,Summer,32.6,72.15,19.0,6.37,0.52,73.38,39.1,54.9,17.5,74.3,Satisfactory
2024-05-22,Station_East,Summer,54.54,121.82,36.64,71.72,0.54,58.24,37.5,29.9,11.2,116.3,Moderate
2024-05-23,Station_East,Summer,23.48,62.27,13.84,29.77,0.33,47.52,37.5,58.8,14.4,63.8,Satisfactory
2024-05-24,Station_East,Summer,50.8,106.68,24.32,5.87,0.41,52.19,34.6,30.0,15.8,104.8,Moderate
2024-05-25,Station_East,Summer,81.57,191.09,25.65,20.78,0.89,29.25,34.1,42.9,10.8,171.4,Moderate
2024-05-26,Station_East,Summer,86.58,176.24,12.73,37.27,0.36,62.3,41.3,40.4,6.0,188.0,Moderate
2024-05-27,Station_East,Summer,65.57,108.28,27.5,5.98,1.25,53.47,32.9,37.3,14.1,119.5,Moderate
2024-05-28,Station_East,Summer,29.19,59.92,19.37,3.72,0.54,51.99,35.0,63.2,15.4,61.6,Satisfactory
2024-05-29,Station_East,Summer,12.31,29.22,15.81,32.93,0.22,55.86,40.8,41.0,21.9,57.3,Satisfactory
2024-05-30,Station_East,Summer,26.3,63.9,17.94,27.24,0.24,48.35,38.9,41.0,12.5,63.8,Satisfactory
2024-05-31,Station_East,Summer,28.11,71.45,44.16,37.45,0.31,23.67,36.7,30.1,15.0,71.2,Satisfactory
2024-06-01,Station_East,Monsoon,16.75,39.83,23.87,11.62,0.92,15.21,27.4,89.8,18.0,46.7,Good
2024-06-02,Station_East,Monsoon,11.86,36.82,17.77,35.32,0.49,36.53,31.5,87.5,18.0,45.3,Good
2024-06-03,Station_East,Monsoon,12.79,39.02,25.0,14.63,0.56,32.56,30.5,93.3,12.1,38.8,Good
2024-06-04,Station_East,Monsoon,23.97,67.86,21.19,20.38,0.49,32.17,32.6,86.5,13.1,64.7,Satisfactory
2024-06-05,Station_East,Monsoon,11.51,27.75,33.25,8.4,0.7,33.98,28.6,85.9,13.5,43.3,Good
2024-06-06,Station_East,Monsoon,17.67,45.71,17.84,18.69,0.88,29.38,27.9,98.0,16.8,47.1,Good
2024-06-07,Station_East,Monsoon,16.99,41.55,28.54,37.66,1.6,47.18,30.5,75.0,16.1,83.1,Satisfactory
2024-06-08,Station_East,Monsoon,18.99,51.73,29.39,8.35,0.27,17.16,23.6,74.0,15.6,51.7,Satisfactory
2024-06-09,Station_East,Monsoon,8.63,30.58,44.22,14.66,0.82,33.56,30.7,84.0,15.6,55.4,Satisfactory
2024-06-10,Station_East,Monsoon,20.3,48.78,13.54,10.17,1.31,23.04,28.7,98.0,9.2,65.8,Satisfactory
2024-06-11,Station_East,Monsoon,23.12,64.49,37.24,43.64,0.45,30.42,26.7,96.0,18.9,63.3,Satisfactory
2024-06-12,Station_East,Monsoon,26.05,53.7,41.53,11.25,0.21,35.72,35.6,85.2,15.3,55.5,Satisfactory
2024-06-13,Station_East,Monsoon,17.93,46.89,8.05,27.0,0.18,15.61,25.6,68.4,11.3,45.9,Good
2024-06-14,Station_East,Monsoon,13.73,45.36,8.47,15.56,0.53,11.11,30.7,80.6,17.6,43.6,Good
2024-06-15,Station_East,Monsoon,19.69,52.76,13.07,13.01,1.48,18.28,29.7,87.1,14.7,71.9,Satisfactory
2024-06-16,Station_East,Monsoon,18.3,52.11,8.15,11.58,0.28,41.34,32.2,82.9,21.6,52.2,Satisfactory
2024-06-17,Station_East,Monsoon,23.6,49.02,22.09,4.46,0.54,23.68,27.0,73.4,13.6,47.7,Good
2024-06-18,Station_East,Monsoon,31.83,76.03,40.97,10.52,1.08,24.16,25.0,78.7,17.1,77.7,Satisfactory
2024-06-19,Station_East,Monsoon,22.35,55.38,15.66,17.39,0.98,6.68,19.6,96.5,15.7,58.1,Satisfactory
2024-06-20,Station_East,Monsoon,21.32,50.15,7.41,22.35,0.13,17.82,26.2,76.8,21.9,52.7,Satisfactory
2024-06-21,Station_East,Monsoon,7.21,26.86,5.0,13.6,0.1,13.45,22.3,75.7,19.9,27.3,Good
2024-06-22,Station_East,Monsoon,6.33,25.05,18.85,10.1,0.56,33.3,29.5,83.7,11.5,32.0,Good
2024-06-23,Station_East,Monsoon,15.62,38.93,34.45,6.35,0.29,26.79,31.3,82.2,17.1,44.4,Good
2024-06-24,Station_East,Monsoon,8.37,29.97,31.07,12.6,0.67,40.14,30.1,90.7,14.4,39.2,Good
2024-06-25,Station_East,Monsoon,18.61,51.72,22.91,5.19,0.78,6.89,24.7,76.6,21.4,51.5,Satisfactory
2024-06-26,Station_East,Monsoon,18.71,47.8,21.4,28.86,0.26,52.83,29.3,90.1,18.7,49.9,Good
2024-06-27,Station_East,Monsoon,17.11,48.73,12.53,20.43,1.18,16.83,27.0,90.6,13.8,57.3,Satisfactory
2024-06-28,Station_East,Monsoon,13.43,36.13,12.46,15.62,0.85,38.44,29.2,71.6,17.5,43.4,Good
2024-06-29,Station_East,Monsoon,25.91,60.49,21.67,23.09,1.0,23.07,22.4,74.9,12.3,61.5,Satisfactory
2024-06-30,Station_East,Monsoon,21.1,56.24,11.94,15.11,0.85,24.3,25.4,82.0,14.6,58.9,Satisfactory
2024-07-01,Station_East,Monsoon,11.09,34.43,5.0,18.63,0.85,9.3,30.6,75.3,16.8,42.5,Good
2024-07-02,Station_East,Monsoon,14.31,37.53,21.26,23.89,0.17,38.15,33.8,80.9,14.9,35.9,Good
2024-07-03,Station_East,Monsoon,20.41,51.46,38.74,18.53,0.28,25.71,29.1,82.6,14.7,52.2,Satisfactory
2024-07-04,Station_East,Monsoon,11.86,38.29,55.36,26.57,0.78,48.95,30.7,82.0,16.2,68.0,Satisfactory
2024-07-05,Station_East,Monsoon,5.0,27.32,22.87,7.71,0.57,19.63,29.3,76.3,17.3,28.1,Good
2024-07-06,Station_East,Monsoon,9.73,42.46,56.91,9.74,1.03,28.51,26.6,74.0,18.8,72.4,Satisfactory
2024-07-07,Station_East,Monsoon,29.02,51.87,45.84,35.02,0.91,12.27,31.0,80.6,10.0,56.8,Satisfactory
2024-07-08,Station_East,Monsoon,7.82,28.22,20.31,12.19,0.37,43.67,35.2,77.2,19.8,43.4,Good
2024-07-09,Station_East,Monsoon,18.97,57.43,65.67,14.73,0.86,32.24,29.7,81.3,12.8,82.0,Satisfactory
2024-07-10,Station_East,Monsoon,13.5,42.95,33.74,2.0,0.54,42.19,28.3,72.2,15.5,39.5,Good
2024-07-11,Station_East,Monsoon,15.65,42.88,20.57,22.92,0.14,45.22,28.7,87.3,19.6,47.4,Good
2024-07-12,Station_East,Monsoon,7.46,30.45,38.47,22.29,0.19,14.97,21.6,71.8,13.7,48.2,Good
2024-07-13,Station_East,Monsoon,12.85,36.97,31.87,79.46,0.98,32.81,27.8,83.0,9.2,98.3,Satisfactory
2024-07-14,Station_East,Monsoon,30.42,80.63,36.37,21.18,0.43,29.15,30.8,80.7,18.6,83.3,Satisfactory
2024-07-15,Station_East,Monsoon,23.23,51.93,22.45,11.66,0.24,24.72,28.9,77.3,14.5,52.9,Satisfactory
2024-07-16,Station_East,Monsoon,15.26,36.78,34.14,2.0,0.83,66.87,32.2,79.5,12.3,68.0,Satisfactory
2024-07-17,Station_East,Monsoon,5.0,23.01,39.1,18.25,0.16,46.0,30.5,83.9,12.4,50.9,Satisfactory
2024-07-18,Station_East,Monsoon,16.55,44.97,45.36,10.27,0.1,5.13,18.7,89.5,17.8,58.3,Satisfactory
2024-07-19,Station_East,Monsoon,7.95,22.46,6.61,18.93,0.2,24.56,28.3,85.7,15.0,24.6,Good
2024-07-20,Station_East,Monsoon,14.95,46.05,22.65,17.85,0.79,11.19,23.1,91.7,17.2,44.6,Good
2024-07-21,Station_East,Monsoon,25.78,55.9,35.09,4.78,1.21,17.61,26.9,65.1,16.4,61.5,Satisfactory
2024-07-22,Station_East,Monsoon,6.22,30.24,20.38,21.71,0.62,55.94,32.3,88.1,20.5,57.6,Satisfactory
2024-07-23,Station_East,Monsoon,19.58,44.54,5.0,29.46,0.29,42.55,29.5,84.6,11.4,44.1,Good
2024-07-24,Station_East,Monsoon,12.09,28.72,31.66,14.0,1.49,15.24,25.2,78.3,17.3,74.2,Satisfactory
2024-07-25,Station_East,Monsoon,16.08,42.74,7.51,18.68,0.28,21.22,27.0,92.2,18.3,41.4,Good
2024-07-26,Station_East,Monsoon,5.02,20.07,18.61,5.35,0.37,35.82,27.1,81.9,17.1,35.9,Good
2024-07-27,Station_East,Monsoon,7.94,35.45,13.17,15.29,0.29,36.28,26.8,79.8,14.9,35.4,Good
2024-07-28,Station_East,Monsoon,35.78,70.88,20.77,19.1,1.18,30.39,30.0,85.5,13.2,72.8,Satisfactory
2024-07-29,Station_East,Monsoon,14.67,35.27,14.63,4.27,0.51,31.29,29.2,68.2,19.7,35.4,Good
2024-07-30,Station_East,Monsoon,13.07,48.18,15.03,8.45,1.77,10.59,21.3,95.6,15.8,88.3,Satisfactory
2024-07-31,Station_East,Monsoon,5.24,23.63,6.44,16.03,0.17,14.13,23.9,89.0,17.8,21.8,Good
2024-08-01,Station_East,Monsoon,11.4,41.55,14.7,22.37,0.34,53.24,32.8,73.2,21.4,53.8,Satisfactory
2024-08-02,Station_East,Monsoon,14.07,38.66,20.13,7.82,0.13,14.06,22.1,91.7,17.8,38.3,Good
2024-08-03,Station_East,Monsoon,22.68,48.49,36.63,8.14,0.44,37.64,26.7,74.9,13.5,48.2,Good
2024-08-04,Station_East,Monsoon,19.68,47.44,22.8,4.83,0.16,33.87,29.7,65.4,22.3,49.3,Good
2024-08-05,Station_East,Monsoon,12.99,33.39,8.95,15.01,1.06,8.01,23.5,84.6,12.1,52.5,Satisfactory
2024-08-06,Station_East,Monsoon,5.0,22.78,5.0,16.75,1.27,20.59,24.6,84.5,17.9,63.0,Satisfactory
2024-08-07,Station_East,Monsoon,17.5,43.65,29.62,9.79,0.21,15.05,26.0,85.3,17.3,43.4,Good
2024-08-08,Station_East,Monsoon,7.23,24.28,21.58,20.9,0.67,21.12,24.8,88.9,14.8,33.8,Good
2024-08-09,Station_East,Monsoon,6.77,29.38,6.62,15.86,1.38,21.91,27.6,72.2,12.8,67.4,Satisfactory
2024-08-10,Station_East,Monsoon,5.0,27.24,17.09,7.04,0.3,26.77,25.8,67.6,19.1,27.4,Good
2024-08-11,Station_East,Monsoon,14.88,42.53,20.37,13.51,0.94,14.96,24.6,91.1,17.7,48.2,Good
2024-08-12,Station_East,Monsoon,19.17,50.24,19.93,11.8,1.17,33.59,31.5,83.8,13.7,59.6,Satisfactory
2024-08-13,Station_East,Monsoon,47.89,89.4,32.28,8.85,0.86,29.58,29.5,66.2,17.0,90.0,Satisfactory
2024-08-14,Station_East,Monsoon,29.18,54.18,11.92,42.52,1.52,20.45,23.8,75.4,18.8,74.9,Satisfactory
2024-08-15,Station_East,Monsoon,7.08,29.51,18.78,20.03,0.45,14.09,30.0,91.8,13.6,27.5,Good
2024-08-16,Station_East,Monsoon,25.91,57.97,25.33,35.92,0.2,14.5,27.5,77.5,12.3,59.7,Satisfactory
2024-08-17,Station_East,Monsoon,5.0,42.01,7.12,15.19,0.35,20.8,26.9,80.6,21.6,43.3,Good
2024-08-18,Station_East,Monsoon,10.68,28.36,10.72,5.94,0.33,10.76,32.0,74.6,14.0,26.6,Good
2024-08-19,Station_East,Monsoon,11.37,24.32,11.35,26.13,1.09,17.36,27.2,80.4,15.3,55.6,Satisfactory
2024-08-20,Station_East,Monsoon,6.2,22.77,28.51,7.15,0.31,56.4,36.5,83.8,15.0,53.2,Satisfactory
2024-08-21,Station_East,Monsoon,17.15,47.68,16.0,6.88,1.37,26.5,28.9,77.9,11.8,70.1,Satisfactory
2024-08-22,Station_East,Monsoon,15.54,42.97,23.8,10.9,1.56,26.47,26.0,70.5,14.9,77.5,Satisfactory
2024-08-23,Station_East,Monsoon,16.89,38.3,25.79,18.97,0.1,34.64,28.4,85.5,16.6,38.7,Good
2024-08-24,Station_East,Monsoon,11.72,33.95,5.81,14.08,0.2,19.95,25.4,77.4,23.4,32.4,Good
2024-08-25,Station_East,Monsoon,18.41,64.03,6.54,27.71,0.91,30.07,30.9,74.3,11.3,64.6,Satisfactory
2024-08-26,Station_East,Monsoon,18.57,52.18,13.1,13.02,0.56,30.23,27.4,75.6,20.3,50.8,Satisfactory
2024-08-27,Station_East,Monsoon,12.65,30.15,31.5,16.6,0.48,28.71,32.5,72.8,18.3,40.6,Good
2024-08-28,Station_East,Monsoon,12.23,40.01,23.64,29.8,0.5,14.89,29.5,94.6,17.3,41.5,Good
2024-08-29,Station_East,Monsoon,11.99,43.73,40.5,19.88,0.59,39.92,29.4,81.2,15.7,53.3,Satisfactory
2024-08-30,Station_East,Monsoon,27.63,64.78,26.2,41.98,0.73,27.03,26.3,76.5,17.2,65.0,Satisfactory
2024-08-31,Station_East,Monsoon,15.46,48.92,12.29,24.26,0.18,51.18,36.4,88.6,14.6,51.5,Satisfactory
2024-09-01,Station_East,Monsoon,12.87,43.65,31.85,39.09,1.24,19.65,26.2,76.1,15.7,63.9,Satisfactory
2024-09-02,Station_East,Monsoon,15.04,40.69,76.96,36.88,0.41,21.8,25.4,73.6,11.7,94.3,Satisfactory
2024-09-03,Station_East,Monsoon,7.58,28.28,19.55,13.25,0.26,36.71,31.9,81.5,19.7,37.2,Good
2024-09-04,Station_East,Monsoon,22.95,51.61,36.65,22.98,0.91,27.68,29.2,91.6,16.0,51.6,Satisfactory
2024-09-05,Station_East,Monsoon,30.68,64.28,30.9,10.13,0.22,14.33,27.3,96.3,15.7,65.8,Satisfactory
2024-09-06,Station_East,Monsoon,5.0,18.19,35.57,23.76,0.53,35.18,28.5,74.7,13.6,44.1,Good
2024-09-07,Station_East,Monsoon,12.37,40.09,7.11,31.2,0.61,31.91,29.6,79.1,15.7,41.2,Good
2024-09-08,Station_East,Monsoon,20.76,70.61,46.45,22.04,0.42,33.47,29.0,66.9,12.8,72.6,Satisfactory
2024-09-09,Station_East,Monsoon,33.28,73.11,62.1,4.91,0.58,31.48,27.4,86.0,10.6,77.5,Satisfactory
2024-09-10,Station_East,Monsoon,10.82,37.02,36.16,15.62,0.27,45.36,29.9,75.6,20.8,44.2,Good
2024-09-11,Station_East,Monsoon,15.77,35.46,8.51,11.21,1.25,15.23,24.1,75.9,14.8,64.2,Satisfactory
2024-09-12,Station_East,Monsoon,17.87,45.05,11.29,23.03,0.22,14.35,31.0,79.3,19.0,45.4,Good
2024-09-13,Station_East,Monsoon,22.32,57.36,33.51,34.82,0.39,24.62,34.9,77.5,15.3,56.6,Satisfactory
2024-09-14,Station_East,Monsoon,14.55,51.66,23.01,62.81,0.25,29.47,32.0,95.9,16.3,80.3,Satisfactory
2024-09-15,Station_East,Monsoon,5.54,20.61,17.75,5.86,0.15,26.02,23.1,80.6,18.4,28.3,Good
2024-09-16,Station_East,Monsoon,13.71,43.76,8.85,33.73,1.33,32.17,25.0,66.2,16.4,65.8,Satisfactory
2024-09-17,Station_East,Monsoon,5.0,30.56,9.51,26.57,0.52,16.25,30.9,67.8,20.7,33.2,Good
2024-09-18,Station_East,Monsoon,8.29,35.48,13.86,27.95,0.72,28.84,26.0,85.1,17.6,37.6,Good
2024-09-19,Station_East,Monsoon,23.86,54.06,9.04,6.8,0.62,34.17,31.9,74.9,22.2,56.6,Satisfactory
2024-09-20,Station_East,Monsoon,14.61,32.68,16.4,29.57,0.28,16.46,27.0,64.0,16.6,36.8,Good
2024-09-21,Station_East,Monsoon,7.38,23.93,24.77,3.73,0.3,54.69,30.4,84.5,21.4,54.2,Satisfactory
2024-09-22,Station_East,Monsoon,12.44,42.59,23.33,11.18,0.91,16.82,31.9,96.5,16.6,47.0,Good
2024-09-23,Station_East,Monsoon,13.3,36.76,8.27,13.71,0.2,5.46,27.0,82.6,17.6,37.0,Good
2024-09-24,Station_East,Monsoon,9.3,27.1,18.15,21.17,0.12,32.77,31.2,81.1,17.5,31.5,Good
2024-09-25,Station_East,Monsoon,5.0,20.61,11.54,9.46,0.78,14.9,22.4,98.0,22.9,40.4,Good
2024-09-26,Station_East,Monsoon,9.82,41.01,19.36,8.47,0.89,26.16,30.2,84.5,17.4,44.5,Good
2024-09-27,Station_East,Monsoon,37.61,88.06,41.89,34.1,0.14,33.39,26.4,77.1,18.7,86.6,Satisfactory
2024-09-28,Station_East,Monsoon,9.59,31.28,12.49,3.08,0.1,22.92,27.8,83.2,16.2,30.0,Good
2024-09-29,Station_East,Monsoon,10.42,34.24,5.0,51.88,0.28,19.17,24.9,76.1,19.6,63.7,Satisfactory
2024-09-30,Station_East,Monsoon,9.14,28.92,7.24,18.98,0.17,13.26,24.5,77.9,17.4,30.1,Good
2024-10-01,Station_East,Post-Monsoon,27.17,74.8,12.04,43.9,0.31,8.38,18.5,49.7,12.1,72.8,Satisfactory
2024-10-02,Station_East,Post-Monsoon,46.06,105.12,75.21,42.67,1.38,22.34,21.5,53.8,6.4,105.1,Moderate
2024-10-03,Station_East,Post-Monsoon,90.35,153.74,20.89,30.49,0.17,14.94,26.7,40.8,8.5,201.2,Poor
2024-10-04,Station_East,Post-Monsoon,86.3,148.13,32.76,10.99,0.14,5.95,15.0,58.1,9.3,187.9,Moderate
2024-10-05,Station_East,Post-Monsoon,105.44,194.81,91.36,45.28,0.65,30.91,24.1,51.8,9.4,250.1,Poor
2024-10-06,Station_East,Post-Monsoon,27.11,56.06,34.24,13.24,0.88,34.25,27.0,53.5,12.2,56.3,Satisfactory
2024-10-07,Station_East,Post-Monsoon,238.32,445.01,54.8,12.57,1.32,9.1,19.0,60.7,5.0,406.6,Severe
2024-10-08,Station_East,Post-Monsoon,77.87,191.72,14.44,34.87,0.84,25.27,25.2,49.9,11.6,161.6,Moderate
2024-10-09,Station_East,Post-Monsoon,77.6,184.87,35.35,43.17,1.08,10.65,26.3,52.7,8.8,159.7,Moderate
2024-10-10,Station_East,Post-Monsoon,84.04,138.84,59.29,54.39,0.8,21.24,22.4,58.2,11.6,184.1,Moderate
2024-10-11,Station_East,Post-Monsoon,53.1,97.7,9.26,3.64,0.7,6.68,23.5,51.3,11.1,98.2,Satisfactory
2024-10-12,Station_East,Post-Monsoon,113.04,240.49,25.82,30.67,1.29,22.04,25.8,54.1,4.6,278.3,Poor
2024-10-13,Station_East,Post-Monsoon,222.82,394.69,48.43,11.96,0.15,14.8,21.8,61.2,6.1,378.8,Very Poor
2024-10-14,Station_East,Post-Monsoon,243.38,368.43,90.49,4.64,0.78,21.71,23.1,57.0,5.9,396.0,Very Poor
2024-10-15,Station_East,Post-Monsoon,198.47,334.23,26.88,3.27,2.21,38.32,29.2,51.3,8.0,361.3,Very Poor
2024-10-16,Station_East,Post-Monsoon,218.39,370.92,97.76,14.58,1.26,33.56,22.4,49.8,1.8,374.9,Very Poor
2024-10-17,Station_East,Post-Monsoon,80.18,156.73,41.69,33.07,2.67,10.91,26.3,47.2,7.8,166.2,Moderate
2024-10-18,Station_East,Post-Monsoon,16.44,53.24,55.72,9.26,0.9,38.52,26.3,52.6,9.6,70.7,Satisfactory
2024-10-19,Station_East,Post-Monsoon,165.63,258.55,12.03,52.44,1.59,6.81,26.1,41.8,8.3,338.7,Very Poor
2024-10-20,Station_East,Post-Monsoon,124.21,197.26,20.14,34.84,0.55,14.92,23.1,62.7,12.0,303.9,Very Poor
2024-10-21,Station_East,Post-Monsoon,138.92,312.06,45.91,57.53,2.0,19.15,22.8,49.2,6.5,316.4,Very Poor
2024-10-22,Station_East,Post-Monsoon,43.97,75.6,34.13,14.46,3.49,5.07,18.4,52.0,7.7,119.6,Moderate
2024-10-23,Station_East,Post-Monsoon,131.85,290.03,32.83,25.29,0.17,26.92,28.9,52.5,7.9,310.7,Very Poor
2024-10-24,Station_East,Post-Monsoon,49.57,119.7,15.69,8.48,0.78,22.29,27.2,41.0,10.4,114.8,Moderate
2024-10-25,Station_East,Post-Monsoon,110.37,192.95,22.02,22.01,1.47,6.53,23.4,74.3,8.5,264.6,Poor
2024-10-26,Station_East,Post-Monsoon,93.96,207.76,38.27,26.37,2.09,51.17,30.0,44.3,5.2,215.0,Poor
2024-10-27,Station_East,Post-Monsoon,237.27,424.01,116.84,7.36,0.19,12.43,17.9,53.4,5.0,393.6,Very Poor
2024-10-28,Station_East,Post-Monsoon,64.38,123.25,25.47,9.8,3.35,12.26,19.9,52.0,8.7,118.9,Moderate
2024-10-29,Station_East,Post-Monsoon,26.75,70.95,20.01,4.43,0.91,15.1,22.5,57.5,9.7,72.5,Satisfactory
2024-10-30,Station_East,Post-Monsoon,85.29,153.22,42.65,24.97,1.07,29.55,30.1,47.5,6.9,185.5,Moderate
2024-10-31,Station_East,Post-Monsoon,27.06,52.65,35.43,10.27,0.9,23.03,24.4,71.2,8.8,54.9,Satisfactory
2024-11-01,Station_East,Post-Monsoon,78.61,190.69,51.46,6.8,0.95,28.79,24.5,60.0,9.8,164.2,Moderate
2024-11-02,Station_East,Post-Monsoon,80.19,126.9,13.28,6.21,0.37,12.56,20.4,51.2,11.5,169.4,Moderate
2024-11-03,Station_East,Post-Monsoon,74.71,143.0,30.06,35.2,1.1,38.41,27.6,50.8,8.6,150.1,Moderate
2024-11-04,Station_East,Post-Monsoon,132.73,272.8,26.42,21.55,3.45,20.34,24.0,54.4,7.4,309.3,Very Poor
2024-11-05,Station_East,Post-Monsoon,48.63,89.61,55.54,25.86,0.42,8.31,18.1,54.4,11.7,88.3,Satisfactory
2024-11-06,Station_East,Post-Monsoon,68.2,171.72,8.8,9.5,1.07,16.98,24.6,47.6,11.1,146.6,Moderate
2024-11-07,Station_East,Post-Monsoon,115.57,183.14,71.81,12.8,2.95,22.61,20.2,42.3,10.8,286.4,Poor
2024-11-08,Station_East,Post-Monsoon,47.59,103.73,51.09,20.97,0.58,9.52,19.5,66.3,10.8,104.1,Moderate
2024-11-09,Station_East,Post-Monsoon,248.35,376.99,22.13,25.86,1.42,5.0,24.2,51.5,9.1,398.6,Very Poor
2024-11-10,Station_East,Post-Monsoon,50.28,128.6,35.76,6.29,0.68,29.32,24.7,61.0,10.1,119.8,Moderate
2024-11-11,Station_East,Post-Monsoon,145.7,299.92,13.18,4.11,2.25,26.54,27.0,61.1,8.0,322.5,Very Poor
2024-11-12,Station_East,Post-Monsoon,45.9,98.33,19.09,20.05,0.19,16.81,20.7,72.1,14.6,96.0,Satisfactory
2024-11-13,Station_East,Post-Monsoon,75.77,145.08,59.34,23.17,1.65,20.06,24.3,54.0,6.4,153.9,Moderate
2024-11-14,Station_East,Post-Monsoon,56.79,129.73,8.43,6.0,0.98,25.2,23.2,46.6,11.6,121.1,Moderate
2024-11-15,Station_East,Post-Monsoon,136.86,216.08,62.28,26.67,0.72,44.12,33.0,62.3,2.6,313.0,Very Poor
2024-11-16,Station_East,Post-Monsoon,144.48,285.28,34.84,27.47,1.68,27.41,25.5,53.6,4.6,317.0,Very Poor
2024-11-17,Station_East,Post-Monsoon,46.87,104.86,26.14,24.17,1.43,21.34,23.6,54.5,10.0,105.3,Moderate
2024-11-18,Station_East,Post-Monsoon,212.15,415.82,17.27,14.31,1.28,11.58,19.4,54.1,8.5,382.9,Very Poor
2024-11-19,Station_East,Post-Monsoon,198.91,409.13,59.9,9.29,1.7,14.94,23.5,47.5,7.3,375.2,Very Poor
2024-11-20,Station_East,Post-Monsoon,22.06,57.16,32.7,30.58,2.52,26.73,23.5,51.5,7.0,108.4,Moderate
2024-11-21,Station_East,Post-Monsoon,73.58,167.06,6.95,12.5,0.72,8.31,18.8,56.6,12.7,149.7,Moderate
2024-11-22,Station_East,Post-Monsoon,144.51,329.69,65.61,8.16,0.84,20.07,26.2,50.2,6.5,318.5,Very Poor
2024-11-23,Station_East,Post-Monsoon,98.11,209.82,39.41,28.96,0.78,18.5,29.2,62.1,10.4,228.7,Poor
2024-11-24,Station_East,Post-Monsoon,54.26,97.37,36.89,4.53,1.82,24.36,22.9,47.8,9.0,97.0,Satisfactory
2024-11-25,Station_East,Post-Monsoon,65.55,155.38,18.43,9.81,1.24,20.65,26.4,63.2,6.9,138.7,Moderate
2024-11-26,Station_East,Post-Monsoon,43.1,74.55,10.78,6.16,0.63,46.7,27.8,54.8,11.1,75.7,Satisfactory
2024-11-27,Station_East,Post-Monsoon,48.96,82.09,24.53,13.02,0.64,7.65,23.1,55.5,9.2,85.3,Satisfactory
2024-11-28,Station_East,Post-Monsoon,37.28,68.31,26.39,7.64,0.8,26.21,29.3,53.6,7.0,70.9,Satisfactory
2024-11-29,Station_East,Post-Monsoon,31.89,62.8,26.67,10.0,0.83,5.91,21.3,59.9,10.8,63.9,Satisfactory
2024-11-30,Station_East,Post-Monsoon,62.84,104.86,76.62,37.35,0.79,50.48,30.0,53.8,8.5,109.3,Moderate
2024-12-01,Station_East,Winter,132.39,275.53,39.96,21.86,4.42,5.0,12.6,68.0,5.3,311.2,Very Poor
2024-12-02,Station_East,Winter,148.04,312.99,103.57,19.54,0.18,6.84,7.2,72.7,6.8,324.3,Very Poor
2024-12-03,Station_East,Winter,69.11,127.85,48.43,17.61,0.2,7.41,14.7,61.1,9.8,130.9,Moderate
2024-12-04,Station_East,Winter,108.25,233.65,12.73,15.43,1.29,5.0,11.5,44.9,6.7,263.4,Poor
2024-12-05,Station_East,Winter,90.58,175.41,50.98,7.57,0.72,5.0,18.1,64.2,5.5,199.3,Moderate
2024-12-06,Station_East,Winter,61.63,132.52,50.31,21.02,1.72,7.4,14.2,76.3,6.5,125.5,Moderate
2024-12-07,Station_East,Winter,121.88,264.27,14.35,16.78,1.87,5.89,14.6,55.5,7.2,298.9,Poor
2024-12-08,Station_East,Winter,26.44,71.54,16.71,36.09,1.28,5.0,14.1,68.4,13.5,72.6,Satisfactory
2024-12-09,Station_East,Winter,150.35,327.17,39.2,17.64,2.94,8.24,11.3,60.1,8.4,323.5,Very Poor
2024-12-10,Station_East,Winter,172.48,294.63,88.09,12.53,0.93,7.0,5.0,43.7,2.6,344.3,Very Poor
2024-12-11,Station_East,Winter,56.63,125.53,34.87,64.72,1.09,5.0,16.7,73.1,9.4,117.9,Moderate
2024-12-12,Station_East,Winter,203.93,406.42,26.66,44.17,3.25,20.69,21.6,70.1,5.7,369.2,Very Poor
2024-12-13,Station_East,Winter,19.21,48.6,26.67,7.26,1.72,7.63,15.5,56.1,10.8,83.3,Satisfactory
2024-12-14,Station_East,Winter,96.05,162.29,15.89,25.72,0.67,8.54,15.9,61.5,5.9,221.1,Poor
2024-12-15,Station_East,Winter,123.31,191.76,40.17,4.8,1.05,5.0,8.1,76.8,7.4,302.1,Very Poor
2024-12-16,Station_East,Winter,58.33,133.42,42.0,24.96,0.91,10.21,12.5,62.8,11.9,124.9,Moderate
2024-12-17,Station_East,Winter,201.76,362.53,56.22,11.38,0.95,10.23,10.3,50.0,2.5,361.5,Very Poor
2024-12-18,Station_East,Winter,126.99,264.63,12.64,18.49,1.14,7.33,15.8,61.9,6.4,303.6,Very Poor
2024-12-19,Station_East,Winter,57.81,129.57,40.09,34.23,2.57,5.0,15.0,61.3,6.3,118.9,Moderate
2024-12-20,Station_East,Winter,109.02,236.57,123.36,19.51,1.74,8.03,15.1,53.6,3.9,264.3,Poor
2024-12-21,Station_East,Winter,231.64,519.07,33.03,8.78,3.35,5.05,13.3,56.8,4.8,452.8,Severe
2024-12-22,Station_East,Winter,179.69,325.75,147.88,25.62,3.19,7.94,16.9,74.9,1.5,348.9,Very Poor
2024-12-23,Station_East,Winter,34.01,73.68,129.0,15.03,0.48,16.29,18.2,57.4,4.9,152.0,Moderate
2024-12-24,Station_East,Winter,72.69,172.59,6.28,17.92,0.69,6.25,16.4,66.8,8.7,147.6,Moderate
2024-12-25,Station_East,Winter,34.14,88.81,36.93,41.72,0.62,8.72,15.4,57.7,7.1,91.0,Satisfactory
2024-12-26,Station_East,Winter,93.44,151.13,35.72,24.8,1.92,5.94,5.1,69.9,5.8,209.0,Poor
2024-12-27,Station_East,Winter,115.45,210.35,40.62,18.39,2.09,8.51,11.7,67.9,7.4,286.1,Poor
2024-12-28,Station_East,Winter,81.76,154.27,24.73,6.88,0.63,5.0,13.6,75.1,9.6,175.1,Moderate
2024-12-29,Station_East,Winter,39.65,89.53,15.15,14.44,0.84,5.0,13.2,70.4,11.7,93.0,Satisfactory
2024-12-30,Station_East,Winter,92.61,190.33,31.11,38.9,0.45,5.0,17.4,65.0,14.2,211.1,Poor
2023-01-01,Station_West,Winter,45.55,111.85,61.32,18.45,0.57,7.33,12.8,68.5,7.0,107.5,Moderate
2023-01-02,Station_West,Winter,108.39,192.74,26.95,3.56,1.85,6.58,18.0,67.7,10.4,260.9,Poor
2023-01-03,Station_West,Winter,26.14,43.23,20.77,40.9,1.01,5.0,11.4,60.9,8.9,50.7,Satisfactory
2023-01-04,Station_West,Winter,40.94,81.46,44.5,14.95,3.46,5.0,10.1,60.2,8.9,120.0,Moderate
2023-01-05,Station_West,Winter,123.96,263.52,44.8,10.82,2.26,10.63,18.8,68.0,3.3,302.1,Very Poor
2023-01-06,Station_West,Winter,357.97,600.0,38.93,13.13,1.45,20.25,23.9,76.4,5.0,500.0,Severe
2023-01-07,Station_West,Winter,450.0,600.0,117.99,16.14,8.47,7.79,11.8,71.5,1.5,500.0,Severe
2023-01-08,Station_West,Winter,98.93,209.87,18.33,12.42,1.06,5.0,14.5,60.8,8.0,231.6,Poor
2023-01-09,Station_West,Winter,52.1,120.21,43.45,7.01,0.22,5.0,8.8,44.8,10.5,113.1,Moderate
2023-01-10,Station_West,Winter,191.15,413.39,38.66,53.09,0.87,6.32,13.9,45.8,11.4,380.6,Very Poor
2023-01-11,Station_West,Winter,49.15,105.43,55.4,22.28,0.64,6.76,9.9,69.0,11.0,104.9,Moderate
2023-01-12,Station_West,Winter,202.65,367.3,5.9,10.11,0.38,5.0,7.0,85.0,7.6,364.1,Very Poor
2023-01-13,Station_West,Winter,189.01,386.57,39.5,6.2,1.23,5.0,13.7,66.0,1.5,353.4,Very Poor
2023-01-14,Station_West,Winter,220.7,369.62,121.32,9.23,3.86,15.26,18.2,72.3,2.4,380.1,Very Poor
2023-01-15,Station_West,Winter,137.68,228.48,14.83,33.88,1.65,5.0,15.9,63.6,5.8,314.1,Very Poor
2023-01-16,Station_West,Winter,35.29,62.94,52.12,19.12,0.99,6.1,10.9,62.4,7.1,66.6,Satisfactory
2023-01-17,Station_West,Winter,198.07,368.99,27.61,7.78,1.11,11.78,20.5,71.4,8.4,361.6,Very Poor
2023-01-18,Station_West,Winter,120.97,232.64,104.05,13.31,1.58,9.23,10.2,68.9,5.3,302.5,Very Poor
2023-01-19,Station_West,Winter,25.1,61.29,27.02,18.04,0.4,5.19,15.3,54.6,13.4,62.5,Satisfactory
2023-01-20,Station_West,Winter,109.12,208.26,65.41,10.49,1.54,6.51,15.7,71.5,8.7,263.9,Poor
2023-01-21,Station_West,Winter,82.41,181.54,88.57,7.48,0.57,13.11,18.9,79.8,10.5,175.2,Moderate
2023-01-22,Station_West,Winter,82.22,193.66,18.96,22.34,3.77,5.0,10.6,66.1,8.5,175.4,Moderate
2023-01-23,Station_West,Winter,69.22,148.21,5.87,33.72,1.47,6.44,11.3,48.2,8.1,129.8,Moderate
2023-01-24,Station_West,Winter,49.7,88.44,72.34,8.39,2.84,9.21,16.9,68.1,6.2,110.3,Moderate
2023-01-25,Station_West,Winter,160.1,315.9,69.0,20.56,1.93,6.66,16.7,60.5,5.0,332.9,Very Poor
2023-01-26,Station_West,Winter,181.25,358.73,121.17,50.63,2.09,8.96,14.7,53.4,2.6,348.5,Very Poor
2023-01-27,Station_West,Winter,116.43,244.34,19.89,21.52,0.44,5.0,11.4,58.0,9.5,287.2,Poor
2023-01-28,Station_West,Winter,232.88,464.62,15.85,9.08,0.91,5.0,9.2,64.7,7.2,420.5,Severe
2023-01-29,Station_West,Winter,108.38,216.29,27.33,27.22,0.4,8.63,20.8,78.1,11.8,262.5,Poor
2023-01-30,Station_West,Winter,96.79,159.37,55.62,20.25,0.51,6.08,14.8,68.6,6.7,223.4,Poor
2023-01-31,Station_West,Winter,33.48,75.14,7.11,8.23,0.83,6.12,12.8,66.6,7.8,76.6,Satisfactory
2023-02-01,Station_West,Winter,85.47,158.69,36.09,31.96,0.31,6.11,17.5,60.4,8.3,185.1,Moderate
2023-02-02,Station_West,Winter,67.4,153.55,26.25,26.91,0.74,7.86,9.2,56.6,9.7,136.5,Moderate
2023-02-03,Station_West,Winter,101.74,235.91,38.62,30.3,2.23,10.22,11.5,74.6,7.4,237.9,Poor
2023-02-04,Station_West,Winter,99.06,164.16,40.84,30.08,1.25,5.0,14.8,70.5,5.5,231.2,Poor
2023-02-05,Station_West,Winter,147.23,221.87,46.3,12.72,0.82,5.0,10.9,68.4,4.1,323.0,Very Poor
2023-02-06,Station_West,Winter,93.98,189.42,43.44,29.72,0.49,6.66,8.9,71.7,4.8,215.2,Poor
2023-02-07,Station_West,Winter,77.93,154.03,31.56,21.9,3.29,12.23,19.5,60.2,5.9,159.8,Moderate
2023-02-08,Station_West,Winter,103.4,244.54,64.93,18.86,0.88,5.0,13.1,61.6,7.0,245.9,Poor
2023-02-09,Station_West,Winter,102.13,235.63,30.72,15.03,0.38,8.5,12.9,84.8,5.5,239.5,Poor
2023-02-10,Station_West,Winter,178.83,326.55,51.18,23.56,0.47,5.21,11.7,61.0,9.9,345.2,Very Poor
2023-02-11,Station_West,Winter,181.27,407.93,62.35,9.84,0.7,9.08,9.7,61.2,5.9,373.2,Very Poor
2023-02-12,Station_West,Winter,50.65,111.12,11.04,37.68,1.36,9.82,19.2,71.8,10.9,106.6,Moderate
2023-02-13,Station_West,Winter,191.28,358.88,21.73,11.13,0.12,5.07,8.3,74.9,8.6,357.2,Very Poor
2023-02-14,Station_West,Winter,201.75,402.43,21.74,27.38,4.01,5.0,12.1,68.4,6.8,363.2,Very Poor
2023-02-15,Station_West,Winter,41.97,70.86,46.58,30.07,0.68,6.32,17.8,67.4,6.4,69.3,Satisfactory
2023-02-16,Station_West,Winter,134.32,286.62,58.52,17.98,1.59,12.51,18.1,54.5,5.2,314.7,Very Poor
2023-02-17,Station_West,Winter,142.35,254.24,31.08,16.23,0.81,5.0,16.8,64.3,9.4,315.5,Very Poor
2023-02-18,Station_West,Winter,183.21,405.67,17.67,22.19,0.42,6.21,7.1,65.8,7.3,369.1,Very Poor
2023-02-19,Station_West,Winter,193.62,414.32,41.79,18.84,2.31,7.24,10.9,47.8,11.5,378.6,Very Poor
2023-02-20,Station_West,Winter,193.07,301.41,7.81,8.49,1.42,5.91,12.1,72.0,4.5,357.5,Very Poor
2023-02-21,Station_West,Winter,155.64,340.51,69.08,11.17,2.47,5.0,14.9,71.3,4.6,329.2,Very Poor
2023-02-22,Station_West,Winter,209.48,356.26,25.31,9.61,1.79,7.86,15.1,51.6,3.1,369.1,Very Poor
2023-02-23,Station_West,Winter,187.79,370.68,13.72,10.05,0.55,5.51,18.1,77.2,9.0,351.1,Very Poor
2023-02-24,Station_West,Winter,172.79,274.77,77.41,27.58,1.55,6.2,15.8,63.7,4.6,342.2,Very Poor
2023-02-25,Station_West,Winter,112.29,239.15,43.47,28.88,1.48,5.0,11.4,69.1,7.3,275.6,Poor
2023-02-26,Station_West,Winter,215.9,358.82,91.92,16.78,5.19,5.0,12.7,52.2,4.4,373.4,Very Poor
2023-02-27,Station_West,Winter,135.44,225.26,60.54,12.74,1.84,7.95,11.0,56.5,6.2,313.9,Very Poor
2023-02-28,Station_West,Winter,171.94,328.77,93.29,14.54,4.07,7.95,12.5,58.1,3.8,338.2,Very Poor
2023-03-01,Station_West,Summer,10.26,34.37,42.25,17.22,0.38,49.0,39.7,21.6,13.9,53.8,Satisfactory
2023-03-02,Station_West,Summer,35.31,86.25,25.03,10.98,0.11,48.28,33.5,38.3,14.0,88.7,Satisfactory
2023-03-03,Station_West,Summer,40.85,73.45,47.52,26.5,1.31,28.26,33.3,33.1,16.6,74.1,Satisfactory
2023-03-04,Station_West,Summer,29.99,72.14,18.94,22.46,1.44,69.4,36.8,41.9,11.5,70.3,Satisfactory
2023-03-05,Station_West,Summer,24.65,56.1,5.0,11.04,1.15,48.52,36.2,36.2,16.0,56.1,Satisfactory
2023-03-06,Station_West,Summer,25.42,63.23,23.37,7.59,0.23,73.16,41.4,47.5,16.0,73.4,Satisfactory
2023-03-07,Station_West,Summer,56.47,129.81,32.19,2.0,0.51,25.97,30.3,35.8,15.2,120.7,Moderate
2023-03-08,Station_West,Summer,39.31,76.83,22.8,10.98,0.27,53.45,35.9,41.1,14.5,77.2,Satisfactory
2023-03-09,Station_West,Summer,21.7,51.31,62.96,18.73,0.7,43.3,38.4,42.5,12.2,78.1,Satisfactory
2023-03-10,Station_West,Summer,20.17,49.07,46.65,32.32,0.48,65.21,38.7,28.6,15.4,63.9,Satisfactory
2023-03-11,Station_West,Summer,29.93,74.86,36.05,6.44,1.02,51.68,33.4,36.4,13.5,76.9,Satisfactory
2023-03-12,Station_West,Summer,84.25,200.81,41.53,5.33,1.28,63.99,33.7,49.8,9.3,179.7,Moderate
2023-03-13,Station_West,Summer,24.92,59.66,56.85,12.52,1.62,76.73,32.8,38.2,14.1,80.4,Satisfactory
2023-03-14,Station_West,Summer,8.11,26.35,35.08,16.73,0.7,45.61,36.8,41.9,13.7,44.6,Good
2023-03-15,Station_West,Summer,12.93,39.92,59.96,23.82,1.13,52.39,38.7,33.1,13.3,75.9,Satisfactory
2023-03-16,Station_West,Summer,25.87,65.84,16.65,10.13,1.27,48.87,38.6,44.7,20.5,65.6,Satisfactory
2023-03-17,Station_West,Summer,29.64,74.66,54.12,44.09,0.85,85.34,38.2,39.3,8.4,84.9,Satisfactory
2023-03-18,Station_West,Summer,45.75,93.48,41.33,6.39,0.42,68.52,35.9,46.3,15.6,91.2,Satisfactory
2023-03-19,Station_West,Summer,39.95,85.72,26.56,6.7,1.02,21.92,36.6,29.1,8.1,86.2,Satisfactory
2023-03-20,Station_West,Summer,88.58,210.92,11.44,10.56,0.82,40.95,36.6,32.2,12.4,195.3,Moderate
2023-03-21,Station_West,Summer,27.33,65.24,5.88,49.45,0.19,31.22,38.2,34.7,14.3,67.1,Satisfactory
2023-03-22,Station_West,Summer,10.13,26.29,7.85,78.82,0.18,23.43,37.6,45.3,16.2,96.7,Satisfactory
2023-03-23,Station_West,Summer,39.38,74.47,22.37,9.93,0.16,34.57,37.0,26.4,9.9,74.9,Satisfactory
2023-03-24,Station_West,Summer,24.52,69.04,24.12,12.97,1.08,31.07,34.0,39.3,16.2,70.0,Satisfactory
2023-03-25,Station_West,Summer,61.76,106.8,31.7,27.57,0.65,47.58,31.2,32.4,14.2,106.0,Moderate
2023-03-26,Station_West,Summer,47.3,95.77,26.88,19.77,0.28,46.34,33.0,54.4,10.5,95.7,Satisfactory
2023-03-27,Station_West,Summer,50.01,98.84,14.84,32.41,0.21,48.53,37.1,46.1,14.4,97.4,Satisfactory
2023-03-28,Station_West,Summer,50.81,123.4,21.04,11.23,1.02,53.39,34.3,37.9,15.4,116.6,Moderate
2023-03-29,Station_West,Summer,23.59,51.24,27.1,18.93,0.37,54.42,32.7,35.1,12.7,52.2,Satisfactory
2023-03-30,Station_West,Summer,49.31,95.4,21.18,9.39,0.53,28.51,36.8,48.7,9.6,95.4,Satisfactory
2023-03-31,Station_West,Summer,14.36,39.88,32.55,19.49,1.61,36.08,30.8,40.1,10.4,84.6,Satisfactory
2023-04-01,Station_West,Summer,14.05,35.88,22.07,26.74,0.28,49.57,35.2,43.9,17.0,52.1,Satisfactory
2023-04-02,Station_West,Summer,29.45,58.39,42.53,11.41,0.41,61.11,33.3,50.5,7.2,60.2,Satisfactory
2023-04-03,Station_West,Summer,9.22,24.22,18.56,6.21,0.35,37.29,34.8,43.2,18.6,35.6,Good
2023-04-04,Station_West,Summer,46.47,96.03,25.02,3.48,1.72,24.56,33.1,39.6,10.3,94.5,Satisfactory
2023-04-05,Station_West,Summer,10.6,32.63,34.89,9.32,0.56,76.16,37.9,36.0,9.5,77.3,Satisfactory
2023-04-06,Station_West,Summer,8.77,30.63,32.69,40.68,0.99,27.46,33.4,42.3,14.2,50.7,Satisfactory
2023-04-07,Station_West,Summer,28.23,64.91,41.83,27.8,1.43,37.39,40.2,39.6,12.3,73.5,Satisfactory
2023-04-08,Station_West,Summer,12.42,33.93,21.61,8.92,0.3,39.09,34.8,31.4,13.9,40.3,Good
2023-04-09,Station_West,Summer,43.91,107.96,48.42,14.36,0.74,55.6,37.1,30.5,6.8,106.0,Moderate
2023-04-10,Station_West,Summer,90.39,171.83,49.04,6.64,0.34,32.73,31.9,40.7,14.9,202.7,Poor
2023-04-11,Station_West,Summer,19.35,49.12,14.41,10.4,0.71,15.45,38.4,46.3,11.8,50.4,Satisfactory
2023-04-12,Station_West,Summer,35.84,85.73,8.72,16.98,0.17,35.59,35.0,35.2,16.3,87.2,Satisfactory
2023-04-13,Station_West,Summer,16.2,46.87,5.0,19.51,2.28,37.37,33.9,46.8,10.2,104.3,Moderate
2023-04-14,Station_West,Summer,37.97,94.28,41.01,35.79,1.14,45.3,33.7,44.3,13.4,94.4,Satisfactory
2023-04-15,Station_West,Summer,56.14,100.7,30.27,21.18,0.48,34.82,33.7,37.9,11.8,103.6,Moderate
2023-04-16,Station_West,Summer,34.13,95.49,24.86,19.48,1.63,42.23,37.8,46.3,11.7,93.6,Satisfactory
2023-04-17,Station_West,Summer,11.88,28.83,23.43,7.98,0.1,41.07,37.9,46.9,15.3,40.5,Good
2023-04-18,Station_West,Summer,36.13,63.55,5.0,12.75,0.17,16.41,35.3,34.6,14.6,67.6,Satisfactory
2023-04-19,Station_West,Summer,25.01,61.99,25.17,13.88,0.62,11.98,27.4,48.8,14.3,62.6,Satisfactory
2023-04-20,Station_West,Summer,79.46,153.0,16.33,32.98,1.04,17.09,28.8,42.6,10.0,165.2,Moderate
2023-04-21,Station_West,Summer,16.26,48.62,6.19,21.92,1.01,30.61,27.8,47.5,13.6,51.0,Satisfactory
2023-04-22,Station_West,Summer,132.44,234.48,12.47,9.5,1.3,48.8,38.9,46.1,13.6,310.9,Very Poor
2023-04-23,Station_West,Summer,29.18,60.7,25.8,19.7,1.32,13.09,30.3,27.2,14.2,66.5,Satisfactory
2023-04-24,Station_West,Summer,76.05,135.19,28.66,10.25,0.74,38.8,33.9,39.5,12.1,155.1,Moderate
2023-04-25,Station_West,Summer,56.34,112.41,21.2,14.31,0.29,33.16,32.4,59.0,12.4,110.2,Moderate
2023-04-26,Station_West,Summer,100.92,208.16,17.13,46.64,0.22,31.44,32.1,49.2,12.9,234.9,Poor
2023-04-27,Station_West,Summer,17.76,50.41,8.78,34.62,0.46,46.89,35.1,48.5,15.0,51.9,Satisfactory
2023-04-28,Station_West,Summer,42.14,86.37,26.43,23.26,0.1,26.26,37.3,32.2,19.1,87.5,Satisfactory
2023-04-29,Station_West,Summer,56.5,138.31,8.94,20.66,2.01,42.55,35.3,41.2,14.4,125.7,Moderate
2023-04-30,Station_West,Summer,24.64,53.0,40.7,10.03,2.46,26.85,29.1,41.9,15.0,109.7,Moderate
2023-05-01,Station_West,Summer,30.11,70.59,27.86,58.61,0.68,40.75,34.1,32.5,14.5,72.4,Satisfactory
2023-05-02,Station_West,Summer,40.79,78.03,13.68,5.09,0.86,32.39,36.6,55.2,18.3,79.4,Satisfactory
2023-05-03,Station_West,Summer,19.61,50.85,11.01,17.98,0.31,44.3,37.1,45.3,15.5,49.0,Good
2023-05-04,Station_West,Summer,11.89,34.36,46.98,14.06,0.21,34.69,32.0,48.0,11.8,59.4,Satisfactory
2023-05-05,Station_West,Summer,88.68,147.36,32.49,34.9,0.61,39.3,34.0,50.4,12.0,197.3,Moderate
2023-05-06,Station_West,Summer,60.98,119.68,18.05,10.44,0.94,49.99,37.1,37.7,12.3,111.8,Moderate
2023-05-07,Station_West,Summer,31.63,75.43,8.4,15.71,1.39,44.85,47.4,50.5,15.9,75.5,Satisfactory
2023-05-08,Station_West,Summer,58.32,105.36,8.66,8.28,0.17,59.44,38.6,45.4,14.9,102.3,Moderate
2023-05-09,Station_West,Summer,21.68,56.55,64.29,29.1,0.13,64.75,43.5,37.7,17.0,79.9,Satisfactory
2023-05-10,Station_West,Summer,136.58,249.53,29.17,17.54,0.26,63.49,36.9,45.0,11.8,314.9,Very Poor
2023-05-11,Station_West,Summer,21.05,67.0,17.49,11.11,0.37,41.69,34.5,42.9,11.0,65.4,Satisfactory
2023-05-12,Station_West,Summer,30.03,61.4,21.0,34.58,0.59,57.94,36.4,56.6,17.9,60.3,Satisfactory
2023-05-13,Station_West,Summer,87.21,158.36,43.43,20.78,1.29,75.77,39.2,33.2,10.5,190.3,Moderate
2023-05-14,Station_West,Summer,20.82,60.08,55.53,36.49,1.12,30.28,38.7,49.9,9.9,70.7,Satisfactory
2023-05-15,Station_West,Summer,40.91,83.16,5.32,4.67,0.51,31.88,40.0,43.7,14.7,83.7,Satisfactory
2023-05-16,Station_West,Summer,80.55,147.27,57.83,34.13,0.62,73.04,37.3,32.1,12.4,168.7,Moderate
2023-05-17,Station_West,Summer,49.4,81.47,23.2,27.11,0.25,32.33,37.1,44.8,15.7,79.9,Satisfactory
2023-05-18,Station_West,Summer,18.7,41.73,5.0,25.49,0.88,41.12,41.5,31.3,11.1,43.5,Good
2023-05-19,Station_West,Summer,7.39,29.43,22.18,25.49,1.08,26.85,35.0,45.2,16.8,57.5,Satisfactory
2023-05-20,Station_West,Summer,16.11,56.55,58.41,6.58,0.56,76.67,35.4,48.7,10.3,75.8,Satisfactory
2023-05-21,Station_West,Summer,27.69,81.7,7.43,7.79,0.86,28.41,37.3,36.3,17.4,81.3,Satisfactory
2023-05-22,Station_West,Summer,34.54,84.03,27.64,12.42,1.04,31.81,34.4,44.6,11.6,84.9,Satisfactory
2023-05-23,Station_West,Summer,23.1,55.9,9.3,28.84,0.4,48.64,37.6,31.6,15.8,57.5,Satisfactory
2023-05-24,Station_West,Summer,19.43,57.82,5.0,40.85,0.29,26.34,28.5,52.2,16.6,59.4,Satisfactory
2023-05-25,Station_West,Summer,19.24,40.09,20.75,8.6,0.87,31.06,35.1,41.6,11.3,44.0,Good
2023-05-26,Station_West,Summer,47.84,116.2,5.06,13.31,1.62,30.12,33.2,24.9,13.7,112.0,Moderate
2023-05-27,Station_West,Summer,62.69,133.24,31.74,40.21,1.55,32.25,31.8,39.7,9.2,121.8,Moderate
2023-05-28,Station_West,Summer,48.49,122.7,10.93,43.75,0.85,39.46,35.6,50.1,9.3,116.8,Moderate
2023-05-29,Station_West,Summer,40.63,103.39,45.05,45.1,1.32,67.94,38.3,30.9,9.1,104.4,Moderate
2023-05-30,Station_West,Summer,44.52,115.81,20.9,23.89,0.98,51.04,39.3,43.2,10.0,111.3,Moderate
2023-05-31,Station_West,Summer,18.72,40.95,38.22,14.11,0.45,37.43,35.5,42.5,18.1,47.9,Good
2023-06-01,Station_West,Monsoon,56.31,96.52,25.51,28.15,1.74,28.27,25.2,81.8,15.6,94.7,Satisfactory
2023-06-02,Station_West,Monsoon,22.99,57.43,13.76,3.12,0.54,5.0,33.7,92.1,14.9,58.4,Satisfactory
2023-06-03,Station_West,Monsoon,28.28,69.6,16.79,9.99,0.41,31.55,29.7,80.2,13.3,69.2,Satisfactory
2023-06-04,Station_West,Monsoon,48.87,117.09,5.37,29.02,2.2,36.73,27.3,94.8,11.7,113.0,Moderate
2023-06-05,Station_West,Monsoon,22.51,55.33,17.14,35.41,0.81,18.6,22.0,93.2,20.5,55.0,Satisfactory
2023-06-06,Station_West,Monsoon,33.31,67.69,17.53,21.52,0.77,23.71,29.4,94.5,11.0,69.2,Satisfactory
2023-06-07,Station_West,Monsoon,24.48,59.47,40.37,14.31,1.1,47.84,29.7,90.1,13.9,63.2,Satisfactory
2023-06-08,Station_West,Monsoon,18.35,51.95,19.61,15.82,0.81,16.04,25.3,75.0,16.4,52.8,Satisfactory
2023-06-09,Station_West,Monsoon,7.55,18.88,34.45,5.27,0.4,41.28,27.2,76.0,15.8,42.2,Good
2023-06-10,Station_West,Monsoon,13.88,40.0,18.1,13.07,1.27,16.27,24.9,78.4,18.8,61.8,Satisfactory
2023-06-11,Station_West,Monsoon,46.34,91.85,39.15,24.78,2.49,44.91,30.2,82.0,10.5,108.6,Moderate
2023-06-12,Station_West,Monsoon,9.89,34.37,41.01,35.69,0.51,30.1,24.0,89.3,14.2,51.5,Satisfactory
2023-06-13,Station_West,Monsoon,21.72,51.28,19.28,56.5,0.92,44.76,30.4,75.2,18.1,69.7,Satisfactory
2023-06-14,Station_West,Monsoon,27.37,57.44,58.81,15.84,0.64,35.53,25.7,83.4,13.6,75.9,Satisfactory
2023-06-15,Station_West,Monsoon,20.69,54.6,7.41,21.05,0.6,27.36,26.9,80.6,15.3,55.1,Satisfactory
2023-06-16,Station_West,Monsoon,13.53,38.88,38.51,7.81,0.96,25.37,25.4,67.1,16.3,49.1,Good
2023-06-17,Station_West,Monsoon,15.75,38.73,17.73,25.87,0.12,19.89,32.0,76.0,14.8,39.5,Good
2023-06-18,Station_West,Monsoon,15.46,45.31,18.59,46.36,0.31,16.76,24.5,85.3,19.4,57.9,Satisfactory
2023-06-19,Station_West,Monsoon,5.0,24.6,12.3,19.38,0.82,47.16,34.6,86.2,17.5,46.1,Good
2023-06-20,Station_West,Monsoon,7.69,25.65,8.52,13.08,0.81,11.6,24.0,82.6,16.6,41.6,Good
2023-06-21,Station_West,Monsoon,8.39,42.1,47.63,10.17,0.98,58.8,35.4,70.2,17.6,62.1,Satisfactory
2023-06-22,Station_West,Monsoon,15.43,47.63,44.13,27.83,0.85,41.87,29.3,81.2,12.8,56.4,Satisfactory
2023-06-23,Station_West,Monsoon,18.45,50.76,48.4,38.46,1.58,50.14,31.1,76.7,15.0,80.5,Satisfactory
2023-06-24,Station_West,Monsoon,20.06,57.03,69.95,5.47,0.28,32.23,36.1,90.6,13.5,87.3,Satisfactory
2023-06-25,Station_West,Monsoon,9.18,26.26,26.52,7.86,0.42,27.95,28.0,85.0,17.0,37.0,Good
2023-06-26,Station_West,Monsoon,11.78,43.59,50.35,46.0,1.12,24.24,25.1,78.6,13.7,62.3,Satisfactory
2023-06-27,Station_West,Monsoon,16.78,44.52,27.5,6.19,0.35,21.77,32.4,82.4,21.5,42.8,Good
2023-06-28,Station_West,Monsoon,44.03,103.76,43.63,43.72,0.29,44.55,31.3,93.9,11.4,102.3,Moderate
2023-06-29,Station_West,Monsoon,18.67,65.74,7.63,15.85,1.19,25.12,27.7,77.7,14.1,66.6,Satisfactory
2023-06-30,Station_West,Monsoon,11.59,30.41,32.2,47.49,0.1,15.13,25.2,77.7,13.0,60.6,Satisfactory
2023-07-01,Station_West,Monsoon,22.07,46.78,21.14,14.7,0.92,39.6,25.9,80.8,18.4,46.6,Good
2023-07-02,Station_West,Monsoon,8.72,27.29,18.66,28.18,0.17,34.89,33.6,81.6,15.7,32.8,Good
2023-07-03,Station_West,Monsoon,31.01,66.55,16.22,10.07,0.16,33.91,33.3,78.6,17.5,65.9,Satisfactory
2023-07-04,Station_West,Monsoon,19.79,52.83,53.75,43.62,0.48,21.05,26.6,96.4,15.1,67.8,Satisfactory
2023-07-05,Station_West,Monsoon,65.78,123.54,14.0,33.25,0.37,9.01,21.5,91.9,11.0,116.0,Moderate
2023-07-06,Station_West,Monsoon,10.02,37.51,38.79,28.17,0.34,20.75,24.8,73.9,14.2,47.3,Good
2023-07-07,Station_West,Monsoon,16.4,37.98,20.02,16.56,0.67,17.31,22.2,91.2,18.1,39.3,Good
2023-07-08,Station_West,Monsoon,35.01,63.48,13.16,34.19,1.05,26.54,27.9,85.5,16.4,65.1,Satisfactory
2023-07-09,Station_West,Monsoon,23.43,67.12,43.16,22.31,0.5,15.44,35.3,81.5,13.4,69.8,Satisfactory
2023-07-10,Station_West,Monsoon,18.81,51.13,22.27,19.35,0.89,13.58,23.4,73.5,17.2,51.5,Satisfactory
2023-07-11,Station_West,Monsoon,40.33,91.06,24.23,26.6,0.61,29.36,26.9,71.5,16.7,88.3,Satisfactory
2023-07-12,Station_West,Monsoon,11.31,44.84,24.7,25.71,0.51,16.16,28.4,69.4,15.9,42.8,Good
2023-07-13,Station_West,Monsoon,8.91,32.21,29.5,28.9,1.46,38.98,32.4,81.1,16.8,72.6,Satisfactory
2023-07-14,Station_West,Monsoon,11.19,34.3,15.65,46.16,0.35,10.38,23.6,86.0,17.8,60.3,Satisfactory
2023-07-15,Station_West,Monsoon,5.0,32.26,14.94,24.8,0.35,14.54,23.5,85.7,18.1,31.4,Good
2023-07-16,Station_West,Monsoon,9.13,24.45,37.5,10.55,0.67,41.55,25.9,77.0,13.7,47.7,Good
2023-07-17,Station_West,Monsoon,5.92,24.31,9.94,5.18,2.01,55.09,31.4,83.9,20.2,55.1,Satisfactory
2023-07-18,Station_West,Monsoon,22.33,66.33,5.0,38.34,1.38,14.11,24.3,86.4,15.3,66.7,Satisfactory
2023-07-19,Station_West,Monsoon,14.64,46.63,23.7,34.61,0.57,22.31,22.3,73.9,15.5,48.7,Good
2023-07-20,Station_West,Monsoon,34.95,98.93,33.09,24.12,0.1,38.02,30.0,74.9,13.1,98.5,Satisfactory
2023-07-21,Station_West,Monsoon,19.59,50.28,69.95,2.68,1.17,51.61,28.6,76.5,10.0,82.5,Satisfactory
2023-07-22,Station_West,Monsoon,15.74,44.12,67.08,4.04,0.22,45.72,26.5,69.2,14.5,82.8,Satisfactory
2023-07-23,Station_West,Monsoon,22.19,63.79,30.97,29.09,0.24,13.88,30.9,80.5,12.8,66.9,Satisfactory
2023-07-24,Station_West,Monsoon,22.56,51.88,39.62,20.37,0.53,37.48,24.7,85.1,18.9,53.5,Satisfactory
2023-07-25,Station_West,Monsoon,9.37,29.81,56.7,3.4,0.76,30.71,25.0,77.0,13.2,73.5,Satisfactory
2023-07-26,Station_West,Monsoon,22.07,59.08,44.24,16.04,0.27,26.05,31.0,89.9,14.4,62.9,Satisfactory
2023-07-27,Station_West,Monsoon,18.31,36.67,14.28,52.32,0.56,31.95,25.2,79.1,16.6,65.4,Satisfactory
2023-07-28,Station_West,Monsoon,37.73,82.1,26.3,20.04,0.27,35.1,27.4,77.0,10.2,81.7,Satisfactory
2023-07-29,Station_West,Monsoon,19.92,53.68,5.81,37.97,0.35,15.59,23.7,83.0,20.7,57.0,Satisfactory
2023-07-30,Station_West,Monsoon,37.87,83.15,17.41,42.98,0.42,32.23,28.1,71.0,11.1,82.3,Satisfactory
2023-07-31,Station_West,Monsoon,17.23,55.94,34.34,8.12,0.17,32.06,23.8,90.5,12.6,57.9,Satisfactory
2023-08-01,Station_West,Monsoon,20.27,63.15,67.56,6.87,0.8,15.69,24.1,76.4,14.5,82.0,Satisfactory
2023-08-02,Station_West,Monsoon,45.64,82.02,17.22,15.89,0.44,34.72,30.0,79.1,13.8,81.9,Satisfactory
2023-08-03,Station_West,Monsoon,5.82,38.52,43.27,37.33,1.15,28.49,29.6,82.9,12.9,57.8,Satisfactory
2023-08-04,Station_West,Monsoon,10.77,31.84,42.26,13.13,0.8,31.22,27.3,76.7,16.4,55.2,Satisfactory
2023-08-05,Station_West,Monsoon,24.23,59.0,10.64,56.22,1.73,29.16,27.9,69.2,15.7,88.6,Satisfactory
2023-08-06,Station_West,Monsoon,7.64,27.23,15.99,14.08,0.3,28.21,26.6,87.2,17.8,27.1,Good
2023-08-07,Station_West,Monsoon,5.0,17.63,9.76,27.13,0.2,22.93,28.5,95.2,17.8,35.7,Good
2023-08-08,Station_West,Monsoon,5.0,30.33,29.36,19.44,0.47,48.26,29.1,74.8,13.2,48.3,Good
2023-08-09,Station_West,Monsoon,19.1,42.27,22.48,24.85,0.27,30.53,32.2,84.2,22.4,39.8,Good
2023-08-10,Station_West,Monsoon,11.04,40.21,9.35,27.49,0.4,10.24,23.7,98.0,19.4,39.1,Good
2023-08-11,Station_West,Monsoon,6.42,32.94,17.22,24.99,0.78,20.84,23.9,81.6,13.4,40.5,Good
2023-08-12,Station_West,Monsoon,20.0,55.74,71.08,6.74,0.61,30.3,32.2,73.8,11.9,88.6,Satisfactory
2023-08-13,Station_West,Monsoon,15.09,42.68,21.13,27.76,0.2,41.86,33.3,80.5,20.7,41.6,Good
2023-08-14,Station_West,Monsoon,12.93,37.55,16.74,7.4,0.55,10.75,19.4,90.3,17.9,37.1,Good
2023-08-15,Station_West,Monsoon,10.56,43.28,32.22,7.8,0.26,41.65,27.7,85.4,16.6,42.4,Good
2023-08-16,Station_West,Monsoon,24.95,66.4,36.46,10.46,1.03,13.06,26.5,83.6,15.9,65.9,Satisfactory
2023-08-17,Station_West,Monsoon,13.89,46.72,14.89,34.69,0.67,8.1,26.1,73.3,16.7,48.7,Good
2023-08-18,Station_West,Monsoon,15.09,38.85,5.0,14.19,1.09,17.94,36.0,79.7,17.1,57.9,Satisfactory
2023-08-19,Station_West,Monsoon,21.53,49.19,39.59,7.04,0.44,39.8,32.1,86.1,18.8,48.2,Good
2023-08-20,Station_West,Monsoon,15.53,47.85,30.14,18.74,0.43,29.11,31.1,72.9,9.4,47.4,Good
2023-08-21,Station_West,Monsoon,18.94,55.2,5.0,50.11,1.72,30.29,35.5,85.7,16.9,86.9,Satisfactory
2023-08-22,Station_West,Monsoon,17.1,46.68,20.55,34.47,0.38,31.91,28.1,78.3,14.6,47.6,Good
2023-08-23,Station_West,Monsoon,22.7,53.04,35.62,20.5,1.33,5.0,22.9,95.9,15.2,68.6,Satisfactory
2023-08-24,Station_West,Monsoon,13.16,27.28,36.31,2.97,0.6,5.0,29.1,77.9,15.2,45.1,Good
2023-08-25,Station_West,Monsoon,36.72,83.06,53.9,36.16,0.51,29.79,26.7,86.3,14.0,86.0,Satisfactory
2023-08-26,Station_West,Monsoon,28.08,70.65,8.03,5.92,0.45,12.21,25.6,81.5,14.0,73.2,Satisfactory
2023-08-27,Station_West,Monsoon,45.13,113.48,22.05,14.29,0.79,19.54,31.1,85.1,12.3,107.1,Moderate
2023-08-28,Station_West,Monsoon,17.3,48.87,16.59,30.23,0.6,18.27,25.0,87.6,15.3,48.1,Good
2023-08-29,Station_West,Monsoon,5.67,16.46,16.25,26.97,1.16,23.02,29.0,69.8,13.2,59.1,Satisfactory
2023-08-30,Station_West,Monsoon,17.61,55.05,11.15,14.38,0.57,25.38,30.7,72.7,15.8,56.4,Satisfactory
2023-08-31,Station_West,Monsoon,18.6,42.93,31.53,20.52,1.03,12.26,21.3,84.7,18.2,52.0,Satisfactory
2023-09-01,Station_West,Monsoon,23.44,67.16,31.53,43.33,0.99,33.68,27.2,93.6,11.0,67.1,Satisfactory
2023-09-02,Station_West,Monsoon,5.0,21.31,19.44,25.42,0.28,22.88,30.1,91.5,18.6,31.6,Good
2023-09-03,Station_West,Monsoon,23.01,60.2,11.63,14.74,0.68,23.78,27.2,83.0,17.4,62.1,Satisfactory
2023-09-04,Station_West,Monsoon,41.29,96.9,10.97,6.91,0.42,15.9,26.2,71.3,11.4,96.6,Satisfactory
2023-09-05,Station_West,Monsoon,13.18,36.94,24.13,17.56,0.41,23.1,28.9,90.6,16.6,36.2,Good
2023-09-06,Station_West,Monsoon,32.43,64.63,41.08,11.12,2.06,12.83,25.1,81.0,10.0,101.9,Moderate
2023-09-07,Station_West,Monsoon,51.41,137.02,26.97,6.86,0.26,29.69,29.8,86.7,15.3,123.5,Moderate
2023-09-08,Station_West,Monsoon,36.28,83.76,42.95,3.23,1.95,46.23,33.5,80.2,6.3,99.3,Satisfactory
2023-09-09,Station_West,Monsoon,47.0,88.16,47.39,10.56,0.31,35.56,25.6,79.1,14.7,86.9,Satisfactory
2023-09-10,Station_West,Monsoon,6.49,26.19,12.33,17.86,0.24,17.82,23.9,84.8,15.9,27.1,Good
2023-09-11,Station_West,Monsoon,10.49,30.99,29.76,50.23,0.49,17.21,23.6,86.9,19.2,63.2,Satisfactory
2023-09-12,Station_West,Monsoon,23.64,62.56,34.23,23.8,0.34,18.31,25.2,81.7,20.3,62.9,Satisfactory
2023-09-13,Station_West,Monsoon,19.69,53.88,37.79,18.4,0.35,16.45,25.7,79.3,15.2,54.4,Satisfactory
2023-09-14,Station_West,Monsoon,21.63,58.22,7.45,7.94,1.41,44.59,30.6,72.9,14.5,70.0,Satisfactory
2023-09-15,Station_West,Monsoon,38.82,79.1,34.51,8.88,0.11,20.66,26.0,90.2,14.3,76.5,Satisfactory
2023-09-16,Station_West,Monsoon,13.72,33.62,6.62,11.29,0.1,17.27,24.1,84.0,15.0,34.0,Good
2023-09-17,Station_West,Monsoon,5.0,21.05,26.9,19.62,0.43,14.75,30.2,82.8,19.5,37.1,Good
2023-09-18,Station_West,Monsoon,9.33,39.98,64.92,24.92,1.52,31.91,28.8,85.5,15.0,79.1,Satisfactory
2023-09-19,Station_West,Monsoon,13.21,32.9,5.0,8.18,0.17,27.99,28.1,78.8,11.8,31.0,Good
2023-09-20,Station_West,Monsoon,16.85,40.78,20.79,11.91,0.81,11.39,27.8,80.9,13.6,39.1,Good
2023-09-21,Station_West,Monsoon,16.35,38.76,8.3,29.03,0.6,19.55,24.2,86.0,20.7,37.3,Good
2023-09-22,Station_West,Monsoon,22.01,51.28,10.61,23.96,1.6,10.23,27.2,95.3,12.7,79.7,Satisfactory
2023-09-23,Station_West,Monsoon,16.95,40.4,42.52,66.24,0.18,25.02,28.3,83.1,21.6,83.4,Satisfactory
2023-09-24,Station_West,Monsoon,9.38,32.57,45.21,21.11,0.67,28.68,31.3,60.8,18.8,57.3,Satisfactory
2023-09-25,Station_West,Monsoon,14.99,40.41,43.14,45.2,0.25,28.88,28.9,87.2,18.0,54.9,Satisfactory
2023-09-26,Station_West,Monsoon,14.54,40.73,13.51,20.43,0.1,22.37,28.0,70.1,24.0,38.0,Good
2023-09-27,Station_West,Monsoon,11.94,36.36,13.39,21.31,0.97,40.69,37.0,76.4,18.0,48.1,Good
2023-09-28,Station_West,Monsoon,10.29,26.85,11.68,46.21,0.26,33.12,31.9,71.6,20.5,59.9,Satisfactory
2023-09-29,Station_West,Monsoon,6.58,24.37,19.36,12.39,0.41,24.43,28.1,84.4,19.1,24.8,Good
2023-09-30,Station_West,Monsoon,7.25,25.84,22.25,12.01,0.45,24.69,24.2,75.0,13.2,28.8,Good
2023-10-01,Station_West,Post-Monsoon,100.0,200.13,43.07,39.57,1.54,37.29,29.6,47.9,5.1,234.3,Poor
2023-10-02,Station_West,Post-Monsoon,156.57,311.46,60.59,23.04,1.06,10.43,18.4,46.9,8.0,328.8,Very Poor
2023-10-03,Station_West,Post-Monsoon,153.17,325.72,26.95,29.43,0.78,16.1,22.5,52.7,6.2,327.9,Very Poor
2023-10-04,Station_West,Post-Monsoon,58.36,115.08,79.94,23.55,1.28,7.84,15.9,57.3,7.6,112.5,Moderate
2023-10-05,Station_West,Post-Monsoon,202.65,356.18,89.19,27.07,1.15,20.6,27.1,44.7,5.2,362.7,Very Poor
2023-10-06,Station_West,Post-Monsoon,129.66,233.7,68.74,26.67,1.07,38.63,25.7,60.6,9.2,307.0,Very Poor
2023-10-07,Station_West,Post-Monsoon,102.78,173.55,52.1,79.88,0.5,23.42,25.8,43.8,5.2,241.5,Poor
2023-10-08,Station_West,Post-Monsoon,244.18,521.02,20.22,19.75,1.19,27.91,22.3,56.0,7.1,455.2,Severe
2023-10-09,Station_West,Post-Monsoon,305.22,493.06,67.09,38.07,0.79,19.23,18.6,46.9,4.4,438.2,Severe
2023-10-10,Station_West,Post-Monsoon,66.8,134.24,41.65,25.3,1.39,20.17,21.2,65.7,8.4,122.8,Moderate
2023-10-11,Station_West,Post-Monsoon,166.96,258.63,25.25,13.27,1.1,9.9,24.5,53.5,5.2,338.0,Very Poor
2023-10-12,Station_West,Post-Monsoon,57.04,135.47,40.81,42.09,0.68,28.04,23.9,60.3,9.9,124.2,Moderate
2023-10-13,Station_West,Post-Monsoon,114.76,209.36,33.89,31.81,0.1,5.0,18.8,57.7,8.3,284.3,Poor
2023-10-14,Station_West,Post-Monsoon,127.65,222.61,53.8,18.38,1.05,9.98,21.4,66.9,8.5,306.1,Very Poor
2023-10-15,Station_West,Post-Monsoon,87.37,173.18,73.58,2.0,1.07,33.68,28.9,50.2,7.7,191.1,Moderate
2023-10-16,Station_West,Post-Monsoon,120.76,243.75,25.9,51.96,0.75,16.63,23.3,49.6,11.1,300.8,Very Poor
2023-10-17,Station_West,Post-Monsoon,67.31,143.46,37.0,15.97,0.32,12.45,21.4,58.6,9.6,130.3,Moderate
2023-10-18,Station_West,Post-Monsoon,40.13,81.53,22.47,31.78,0.48,18.18,22.4,58.1,13.2,79.8,Satisfactory
2023-10-19,Station_West,Post-Monsoon,42.49,77.45,18.34,52.18,0.32,17.34,26.8,49.6,9.8,77.2,Satisfactory
2023-10-20,Station_West,Post-Monsoon,137.66,228.32,14.99,20.22,1.59,18.39,28.2,43.6,6.4,313.9,Very Poor
2023-10-21,Station_West,Post-Monsoon,192.24,292.2,45.68,38.98,1.18,32.73,28.8,64.3,10.1,353.9,Very Poor
2023-10-22,Station_West,Post-Monsoon,224.35,392.07,150.11,35.36,1.71,22.85,22.6,67.4,3.8,378.7,Very Poor
2023-10-23,Station_West,Post-Monsoon,81.52,153.42,77.31,23.56,0.29,5.0,16.1,54.6,10.1,171.2,Moderate
2023-10-24,Station_West,Post-Monsoon,77.57,162.33,14.1,47.51,2.46,5.12,15.0,44.3,8.9,155.7,Moderate
2023-10-25,Station_West,Post-Monsoon,58.58,143.4,16.27,14.65,0.7,15.32,21.9,57.1,9.7,128.2,Moderate
2023-10-26,Station_West,Post-Monsoon,81.47,155.14,64.26,20.27,0.62,13.7,19.8,59.0,6.9,170.0,Moderate
2023-10-27,Station_West,Post-Monsoon,58.18,122.29,56.15,12.69,0.11,25.8,22.3,74.3,11.3,117.6,Moderate
2023-10-28,Station_West,Post-Monsoon,91.07,188.15,49.8,14.12,1.28,14.36,21.0,48.4,4.5,206.0,Poor
2023-10-29,Station_West,Post-Monsoon,83.69,203.61,93.74,12.53,1.2,39.86,26.7,57.7,6.3,180.7,Moderate
2023-10-30,Station_West,Post-Monsoon,77.32,146.81,53.26,33.68,0.51,22.02,28.3,51.7,7.0,156.1,Moderate
2023-10-31,Station_West,Post-Monsoon,56.85,135.44,76.35,46.83,3.38,13.34,20.4,50.1,2.8,124.0,Moderate
2023-11-01,Station_West,Post-Monsoon,37.21,94.31,47.53,7.56,1.43,29.1,31.3,57.1,9.5,98.7,Satisfactory
2023-11-02,Station_West,Post-Monsoon,197.16,450.52,107.35,10.64,4.13,17.95,26.8,53.8,2.3,412.7,Severe
2023-11-03,Station_West,Post-Monsoon,25.29,46.22,46.32,26.44,1.4,20.9,25.0,55.1,11.1,71.7,Satisfactory
2023-11-04,Station_West,Post-Monsoon,74.42,172.87,10.44,9.95,0.15,11.6,19.8,55.4,13.5,149.6,Moderate
2023-11-05,Station_West,Post-Monsoon,83.36,138.75,11.4,10.94,2.15,20.01,23.8,46.8,10.6,178.7,Moderate
2023-11-06,Station_West,Post-Monsoon,109.86,187.25,54.16,37.36,0.6,44.22,28.4,63.5,9.4,266.8,Poor
2023-11-07,Station_West,Post-Monsoon,175.67,304.14,60.7,10.12,1.18,17.06,31.4,48.1,6.9,342.4,Very Poor
2023-11-08,Station_West,Post-Monsoon,150.42,285.11,74.02,26.55,2.21,14.7,21.5,50.4,6.5,323.8,Very Poor
2023-11-09,Station_West,Post-Monsoon,131.99,253.1,33.33,24.94,2.01,37.35,29.1,50.3,1.6,310.8,Very Poor
2023-11-10,Station_West,Post-Monsoon,80.83,136.44,31.37,23.27,0.93,30.99,26.2,46.6,7.8,166.9,Moderate
2023-11-11,Station_West,Post-Monsoon,96.49,178.72,34.43,19.3,1.22,5.0,17.0,61.7,10.8,222.1,Poor
2023-11-12,Station_West,Post-Monsoon,73.53,177.61,18.33,23.43,0.26,11.86,24.0,68.5,9.5,153.7,Moderate
2023-11-13,Station_West,Post-Monsoon,47.02,79.27,13.8,8.33,1.55,26.21,25.7,45.5,14.7,80.0,Satisfactory
2023-11-14,Station_West,Post-Monsoon,51.5,106.04,30.22,37.99,0.35,20.79,22.1,42.3,8.2,104.0,Moderate
2023-11-15,Station_West,Post-Monsoon,110.77,258.82,29.33,50.13,0.48,29.87,23.8,61.8,8.6,267.7,Poor
2023-11-16,Station_West,Post-Monsoon,49.62,104.44,34.08,39.39,0.71,10.25,21.0,36.5,10.7,105.5,Moderate
2023-11-17,Station_West,Post-Monsoon,15.56,43.3,22.31,27.57,1.51,18.97,24.6,60.2,14.1,72.7,Satisfactory
2023-11-18,Station_West,Post-Monsoon,88.26,159.68,22.64,34.77,0.55,5.23,18.0,54.8,7.5,194.9,Moderate
2023-11-19,Station_West,Post-Monsoon,69.23,158.26,37.03,13.79,1.27,19.6,25.6,47.8,7.5,142.5,Moderate
2023-11-20,Station_West,Post-Monsoon,84.46,172.92,5.96,4.22,1.05,22.44,27.2,46.3,11.1,181.9,Moderate
2023-11-21,Station_West,Post-Monsoon,73.73,166.55,43.86,11.43,0.95,39.79,29.2,46.0,5.2,143.3,Moderate
2023-11-22,Station_West,Post-Monsoon,117.77,201.0,23.05,20.19,0.23,32.75,27.7,50.8,8.1,290.9,Poor
2023-11-23,Station_West,Post-Monsoon,37.49,91.71,13.44,32.3,0.7,18.57,26.1,46.8,8.7,93.3,Satisfactory
2023-11-24,Station_West,Post-Monsoon,123.25,262.99,30.98,7.79,0.45,18.53,25.0,69.6,7.0,302.6,Very Poor
2023-11-25,Station_West,Post-Monsoon,55.2,135.03,17.67,26.12,0.27,40.27,29.1,55.4,9.1,124.5,Moderate
2023-11-26,Station_West,Post-Monsoon,79.85,167.13,49.18,7.04,0.97,5.65,17.8,55.0,9.9,165.5,Moderate
2023-11-27,Station_West,Post-Monsoon,65.2,126.52,63.4,9.56,1.1,11.49,21.7,46.6,9.3,116.7,Moderate
2023-11-28,Station_West,Post-Monsoon,26.13,68.63,82.4,21.97,1.34,26.58,24.7,52.6,8.0,103.2,Moderate
2023-11-29,Station_West,Post-Monsoon,86.94,198.83,5.56,6.49,0.93,20.96,26.1,49.7,8.7,190.0,Moderate
2023-11-30,Station_West,Post-Monsoon,243.81,405.07,92.56,51.06,1.68,36.68,26.1,58.9,4.7,395.4,Very Poor
2023-12-01,Station_West,Winter,75.57,169.27,23.07,8.91,0.95,5.07,6.8,63.2,14.4,152.8,Moderate
2023-12-02,Station_West,Winter,416.68,600.0,52.72,12.88,2.04,5.0,16.9,63.7,1.5,500.0,Severe
2023-12-03,Station_West,Winter,71.74,169.46,31.06,24.43,0.92,5.3,14.4,73.5,11.0,147.7,Moderate
2023-12-04,Station_West,Winter,94.88,159.78,118.33,11.37,2.81,7.35,19.3,64.9,4.0,215.9,Poor
2023-12-05,Station_West,Winter,69.68,118.54,44.98,6.45,0.58,7.7,16.5,75.4,8.8,137.7,Moderate
2023-12-06,Station_West,Winter,151.8,283.74,30.36,38.5,4.18,5.0,8.3,73.2,6.5,325.9,Very Poor
2023-12-07,Station_West,Winter,166.56,295.62,17.85,9.35,1.35,5.0,11.8,68.4,8.5,335.8,Very Poor
2023-12-08,Station_West,Winter,94.54,209.0,20.88,8.17,3.18,5.0,13.5,63.1,11.8,215.9,Poor
2023-12-09,Station_West,Winter,141.64,230.61,46.08,6.19,1.22,5.0,6.7,70.2,7.3,317.6,Very Poor
2023-12-10,Station_West,Winter,109.85,244.99,127.99,15.0,3.18,5.96,16.9,60.2,3.0,267.4,Poor
2023-12-11,Station_West,Winter,117.26,186.35,28.49,19.98,1.24,6.28,11.4,54.6,10.2,291.4,Poor
2023-12-12,Station_West,Winter,139.8,307.83,69.91,17.88,2.62,8.9,16.4,75.8,4.6,316.3,Very Poor
2023-12-13,Station_West,Winter,196.8,375.29,82.2,27.31,0.53,5.0,18.2,52.7,2.8,359.6,Very Poor
2023-12-14,Station_West,Winter,79.79,170.21,34.73,40.15,1.79,5.0,15.6,53.9,8.3,165.9,Moderate
2023-12-15,Station_West,Winter,365.77,600.0,93.25,7.78,1.7,15.38,18.6,69.1,3.3,500.0,Severe
2023-12-16,Station_West,Winter,32.07,54.06,46.19,12.73,1.13,5.56,13.5,64.9,12.1,59.8,Satisfactory
2023-12-17,Station_West,Winter,33.96,71.9,48.5,9.24,0.51,10.59,12.2,71.4,8.3,71.6,Satisfactory
2023-12-18,Station_West,Winter,172.49,384.92,50.36,16.18,2.06,8.24,12.2,62.0,7.9,342.2,Very Poor
2023-12-19,Station_West,Winter,51.19,100.2,47.6,30.4,0.91,6.49,10.2,59.4,10.3,102.4,Moderate
2023-12-20,Station_West,Winter,162.83,319.22,16.05,18.8,1.33,5.27,10.7,63.5,5.8,333.8,Very Poor
2023-12-21,Station_West,Winter,102.25,208.1,47.44,11.62,1.06,8.26,13.8,65.2,11.7,242.1,Poor
2023-12-22,Station_West,Winter,96.07,211.92,55.6,31.28,0.94,5.97,17.3,66.6,5.0,220.0,Poor
2023-12-23,Station_West,Winter,107.05,178.73,18.67,17.54,2.54,5.2,10.9,63.0,7.2,256.1,Poor
2023-12-24,Station_West,Winter,130.35,252.75,71.08,69.91,1.92,5.0,11.6,62.7,5.7,308.8,Very Poor
2023-12-25,Station_West,Winter,85.78,134.86,86.76,31.84,1.17,9.83,11.6,64.0,7.5,187.3,Moderate
2023-12-26,Station_West,Winter,94.8,204.16,108.13,22.43,1.2,5.91,12.7,79.9,4.2,216.6,Poor
2023-12-27,Station_West,Winter,60.71,133.0,48.62,28.51,0.54,5.0,12.6,67.1,9.6,121.8,Moderate
2023-12-28,Station_West,Winter,217.03,434.61,71.78,16.31,3.12,10.78,18.7,68.1,6.4,405.0,Severe
2023-12-29,Station_West,Winter,233.11,420.43,20.9,28.87,1.6,7.33,18.0,65.5,14.6,389.4,Very Poor
2023-12-30,Station_West,Winter,100.57,196.69,44.05,36.76,0.31,10.53,17.7,82.1,11.9,234.8,Poor
2023-12-31,Station_West,Winter,305.86,562.11,28.56,35.22,0.35,5.0,10.0,69.8,6.6,476.6,Severe
2024-01-01,Station_West,Winter,232.75,515.82,8.75,13.34,0.4,5.0,12.6,54.0,11.1,451.1,Severe
2024-01-02,Station_West,Winter,206.92,408.87,50.99,21.77,2.28,7.03,12.3,81.7,4.9,370.1,Very Poor
2024-01-03,Station_West,Winter,191.47,296.74,129.73,23.9,1.27,5.0,13.1,57.6,7.5,357.7,Very Poor
2024-01-04,Station_West,Winter,235.37,419.61,28.54,7.13,1.05,7.69,13.6,82.9,6.4,387.6,Very Poor
2024-01-05,Station_West,Winter,322.97,600.0,220.0,29.63,7.08,12.83,13.9,56.1,1.5,497.2,Severe
2024-01-06,Station_West,Winter,127.4,205.22,19.42,5.32,1.8,5.0,15.7,53.6,6.3,309.5,Very Poor
2024-01-07,Station_West,Winter,150.31,276.77,16.4,22.38,0.93,6.23,9.6,76.8,11.7,323.8,Very Poor
2024-01-08,Station_West,Winter,152.87,332.57,40.03,23.95,2.69,5.0,9.8,75.8,5.6,327.8,Very Poor
2024-01-09,Station_West,Winter,154.85,313.14,51.81,26.54,1.19,5.18,10.0,56.0,5.4,326.2,Very Poor
2024-01-10,Station_West,Winter,245.87,436.71,81.38,2.0,1.66,5.0,11.7,61.0,6.4,401.6,Severe
2024-01-11,Station_West,Winter,96.74,150.31,23.16,5.89,0.62,5.0,14.1,63.1,12.6,227.2,Poor
2024-01-12,Station_West,Winter,184.92,275.57,220.0,30.76,2.47,15.11,12.8,56.9,4.9,348.8,Very Poor
2024-01-13,Station_West,Winter,71.67,137.61,53.27,32.22,0.23,6.96,12.7,69.6,11.4,141.3,Moderate
2024-01-14,Station_West,Winter,51.1,94.9,35.08,10.43,0.62,5.2,12.0,64.6,9.8,94.3,Satisfactory
2024-01-15,Station_West,Winter,77.7,135.23,23.87,15.97,0.99,9.96,18.8,81.7,8.0,159.6,Moderate
2024-01-16,Station_West,Winter,182.47,278.09,51.69,41.74,0.95,5.0,12.9,75.1,6.6,351.7,Very Poor
2024-01-17,Station_West,Winter,53.01,118.17,34.84,39.45,0.57,5.0,16.9,54.9,9.4,110.3,Moderate
2024-01-18,Station_West,Winter,211.31,461.2,99.3,13.23,9.37,8.09,15.8,68.1,3.7,418.3,Severe
2024-01-19,Station_West,Winter,36.55,56.71,17.35,22.05,0.67,5.72,12.8,68.7,9.5,61.9,Satisfactory
2024-01-20,Station_West,Winter,207.29,312.51,87.2,19.24,0.25,5.16,12.1,76.2,4.6,367.9,Very Poor
2024-01-21,Station_West,Winter,110.38,196.88,17.39,10.89,1.13,5.0,11.7,69.7,7.5,268.7,Poor
2024-01-22,Station_West,Winter,240.75,534.68,93.9,6.25,5.53,8.49,11.0,55.7,3.6,461.9,Severe
2024-01-23,Station_West,Winter,131.41,213.53,50.62,61.64,1.26,5.11,8.9,58.1,3.7,309.6,Very Poor
2024-01-24,Station_West,Winter,21.93,42.26,35.79,20.34,1.71,6.05,13.8,68.4,9.9,83.0,Satisfactory
2024-01-25,Station_West,Winter,103.63,206.32,33.23,24.74,0.73,6.11,12.2,64.7,7.6,247.2,Poor
2024-01-26,Station_West,Winter,66.32,114.84,26.4,23.89,1.31,5.0,11.4,66.1,10.3,121.0,Moderate
2024-01-27,Station_West,Winter,64.58,152.33,41.92,45.65,1.96,5.53,9.3,74.9,8.5,135.4,Moderate
2024-01-28,Station_West,Winter,209.46,332.27,38.1,23.09,2.45,5.0,14.7,55.6,5.2,372.7,Very Poor
2024-01-29,Station_West,Winter,57.9,150.11,50.41,37.55,0.21,6.39,12.1,45.5,9.4,135.0,Moderate
2024-01-30,Station_West,Winter,139.84,308.52,48.13,21.33,0.5,7.59,16.8,69.4,4.6,315.1,Very Poor
2024-01-31,Station_West,Winter,122.46,256.46,22.42,6.98,0.33,5.5,7.7,65.0,6.5,304.3,Very Poor
2024-02-01,Station_West,Winter,60.47,111.71,22.34,31.24,0.25,6.02,20.4,55.5,7.4,109.9,Moderate
2024-02-02,Station_West,Winter,133.08,210.89,17.07,28.07,0.18,7.17,15.6,74.3,6.7,308.4,Very Poor
2024-02-03,Station_West,Winter,75.37,184.51,20.08,12.53,3.22,15.99,20.3,76.2,5.1,158.9,Moderate
2024-02-04,Station_West,Winter,52.97,95.11,19.05,51.85,3.7,5.0,13.9,68.3,4.9,122.4,Moderate
2024-02-05,Station_West,Winter,38.66,85.82,43.29,9.24,3.71,5.0,13.3,56.7,7.9,122.2,Moderate
2024-02-06,Station_West,Winter,245.49,397.17,22.37,17.34,0.87,6.34,11.0,69.1,6.6,396.4,Very Poor
2024-02-07,Station_West,Winter,72.7,112.69,48.25,18.38,1.21,5.0,9.5,48.2,8.0,143.1,Moderate
2024-02-08,Station_West,Winter,189.08,434.49,20.99,20.12,2.51,13.98,18.5,68.5,4.8,402.9,Severe
2024-02-09,Station_West,Winter,102.38,213.98,5.35,11.29,1.03,5.0,14.6,59.8,11.7,242.5,Poor
2024-02-10,Station_West,Winter,108.39,234.68,51.95,18.98,0.47,5.0,18.0,71.0,4.6,259.4,Poor
2024-02-11,Station_West,Winter,127.22,218.3,32.9,49.35,2.78,5.73,11.3,71.8,10.1,308.3,Very Poor
2024-02-12,Station_West,Winter,145.69,289.71,46.57,22.65,0.81,8.61,15.8,64.4,8.7,322.2,Very Poor
2024-02-13,Station_West,Winter,96.48,163.82,10.73,23.79,0.63,5.0,16.6,61.1,9.3,222.4,Poor
2024-02-14,Station_West,Winter,56.6,112.48,38.08,16.62,1.79,10.71,13.7,75.4,10.3,106.5,Moderate
2024-02-15,Station_West,Winter,86.66,149.55,32.85,30.35,3.22,16.78,20.9,54.3,4.6,190.2,Moderate
2024-02-16,Station_West,Winter,140.5,253.45,20.64,50.31,0.66,5.0,12.7,72.7,10.0,316.2,Very Poor
2024-02-17,Station_West,Winter,112.95,242.21,64.47,20.85,0.61,7.21,12.6,54.7,6.9,275.7,Poor
2024-02-18,Station_West,Winter,134.97,301.78,33.24,28.55,2.3,5.36,17.4,63.2,6.7,313.1,Very Poor
2024-02-19,Station_West,Winter,116.45,175.08,17.3,27.22,0.4,5.87,18.1,65.4,10.5,286.0,Poor
2024-02-20,Station_West,Winter,70.85,134.23,33.54,43.65,1.52,5.05,15.4,58.0,8.7,136.1,Moderate
2024-02-21,Station_West,Winter,150.97,311.8,50.61,40.44,0.41,11.4,17.9,75.8,5.3,324.0,Very Poor
2024-02-22,Station_West,Winter,143.22,286.23,65.67,34.56,0.76,5.0,15.5,60.3,10.8,315.3,Very Poor
2024-02-23,Station_West,Winter,104.59,217.36,37.73,33.29,1.01,5.34,11.3,67.7,8.1,248.8,Poor
2024-02-24,Station_West,Winter,36.06,69.67,20.72,28.04,0.34,6.67,6.1,60.4,9.7,71.9,Satisfactory
2024-02-25,Station_West,Winter,218.05,451.7,220.0,11.0,3.6,6.83,16.8,75.5,1.7,414.6,Severe
2024-02-26,Station_West,Winter,72.14,121.27,41.54,38.82,1.12,5.1,16.7,66.9,5.5,141.2,Moderate
2024-02-27,Station_West,Winter,168.69,279.39,25.27,27.01,0.39,6.07,15.5,76.2,7.8,337.9,Very Poor
2024-02-28,Station_West,Winter,137.75,244.95,48.18,43.77,2.14,6.88,17.8,66.7,7.0,312.6,Very Poor
2024-02-29,Station_West,Winter,132.08,213.04,27.8,13.23,2.86,5.61,13.8,58.2,5.9,310.5,Very Poor
2024-03-01,Station_West,Summer,49.99,119.99,35.46,15.18,0.14,48.77,39.2,42.1,13.6,113.6,Moderate
2024-03-02,Station_West,Summer,15.16,41.34,8.35,16.49,0.24,64.98,37.1,47.2,18.4,67.1,Satisfactory
2024-03-03,Station_West,Summer,54.1,96.8,60.54,36.24,0.48,51.37,31.8,31.3,10.6,96.9,Satisfactory
2024-03-04,Station_West,Summer,155.1,327.45,153.66,2.44,0.32,77.39,34.7,34.6,7.4,327.7,Very Poor
2024-03-05,Station_West,Summer,42.82,111.72,13.69,15.01,0.18,62.27,38.1,34.5,16.3,107.8,Moderate
2024-03-06,Station_West,Summer,6.02,36.47,57.63,40.6,2.26,65.19,36.8,32.7,9.8,104.9,Moderate
2024-03-07,Station_West,Summer,18.17,48.95,33.4,8.85,0.96,50.2,44.8,33.6,13.6,53.0,Satisfactory
2024-03-08,Station_West,Summer,18.18,56.12,15.14,34.3,0.2,41.5,33.6,36.3,17.7,57.5,Satisfactory
2024-03-09,Station_West,Summer,27.86,67.61,28.68,15.26,1.13,53.78,37.0,40.3,13.0,67.4,Satisfactory
2024-03-10,Station_West,Summer,18.94,47.87,30.81,19.04,0.58,43.3,28.3,43.4,15.9,48.3,Good
2024-03-11,Station_West,Summer,6.51,26.51,21.91,14.67,0.52,46.35,35.7,54.5,13.6,44.1,Good
2024-03-12,Station_West,Summer,58.51,124.24,11.66,34.02,0.75,25.66,38.9,31.5,12.4,116.4,Moderate
2024-03-13,Station_West,Summer,22.96,55.37,48.27,13.24,0.46,13.8,32.7,51.1,12.2,60.9,Satisfactory
2024-03-14,Station_West,Summer,68.28,114.77,15.9,19.87,0.59,73.22,36.1,26.0,16.2,128.4,Moderate
2024-03-15,Station_West,Summer,17.37,40.35,9.59,5.74,0.87,58.98,38.0,46.0,19.9,59.8,Satisfactory
2024-03-16,Station_West,Summer,19.64,43.28,17.94,12.93,0.59,46.27,35.6,43.7,17.1,48.5,Good
2024-03-17,Station_West,Summer,45.42,84.24,23.17,28.98,0.38,23.08,35.8,47.9,11.4,83.3,Satisfactory
2024-03-18,Station_West,Summer,34.26,70.54,22.71,8.84,0.5,54.22,35.0,53.9,17.1,70.5,Satisfactory
2024-03-19,Station_West,Summer,10.84,23.75,58.99,25.71,0.37,75.84,32.7,46.1,8.1,76.0,Satisfactory
2024-03-20,Station_West,Summer,25.9,53.0,24.15,17.02,0.68,50.18,35.9,40.9,20.4,54.6,Satisfactory
2024-03-21,Station_West,Summer,36.19,76.94,22.01,9.3,0.61,48.88,33.3,30.1,12.6,76.7,Satisfactory
2024-03-22,Station_West,Summer,9.54,32.62,9.26,16.17,1.35,36.52,38.1,41.7,11.6,70.3,Satisfactory
2024-03-23,Station_West,Summer,69.62,105.67,32.07,24.4,0.57,25.91,31.5,41.3,13.3,131.1,Moderate
2024-03-24,Station_West,Summer,13.13,46.05,29.63,23.95,0.54,40.37,40.1,29.9,13.6,45.1,Good
2024-03-25,Station_West,Summer,65.88,130.94,10.36,8.51,2.06,76.14,39.3,43.4,12.0,123.1,Moderate
2024-03-26,Station_West,Summer,45.96,87.03,17.3,2.58,0.69,41.99,33.0,46.4,15.7,88.6,Satisfactory
2024-03-27,Station_West,Summer,35.28,58.87,21.15,32.69,0.42,59.04,38.9,37.0,14.4,57.3,Satisfactory
2024-03-28,Station_West,Summer,21.5,55.34,76.7,4.35,1.11,58.57,41.7,33.2,14.9,96.5,Satisfactory
2024-03-29,Station_West,Summer,26.61,61.2,35.16,21.61,0.6,22.13,37.8,19.0,13.3,61.4,Satisfactory
2024-03-30,Station_West,Summer,65.9,140.69,35.2,12.8,0.55,79.55,39.8,34.2,13.2,127.7,Moderate
2024-03-31,Station_West,Summer,38.98,105.67,22.44,29.4,0.57,44.65,35.4,39.1,19.6,103.5,Moderate
2024-04-01,Station_West,Summer,64.21,119.31,20.93,9.48,1.38,31.06,30.8,34.6,12.0,114.4,Moderate
2024-04-02,Station_West,Summer,33.92,82.95,24.74,7.65,0.47,44.79,38.6,32.5,13.3,83.4,Satisfactory
2024-04-03,Station_West,Summer,56.25,143.54,17.49,16.79,0.53,53.79,37.6,33.2,18.8,128.2,Moderate
2024-04-04,Station_West,Summer,32.0,71.39,31.19,14.18,0.32,36.35,35.2,36.9,14.0,71.6,Satisfactory
2024-04-05,Station_West,Summer,60.69,130.53,51.32,17.54,1.15,52.93,35.2,43.2,13.6,118.6,Moderate
2024-04-06,Station_West,Summer,19.26,56.62,32.71,14.51,1.25,45.49,33.8,30.1,15.9,65.0,Satisfactory
2024-04-07,Station_West,Summer,42.3,69.7,5.81,19.69,0.17,53.31,37.9,31.6,19.5,70.3,Satisfactory
2024-04-08,Station_West,Summer,32.81,78.21,8.7,48.78,0.26,28.69,37.8,36.9,14.1,78.9,Satisfactory
2024-04-09,Station_West,Summer,24.68,54.45,75.8,14.87,1.02,53.63,36.1,42.3,14.1,97.2,Satisfactory
2024-04-10,Station_West,Summer,26.6,72.95,22.39,10.32,0.95,31.57,31.1,28.4,14.8,73.4,Satisfactory
2024-04-11,Station_West,Summer,9.23,33.71,5.0,24.92,1.06,29.02,39.6,28.0,15.4,52.5,Satisfactory
2024-04-12,Station_West,Summer,50.99,85.68,26.82,13.04,0.67,42.52,37.0,45.3,10.3,88.5,Satisfactory
2024-04-13,Station_West,Summer,28.99,76.78,5.94,11.52,0.26,69.2,39.2,46.1,20.6,77.0,Satisfactory
2024-04-14,Station_West,Summer,47.46,96.86,29.5,15.71,0.1,54.6,38.8,45.7,10.3,99.3,Satisfactory
2024-04-15,Station_West,Summer,95.18,202.13,21.48,18.03,0.52,31.91,36.0,42.6,11.4,216.5,Poor
2024-04-16,Station_West,Summer,35.96,79.13,29.03,7.62,0.3,36.84,37.6,42.4,16.6,81.3,Satisfactory
2024-04-17,Station_West,Summer,14.26,47.89,35.4,17.01,0.59,54.17,34.0,40.8,13.2,55.3,Satisfactory
2024-04-18,Station_West,Summer,32.02,87.33,28.46,21.84,0.42,62.88,37.6,35.0,16.0,85.3,Satisfactory
2024-04-19,Station_West,Summer,33.75,92.39,26.62,18.54,0.1,32.13,40.6,59.0,12.9,92.9,Satisfactory
2024-04-20,Station_West,Summer,73.14,140.06,16.43,27.12,0.41,44.23,37.2,45.0,12.8,142.7,Moderate
2024-04-21,Station_West,Summer,27.98,65.02,13.12,8.99,0.45,64.08,40.9,51.3,14.9,66.7,Satisfactory
2024-04-22,Station_West,Summer,28.08,69.55,32.73,34.19,0.4,60.81,36.3,34.6,11.4,69.4,Satisfactory
2024-04-23,Station_West,Summer,17.99,52.06,13.14,22.19,0.98,24.46,36.0,35.2,15.6,52.2,Satisfactory
2024-04-24,Station_West,Summer,15.46,47.65,21.58,9.51,0.69,48.21,39.7,41.6,14.7,46.4,Good
2024-04-25,Station_West,Summer,47.28,106.5,7.89,48.36,0.34,68.82,39.9,33.4,16.4,101.9,Moderate
2024-04-26,Station_West,Summer,12.49,39.19,35.05,19.32,1.93,63.8,36.5,41.7,10.7,94.9,Satisfactory
2024-04-27,Station_West,Summer,50.08,104.95,50.51,10.46,0.26,21.0,30.1,26.7,15.8,104.5,Moderate
2024-04-28,Station_West,Summer,61.28,144.25,23.61,21.48,0.81,49.38,37.0,42.1,14.1,130.2,Moderate
2024-04-29,Station_West,Summer,23.0,53.57,30.84,27.44,1.02,49.26,33.8,33.1,13.8,54.5,Satisfactory
2024-04-30,Station_West,Summer,11.01,34.55,12.77,23.48,0.16,45.87,35.0,43.1,12.5,46.5,Good
2024-05-01,Station_West,Summer,52.48,90.15,37.13,34.22,0.71,59.49,38.8,44.2,10.7,91.4,Satisfactory
2024-05-02,Station_West,Summer,22.01,41.28,54.2,5.24,0.27,32.44,32.9,32.3,15.3,68.1,Satisfactory
2024-05-03,Station_West,Summer,18.26,52.89,27.58,28.86,0.16,66.13,39.1,47.3,15.3,64.8,Satisfactory
2024-05-04,Station_West,Summer,42.32,108.39,38.9,27.97,0.92,53.26,33.9,50.8,14.2,108.2,Moderate
2024-05-05,Station_West,Summer,44.82,90.22,22.19,4.96,0.5,45.71,31.6,39.2,16.2,93.1,Satisfactory
2024-05-06,Station_West,Summer,24.19,66.9,10.16,11.07,1.23,25.44,35.4,36.8,13.4,66.6,Satisfactory
2024-05-07,Station_West,Summer,10.2,25.68,21.81,19.9,1.42,37.74,36.6,37.5,11.9,73.7,Satisfactory
2024-05-08,Station_West,Summer,40.38,102.82,23.58,29.79,0.92,84.25,41.0,35.3,16.0,103.4,Moderate
2024-05-09,Station_West,Summer,12.42,35.52,21.41,16.58,0.41,31.37,44.4,35.6,13.7,35.2,Good
2024-05-10,Station_West,Summer,36.64,82.11,43.67,42.76,0.37,73.69,38.0,31.1,11.7,81.0,Satisfactory
2024-05-11,Station_West,Summer,19.31,52.84,7.05,9.77,0.38,22.24,33.1,33.9,14.4,54.7,Satisfactory
2024-05-12,Station_West,Summer,33.9,69.69,17.16,12.81,0.47,42.04,36.9,24.5,12.8,72.9,Satisfactory
2024-05-13,Station_West,Summer,28.68,65.31,18.48,20.26,0.85,42.63,37.0,45.8,14.8,65.4,Satisfactory
2024-05-14,Station_West,Summer,49.47,109.77,22.49,29.38,0.23,30.39,37.2,42.7,16.2,106.7,Moderate
2024-05-15,Station_West,Summer,96.23,176.2,48.05,8.54,2.09,43.64,32.6,33.0,6.2,219.4,Poor
2024-05-16,Station_West,Summer,76.21,154.8,8.61,11.98,0.28,38.66,31.7,39.6,11.2,154.5,Moderate
2024-05-17,Station_West,Summer,25.36,60.03,35.57,16.03,0.34,52.16,39.0,56.0,16.3,62.1,Satisfactory
2024-05-18,Station_West,Summer,19.07,33.85,19.37,20.42,0.61,33.29,32.3,38.1,14.9,33.6,Good
2024-05-19,Station_West,Summer,21.39,47.72,17.82,14.8,0.4,45.21,41.7,57.6,13.1,46.3,Good
2024-05-20,Station_West,Summer,69.61,113.18,49.55,11.8,0.79,45.11,36.2,42.3,13.5,133.6,Moderate
2024-05-21,Station_West,Summer,66.75,137.13,23.32,30.4,0.52,58.93,34.3,48.3,14.9,125.3,Moderate
2024-05-22,Station_West,Summer,11.72,40.79,10.67,31.51,0.8,39.98,40.9,38.8,18.0,41.5,Good
2024-05-23,Station_West,Summer,20.51,49.68,14.65,12.64,0.33,40.67,36.8,36.1,11.8,51.0,Satisfactory
2024-05-24,Station_West,Summer,45.31,80.31,19.57,10.91,0.3,38.85,34.4,27.6,14.5,82.9,Satisfactory
2024-05-25,Station_West,Summer,38.79,64.46,56.65,14.82,0.41,53.07,32.1,36.6,14.5,70.3,Satisfactory
2024-05-26,Station_West,Summer,82.58,144.19,112.83,12.4,0.48,45.17,39.2,41.2,7.3,174.5,Moderate
2024-05-27,Station_West,Summer,12.74,41.38,5.0,20.39,0.31,8.55,29.5,39.4,15.8,39.5,Good
2024-05-28,Station_West,Summer,36.28,90.96,9.88,39.7,0.84,46.57,40.9,51.4,10.3,91.0,Satisfactory
2024-05-29,Station_West,Summer,43.8,99.91,21.13,14.54,0.92,15.64,33.1,48.8,16.7,100.9,Moderate
2024-05-30,Station_West,Summer,83.83,181.23,26.6,38.14,0.3,46.0,40.6,38.9,20.3,178.1,Moderate
2024-05-31,Station_West,Summer,40.23,72.66,24.92,13.33,1.96,46.01,35.9,51.3,10.4,95.5,Satisfactory
2024-06-01,Station_West,Monsoon,9.81,29.4,9.97,12.24,0.5,19.14,24.0,91.0,18.0,29.4,Good
2024-06-02,Station_West,Monsoon,15.57,35.42,48.32,16.28,1.57,35.95,26.7,87.8,12.5,80.0,Satisfactory
2024-06-03,Station_West,Monsoon,27.08,56.01,21.82,15.21,0.48,34.76,28.1,68.1,13.1,57.2,Satisfactory
2024-06-04,Station_West,Monsoon,25.35,60.3,5.0,13.41,1.24,19.61,29.5,84.5,15.1,61.6,Satisfactory
2024-06-05,Station_West,Monsoon,25.08,50.65,21.7,4.41,1.32,30.89,26.6,86.5,14.5,63.5,Satisfactory
2024-06-06,Station_West,Monsoon,12.83,40.58,25.98,5.01,0.35,42.8,29.9,75.3,17.7,41.6,Good
2024-06-07,Station_West,Monsoon,19.64,52.17,5.0,30.63,0.61,38.23,31.3,75.7,16.0,52.9,Satisfactory
2024-06-08,Station_West,Monsoon,5.0,26.15,45.46,7.01,0.8,17.5,23.4,78.1,16.6,58.1,Satisfactory
2024-06-09,Station_West,Monsoon,21.54,46.55,12.93,9.03,0.86,22.5,26.3,85.4,14.0,47.0,Good
2024-06-10,Station_West,Monsoon,7.73,24.59,27.18,7.54,0.87,19.85,21.5,70.8,13.1,44.4,Good
2024-06-11,Station_West,Monsoon,33.79,69.09,34.23,8.0,0.67,30.99,29.4,72.2,13.6,71.2,Satisfactory
2024-06-12,Station_West,Monsoon,22.95,54.27,14.67,55.67,0.57,26.87,27.6,89.8,12.9,68.8,Satisfactory
2024-06-13,Station_West,Monsoon,27.97,82.95,25.49,29.02,0.84,18.85,24.5,95.3,16.7,81.0,Satisfactory
2024-06-14,Station_West,Monsoon,17.08,46.58,56.13,21.44,1.1,43.59,28.8,87.7,13.1,70.2,Satisfactory
2024-06-15,Station_West,Monsoon,20.64,50.77,13.93,18.74,0.49,22.68,25.7,90.4,16.9,51.6,Satisfactory
2024-06-16,Station_West,Monsoon,48.8,123.0,5.0,11.64,0.37,25.9,26.7,87.8,16.2,116.6,Moderate
2024-06-17,Station_West,Monsoon,5.55,30.25,42.14,16.32,0.34,41.47,29.6,88.4,17.9,54.2,Satisfactory
2024-06-18,Station_West,Monsoon,28.04,69.86,42.04,19.35,0.28,34.93,24.8,81.6,13.2,70.8,Satisfactory
2024-06-19,Station_West,Monsoon,12.01,38.37,32.21,41.58,0.1,49.46,34.9,98.0,13.3,52.5,Satisfactory
2024-06-20,Station_West,Monsoon,16.64,40.24,21.99,17.99,0.22,20.92,24.2,91.6,18.7,40.8,Good
2024-06-21,Station_West,Monsoon,29.12,64.49,17.47,18.18,0.62,46.98,33.2,81.8,17.3,63.1,Satisfactory
2024-06-22,Station_West,Monsoon,6.26,23.08,5.0,8.53,0.11,33.34,36.3,81.8,19.6,35.1,Good
2024-06-23,Station_West,Monsoon,11.94,35.56,20.79,23.38,0.45,12.67,28.6,82.3,16.9,37.9,Good
2024-06-24,Station_West,Monsoon,25.46,48.5,10.66,17.13,1.1,33.57,31.7,93.1,16.9,57.9,Satisfactory
2024-06-25,Station_West,Monsoon,11.51,30.46,16.42,4.07,1.53,14.2,24.6,82.2,16.6,75.1,Satisfactory
2024-06-26,Station_West,Monsoon,15.94,29.67,9.41,7.92,1.1,24.33,23.9,82.4,17.8,54.9,Satisfactory
2024-06-27,Station_West,Monsoon,13.65,38.86,21.73,16.35,0.1,12.48,23.3,71.9,15.7,41.3,Good
2024-06-28,Station_West,Monsoon,5.0,15.67,45.8,20.67,0.22,29.01,28.7,70.6,17.2,58.5,Satisfactory
2024-06-29,Station_West,Monsoon,5.0,24.93,27.51,5.22,0.64,9.3,23.6,74.7,12.2,33.2,Good
2024-06-30,Station_West,Monsoon,6.25,35.38,61.46,37.36,1.62,50.07,30.4,91.4,12.4,80.8,Satisfactory
2024-07-01,Station_West,Monsoon,6.66,25.64,5.14,41.66,0.56,31.07,29.2,89.8,18.5,54.2,Satisfactory
2024-07-02,Station_West,Monsoon,17.65,49.91,5.0,7.89,0.64,6.65,25.4,73.5,16.1,52.3,Satisfactory
2024-07-03,Station_West,Monsoon,23.46,55.94,19.25,28.9,1.18,36.96,28.0,66.3,19.6,58.2,Satisfactory
2024-07-04,Station_West,Monsoon,6.92,26.3,9.82,27.47,0.58,32.74,27.8,73.6,18.6,34.1,Good
2024-07-05,Station_West,Monsoon,15.58,39.37,40.6,13.96,0.57,39.75,30.5,90.8,14.6,52.6,Satisfactory
2024-07-06,Station_West,Monsoon,34.07,70.93,13.02,27.8,0.27,19.29,25.6,83.2,18.9,73.4,Satisfactory
2024-07-07,Station_West,Monsoon,7.6,30.4,12.56,21.25,0.93,47.22,27.6,65.9,22.1,48.9,Good
2024-07-08,Station_West,Monsoon,38.25,80.38,15.48,20.72,2.07,38.1,27.4,75.7,8.1,100.9,Moderate
2024-07-09,Station_West,Monsoon,11.66,37.05,46.48,21.89,0.57,20.3,24.2,79.6,11.1,61.3,Satisfactory
2024-07-10,Station_West,Monsoon,11.07,38.16,17.65,28.94,1.86,25.75,25.9,75.1,16.0,95.7,Satisfactory
2024-07-11,Station_West,Monsoon,23.34,67.89,30.26,22.17,0.42,10.91,20.0,88.5,13.3,68.2,Satisfactory
2024-07-12,Station_West,Monsoon,5.13,18.4,6.31,8.13,0.49,23.64,27.8,72.5,18.3,28.2,Good
2024-07-13,Station_West,Monsoon,8.0,31.43,29.99,25.68,0.41,23.73,29.3,86.6,17.5,38.2,Good
2024-07-14,Station_West,Monsoon,26.77,61.98,33.02,12.83,1.3,13.26,25.3,75.7,10.6,64.6,Satisfactory
2024-07-15,Station_West,Monsoon,13.2,33.37,12.56,34.0,0.24,28.33,32.1,98.0,11.1,42.8,Good
2024-07-16,Station_West,Monsoon,22.37,56.26,41.79,11.12,0.55,31.69,26.3,98.0,12.1,58.2,Satisfactory
2024-07-17,Station_West,Monsoon,21.64,61.37,14.35,26.62,0.81,24.8,28.0,98.0,16.3,64.4,Satisfactory
2024-07-18,Station_West,Monsoon,23.5,51.6,15.88,2.0,0.43,31.21,27.5,89.0,16.6,52.1,Satisfactory
2024-07-19,Station_West,Monsoon,25.9,45.27,21.08,8.96,1.41,49.19,32.3,83.9,12.9,68.1,Satisfactory
2024-07-20,Station_West,Monsoon,11.4,39.11,34.46,8.6,0.27,19.83,26.9,86.4,21.3,44.3,Good
2024-07-21,Station_West,Monsoon,13.06,40.19,18.68,14.82,2.63,21.16,23.1,78.4,10.4,109.6,Moderate
2024-07-22,Station_West,Monsoon,21.46,61.56,19.16,5.31,0.85,23.06,26.0,78.8,11.6,60.5,Satisfactory
2024-07-23,Station_West,Monsoon,27.36,59.43,42.31,49.82,0.71,32.25,26.8,97.2,18.8,63.3,Satisfactory
2024-07-24,Station_West,Monsoon,24.7,60.84,27.76,13.3,0.76,37.27,26.2,81.4,12.6,61.2,Satisfactory
2024-07-25,Station_West,Monsoon,16.74,49.99,6.26,14.81,2.36,34.16,27.1,87.8,15.1,107.7,Moderate
2024-07-26,Station_West,Monsoon,7.05,29.45,19.61,49.49,0.14,41.16,34.8,82.5,17.9,62.3,Satisfactory
2024-07-27,Station_West,Monsoon,12.61,42.35,37.21,42.15,1.02,13.37,28.1,86.2,17.4,54.1,Satisfactory
2024-07-28,Station_West,Monsoon,16.21,35.15,12.99,2.0,1.64,30.13,26.6,92.3,14.6,82.9,Satisfactory
2024-07-29,Station_West,Monsoon,23.34,53.26,39.45,39.28,0.39,41.39,28.0,77.3,12.2,51.9,Satisfactory
2024-07-30,Station_West,Monsoon,12.71,35.28,21.01,4.94,1.07,28.95,25.0,73.9,17.2,56.9,Satisfactory
2024-07-31,Station_West,Monsoon,14.23,34.28,31.88,9.39,0.31,32.0,30.0,72.7,20.6,40.2,Good
2024-08-01,Station_West,Monsoon,37.28,75.91,72.58,13.58,0.96,53.27,28.2,80.2,13.7,91.8,Satisfactory
2024-08-02,Station_West,Monsoon,22.62,58.59,37.71,50.59,0.79,38.4,24.6,87.6,18.8,64.2,Satisfactory
2024-08-03,Station_West,Monsoon,9.24,42.68,15.67,7.8,0.47,39.09,32.9,78.6,19.2,42.5,Good
2024-08-04,Station_West,Monsoon,48.67,113.59,10.3,5.54,2.0,24.12,25.9,91.9,11.9,109.0,Moderate
2024-08-05,Station_West,Monsoon,24.73,60.94,29.32,15.2,0.66,27.3,29.7,67.9,12.1,59.8,Satisfactory
2024-08-06,Station_West,Monsoon,32.9,77.31,21.28,44.6,1.14,23.79,25.3,89.9,13.1,77.9,Satisfactory
2024-08-07,Station_West,Monsoon,12.13,50.95,15.06,32.35,0.33,32.78,25.9,62.9,19.7,51.3,Satisfactory
2024-08-08,Station_West,Monsoon,5.0,20.93,35.92,34.56,0.35,23.79,24.2,72.5,13.4,48.2,Good
2024-08-09,Station_West,Monsoon,15.54,40.98,5.0,11.33,0.55,15.75,26.7,79.7,19.6,39.7,Good
2024-08-10,Station_West,Monsoon,13.27,41.22,31.67,16.0,0.48,30.72,27.5,87.1,21.3,41.5,Good
2024-08-11,Station_West,Monsoon,26.91,68.42,39.54,12.21,0.17,40.98,28.3,71.4,12.9,68.7,Satisfactory
2024-08-12,Station_West,Monsoon,12.08,44.34,37.46,8.08,0.22,24.71,29.6,77.2,19.1,44.9,Good
2024-08-13,Station_West,Monsoon,9.99,32.84,12.97,8.91,0.79,37.41,27.1,63.1,17.5,40.5,Good
2024-08-14,Station_West,Monsoon,12.07,40.58,56.57,4.87,0.4,26.48,30.6,73.5,12.7,73.2,Satisfactory
2024-08-15,Station_West,Monsoon,11.0,33.6,29.45,26.21,0.23,25.31,24.8,83.2,19.2,36.6,Good
2024-08-16,Station_West,Monsoon,8.18,27.24,13.3,11.46,0.2,29.12,30.1,77.6,19.4,27.6,Good
2024-08-17,Station_West,Monsoon,5.75,26.55,32.3,25.55,0.53,33.65,25.3,70.5,18.0,38.6,Good
2024-08-18,Station_West,Monsoon,5.0,30.1,17.16,10.33,1.35,29.48,26.1,82.1,20.0,67.3,Satisfactory
2024-08-19,Station_West,Monsoon,18.25,29.64,33.63,44.97,0.8,44.15,28.5,82.7,17.7,56.2,Satisfactory
2024-08-20,Station_West,Monsoon,18.12,37.13,31.35,12.86,0.42,20.03,28.7,92.3,14.1,40.8,Good
2024-08-21,Station_West,Monsoon,12.05,41.34,5.0,18.47,0.17,49.71,31.6,92.5,15.4,48.0,Good
2024-08-22,Station_West,Monsoon,15.66,41.47,19.7,16.41,0.77,5.0,31.8,89.2,18.0,42.6,Good
2024-08-23,Station_West,Monsoon,11.91,48.33,42.58,30.74,0.16,8.46,22.3,75.0,16.9,57.0,Satisfactory
2024-08-24,Station_West,Monsoon,15.95,34.74,18.62,6.08,1.52,51.64,29.3,80.4,14.6,76.5,Satisfactory
2024-08-25,Station_West,Monsoon,12.06,41.39,37.61,26.56,0.25,31.56,28.2,77.7,18.0,44.1,Good
2024-08-26,Station_West,Monsoon,13.95,40.06,28.72,15.3,0.23,10.24,32.3,73.5,17.7,40.0,Good
2024-08-27,Station_West,Monsoon,8.36,36.53,24.77,35.48,1.73,5.79,25.7,84.6,15.2,85.9,Satisfactory
2024-08-28,Station_West,Monsoon,11.16,29.12,34.47,5.22,0.79,19.71,27.0,84.5,15.8,45.7,Good
2024-08-29,Station_West,Monsoon,50.31,97.93,5.84,18.74,0.74,58.78,32.3,83.0,12.1,100.3,Moderate
2024-08-30,Station_West,Monsoon,26.0,65.17,46.4,70.93,0.31,6.54,28.2,83.7,12.7,90.0,Satisfactory
2024-08-31,Station_West,Monsoon,5.55,31.75,16.69,18.31,0.12,10.62,22.6,84.9,21.8,32.1,Good
2024-09-01,Station_West,Monsoon,7.57,22.14,30.51,33.23,0.1,29.12,23.1,93.6,21.5,42.4,Good
2024-09-02,Station_West,Monsoon,5.0,16.74,29.5,23.71,0.88,12.12,29.5,77.9,19.1,45.1,Good
2024-09-03,Station_West,Monsoon,32.85,77.19,14.12,9.27,1.54,56.03,34.6,77.7,15.9,78.4,Satisfactory
2024-09-04,Station_West,Monsoon,10.66,30.42,34.67,19.81,0.85,12.42,22.6,81.0,10.2,43.6,Good
2024-09-05,Station_West,Monsoon,10.48,43.08,23.6,8.57,0.69,20.7,31.3,82.3,18.8,42.6,Good
2024-09-06,Station_West,Monsoon,5.0,12.44,23.97,3.98,0.8,46.92,33.4,80.6,16.9,45.3,Good
2024-09-07,Station_West,Monsoon,7.43,38.6,52.29,48.14,1.1,27.31,28.6,78.7,12.8,65.3,Satisfactory
2024-09-08,Station_West,Monsoon,33.7,64.25,41.91,44.88,0.14,35.6,30.0,83.7,15.6,62.2,Satisfactory
2024-09-09,Station_West,Monsoon,14.26,40.41,7.4,33.89,1.38,11.85,27.6,81.7,15.3,68.8,Satisfactory
2024-09-10,Station_West,Monsoon,25.56,59.34,49.21,20.53,1.5,39.01,27.2,79.6,11.4,76.2,Satisfactory
2024-09-11,Station_West,Monsoon,11.1,39.04,35.61,16.36,0.66,13.43,21.2,75.0,13.2,44.3,Good
2024-09-12,Station_West,Monsoon,28.44,70.62,20.61,17.84,0.66,24.51,25.1,79.0,12.9,70.5,Satisfactory
2024-09-13,Station_West,Monsoon,15.63,38.07,36.5,14.26,0.93,38.31,32.9,79.1,13.9,44.8,Good
2024-09-14,Station_West,Monsoon,17.28,48.46,29.43,30.48,0.27,31.44,30.0,79.9,20.7,47.3,Good
2024-09-15,Station_West,Monsoon,14.3,42.47,26.31,31.69,0.45,17.97,21.9,80.9,19.6,43.5,Good
2024-09-16,Station_West,Monsoon,16.87,48.33,68.2,23.01,0.55,54.65,34.2,86.8,13.9,86.0,Satisfactory
2024-09-17,Station_West,Monsoon,15.23,33.32,13.72,33.2,0.36,21.61,30.6,88.1,16.1,40.2,Good
2024-09-18,Station_West,Monsoon,9.93,28.89,18.26,15.13,0.28,33.88,30.2,87.4,14.2,33.7,Good
2024-09-19,Station_West,Monsoon,17.74,50.73,48.91,18.11,0.4,19.28,31.6,84.2,12.5,60.0,Satisfactory
2024-09-20,Station_West,Monsoon,13.79,34.4,16.99,10.5,0.46,39.05,29.1,93.3,16.8,40.2,Good
2024-09-21,Station_West,Monsoon,47.22,113.78,19.01,22.31,0.55,65.3,38.0,92.8,14.7,110.6,Moderate
2024-09-22,Station_West,Monsoon,8.76,32.1,15.64,7.72,0.2,31.31,27.5,81.0,16.6,30.7,Good
2024-09-23,Station_West,Monsoon,19.21,48.2,25.79,3.65,0.18,9.78,24.0,95.5,14.5,45.9,Good
2024-09-24,Station_West,Monsoon,43.43,112.33,31.67,17.95,0.5,41.62,31.0,81.9,10.7,108.9,Moderate
2024-09-25,Station_West,Monsoon,15.44,36.02,35.33,46.98,0.12,37.48,26.8,90.6,18.4,59.5,Satisfactory
2024-09-26,Station_West,Monsoon,30.97,61.77,21.69,19.52,1.61,25.79,27.5,84.9,13.1,82.4,Satisfactory
2024-09-27,Station_West,Monsoon,16.47,53.57,17.13,9.02,0.23,47.77,32.3,98.0,17.6,53.9,Satisfactory
2024-09-28,Station_West,Monsoon,24.8,59.32,26.24,3.16,0.72,25.84,29.2,76.9,12.6,62.0,Satisfactory
2024-09-29,Station_West,Monsoon,11.07,33.34,29.75,28.08,0.35,36.88,34.6,90.3,19.2,38.3,Good
2024-09-30,Station_West,Monsoon,16.82,47.07,17.75,5.69,0.51,21.51,27.8,83.5,17.2,48.5,Good
2024-10-01,Station_West,Post-Monsoon,112.08,240.13,45.51,21.14,0.36,12.83,22.2,56.6,8.7,274.7,Poor
2024-10-02,Station_West,Post-Monsoon,206.49,454.49,43.29,29.69,1.61,13.29,21.2,52.1,8.3,413.8,Severe
2024-10-03,Station_West,Post-Monsoon,194.38,308.73,65.13,55.17,0.56,24.79,23.7,57.7,3.8,359.0,Very Poor
2024-10-04,Station_West,Post-Monsoon,156.16,313.52,60.77,33.77,1.66,30.92,28.6,60.3,5.2,326.6,Very Poor
2024-10-05,Station_West,Post-Monsoon,94.43,215.71,33.5,54.03,0.63,36.36,28.9,64.7,9.7,214.7,Poor
2024-10-06,Station_West,Post-Monsoon,101.98,159.57,9.42,28.27,1.19,25.56,27.0,51.4,10.1,240.9,Poor
2024-10-07,Station_West,Post-Monsoon,49.18,95.35,35.54,10.69,1.86,33.6,27.2,70.3,6.9,95.4,Satisfactory
2024-10-08,Station_West,Post-Monsoon,159.51,304.61,64.79,6.8,2.62,11.99,19.3,55.6,5.5,329.3,Very Poor
2024-10-09,Station_West,Post-Monsoon,33.02,59.75,32.75,32.47,1.32,21.72,25.9,65.7,9.1,69.4,Satisfactory
2024-10-10,Station_West,Post-Monsoon,210.69,436.78,59.77,26.8,1.0,29.37,25.1,50.0,8.8,404.3,Severe
2024-10-11,Station_West,Post-Monsoon,57.59,122.73,50.32,48.42,1.22,13.71,21.2,65.7,9.4,115.9,Moderate
2024-10-12,Station_West,Post-Monsoon,105.03,244.3,29.03,61.75,1.91,25.21,28.2,51.3,13.7,252.3,Poor
2024-10-13,Station_West,Post-Monsoon,304.98,466.22,42.2,38.05,2.12,16.84,23.1,54.6,5.5,423.0,Severe
2024-10-14,Station_West,Post-Monsoon,86.62,189.39,38.1,22.65,0.14,33.2,29.6,53.5,9.9,187.6,Moderate
2024-10-15,Station_West,Post-Monsoon,103.16,190.0,20.13,13.24,0.33,10.75,21.2,55.4,12.9,243.6,Poor
2024-10-16,Station_West,Post-Monsoon,113.06,239.74,73.69,13.28,2.11,18.04,22.4,55.4,9.2,278.4,Poor
2024-10-17,Station_West,Post-Monsoon,450.0,600.0,38.66,13.52,3.58,19.42,23.6,44.1,2.2,500.0,Severe
2024-10-18,Station_West,Post-Monsoon,66.94,131.87,29.92,31.68,2.11,25.5,23.9,44.1,12.8,124.0,Moderate
2024-10-19,Station_West,Post-Monsoon,57.63,126.56,52.67,44.23,1.27,44.79,26.8,55.1,8.3,117.7,Moderate
2024-10-20,Station_West,Post-Monsoon,75.33,160.03,14.49,25.58,0.53,12.61,22.1,58.8,7.0,153.9,Moderate
2024-10-21,Station_West,Post-Monsoon,167.39,336.86,15.28,22.19,1.69,19.1,23.0,76.7,10.8,339.0,Very Poor
2024-10-22,Station_West,Post-Monsoon,97.01,197.14,18.2,23.34,0.3,5.0,20.6,54.6,6.6,223.2,Poor
2024-10-23,Station_West,Post-Monsoon,65.46,111.55,71.59,9.14,0.49,15.19,20.4,53.4,11.4,118.1,Moderate
2024-10-24,Station_West,Post-Monsoon,26.77,59.23,17.17,8.3,0.36,28.73,30.4,53.3,11.6,59.9,Satisfactory
2024-10-25,Station_West,Post-Monsoon,331.62,585.39,50.84,12.14,1.31,44.27,25.6,42.7,6.6,493.8,Severe
2024-10-26,Station_West,Post-Monsoon,65.38,129.9,32.0,10.43,2.77,12.03,25.9,60.9,10.1,120.4,Moderate
2024-10-27,Station_West,Post-Monsoon,75.69,158.57,28.11,3.51,1.89,12.25,20.9,59.4,9.8,154.6,Moderate
2024-10-28,Station_West,Post-Monsoon,46.8,110.4,21.35,6.71,1.74,33.5,30.6,78.1,12.4,106.9,Moderate
2024-10-29,Station_West,Post-Monsoon,76.92,130.22,34.68,5.25,1.27,37.66,28.2,53.6,10.3,155.3,Moderate
2024-10-30,Station_West,Post-Monsoon,42.34,112.24,76.62,14.35,1.61,16.7,27.9,67.0,9.3,107.8,Moderate
2024-10-31,Station_West,Post-Monsoon,65.65,120.19,12.39,21.82,0.88,16.76,21.5,65.9,11.4,120.4,Moderate
2024-11-01,Station_West,Post-Monsoon,67.84,131.02,15.53,53.39,1.98,17.58,25.1,28.0,15.4,122.3,Moderate
2024-11-02,Station_West,Post-Monsoon,14.2,45.23,5.22,14.49,0.41,16.68,24.6,51.7,14.8,47.0,Good
2024-11-03,Station_West,Post-Monsoon,69.71,155.29,64.19,10.98,1.56,23.24,23.8,57.4,6.5,137.6,Moderate
2024-11-04,Station_West,Post-Monsoon,58.55,139.21,23.97,21.08,1.2,31.69,27.6,41.9,7.2,128.8,Moderate
2024-11-05,Station_West,Post-Monsoon,93.8,220.7,52.82,19.01,1.13,19.73,27.4,58.8,13.6,213.9,Poor
2024-11-06,Station_West,Post-Monsoon,119.54,232.06,84.91,17.1,1.98,21.85,23.6,47.5,5.9,295.9,Poor
2024-11-07,Station_West,Post-Monsoon,115.6,226.17,67.92,17.47,0.44,40.39,24.3,59.6,6.9,284.2,Poor
2024-11-08,Station_West,Post-Monsoon,9.87,26.07,12.99,25.96,0.74,7.96,23.8,41.9,14.2,39.4,Good
2024-11-09,Station_West,Post-Monsoon,34.06,66.06,22.29,7.31,1.4,9.05,21.1,50.8,10.4,71.1,Satisfactory
2024-11-10,Station_West,Post-Monsoon,115.74,218.44,30.74,37.24,0.73,16.82,21.5,59.5,6.1,285.0,Poor
2024-11-11,Station_West,Post-Monsoon,100.11,179.11,48.86,6.62,1.92,5.0,16.8,47.9,7.6,233.1,Poor
2024-11-12,Station_West,Post-Monsoon,99.49,224.49,40.58,28.24,2.08,12.09,23.6,45.0,8.9,235.9,Poor
2024-11-13,Station_West,Post-Monsoon,15.73,33.27,20.98,3.12,1.45,15.77,25.8,60.0,8.4,73.7,Satisfactory
2024-11-14,Station_West,Post-Monsoon,147.58,300.15,38.23,40.78,0.24,10.36,25.8,59.6,7.0,320.8,Very Poor
2024-11-15,Station_West,Post-Monsoon,74.12,130.24,48.89,10.72,0.41,15.98,22.7,69.3,8.6,147.0,Moderate
2024-11-16,Station_West,Post-Monsoon,174.34,338.13,63.65,33.94,1.54,9.53,17.6,62.9,3.4,344.1,Very Poor
2024-11-17,Station_West,Post-Monsoon,61.44,114.19,19.71,22.72,0.46,25.31,26.8,45.6,10.8,108.7,Moderate
2024-11-18,Station_West,Post-Monsoon,126.22,235.41,49.7,30.05,2.17,9.03,20.4,64.6,6.3,306.3,Very Poor
2024-11-19,Station_West,Post-Monsoon,234.88,530.04,77.06,27.31,2.79,23.33,26.9,47.0,4.6,461.0,Severe
2024-11-20,Station_West,Post-Monsoon,87.12,161.51,14.57,8.09,2.14,24.39,24.2,50.8,8.9,192.9,Moderate
2024-11-21,Station_West,Post-Monsoon,39.02,66.94,38.3,23.06,0.48,33.83,26.8,48.2,10.0,66.7,Satisfactory
2024-11-22,Station_West,Post-Monsoon,63.08,130.7,12.33,27.47,1.28,20.09,26.5,66.2,9.8,122.4,Moderate
2024-11-23,Station_West,Post-Monsoon,32.27,90.42,33.82,19.12,0.61,11.38,25.2,62.9,14.9,92.2,Satisfactory
2024-11-24,Station_West,Post-Monsoon,73.86,156.18,27.35,22.43,0.5,16.9,23.3,63.5,10.7,145.5,Moderate
2024-11-25,Station_West,Post-Monsoon,180.42,376.08,21.29,3.09,1.76,25.21,25.3,57.5,6.3,347.4,Very Poor
2024-11-26,Station_West,Post-Monsoon,105.18,163.85,52.57,13.74,0.92,14.5,25.8,64.8,8.3,251.2,Poor
2024-11-27,Station_West,Post-Monsoon,64.04,155.43,60.62,26.87,1.68,32.93,25.1,66.5,9.6,136.9,Moderate
2024-11-28,Station_West,Post-Monsoon,178.62,293.48,60.95,3.74,1.02,29.2,26.3,64.3,7.9,346.7,Very Poor
2024-11-29,Station_West,Post-Monsoon,162.33,339.58,43.47,25.67,0.94,19.62,25.0,50.4,7.9,332.9,Very Poor
2024-11-30,Station_West,Post-Monsoon,62.26,111.44,48.05,21.07,0.2,30.04,28.5,48.8,8.0,106.9,Moderate
2024-12-01,Station_West,Winter,69.53,137.77,15.53,33.5,0.43,5.0,13.2,67.8,15.3,132.9,Moderate
2024-12-02,Station_West,Winter,158.99,332.96,62.63,22.72,1.48,6.08,13.2,67.1,9.4,327.4,Very Poor
2024-12-03,Station_West,Winter,309.49,559.11,132.37,26.38,5.12,10.62,12.5,62.5,1.6,476.0,Severe
2024-12-04,Station_West,Winter,170.84,338.62,47.85,15.8,1.18,6.86,13.8,57.0,7.0,341.3,Very Poor
2024-12-05,Station_West,Winter,82.72,193.55,34.51,39.16,1.68,5.0,13.4,67.8,10.4,175.7,Moderate
2024-12-06,Station_West,Winter,89.55,132.33,74.09,61.21,0.13,8.11,15.5,52.4,7.6,196.6,Moderate
2024-12-07,Station_West,Winter,125.74,203.84,54.32,6.92,1.59,8.15,11.6,68.8,5.6,305.7,Very Poor
2024-12-08,Station_West,Winter,266.84,472.79,37.11,23.73,4.92,17.97,21.6,50.8,4.0,424.9,Severe
2024-12-09,Station_West,Winter,283.78,410.55,28.66,23.58,1.02,5.0,14.9,59.5,6.9,417.1,Severe
2024-12-10,Station_West,Winter,64.24,131.98,91.96,25.62,1.02,5.0,6.7,57.0,4.9,121.8,Moderate
2024-12-11,Station_West,Winter,213.7,346.45,51.25,6.11,1.42,5.0,16.7,63.5,6.2,373.5,Very Poor
2024-12-12,Station_West,Winter,147.44,328.61,39.47,4.93,1.14,5.0,9.1,59.5,9.6,323.2,Very Poor
2024-12-13,Station_West,Winter,50.08,94.63,38.64,10.94,0.43,5.0,16.1,67.6,11.2,94.3,Satisfactory
2024-12-14,Station_West,Winter,140.32,305.4,63.13,2.0,1.04,5.68,13.3,68.2,2.7,315.3,Very Poor
2024-12-15,Station_West,Winter,169.12,264.84,12.97,17.67,0.4,5.0,14.6,43.7,5.2,340.2,Very Poor
2024-12-16,Station_West,Winter,19.71,59.95,34.51,9.62,0.78,6.25,9.8,85.1,9.0,60.2,Satisfactory
2024-12-17,Station_West,Winter,165.06,311.09,41.29,21.74,2.41,8.65,13.6,87.6,5.8,334.5,Very Poor
2024-12-18,Station_West,Winter,32.84,81.45,65.65,32.29,1.37,7.22,16.2,61.0,5.6,83.6,Satisfactory
2024-12-19,Station_West,Winter,92.25,203.05,25.27,44.55,0.28,5.0,13.3,66.3,7.1,207.6,Poor
2024-12-20,Station_West,Winter,144.94,216.97,132.43,5.04,3.81,13.84,20.7,68.8,3.4,320.3,Very Poor
2024-12-21,Station_West,Winter,93.14,153.82,5.0,31.81,1.06,5.0,20.3,63.8,11.9,210.3,Poor
2024-12-22,Station_West,Winter,153.67,263.2,49.49,30.27,0.51,6.66,18.0,68.6,5.1,326.3,Very Poor
2024-12-23,Station_West,Winter,165.94,309.96,96.6,39.08,0.55,7.54,12.3,59.8,7.4,336.8,Very Poor
2024-12-24,Station_West,Winter,181.84,409.17,200.82,24.25,0.81,7.86,10.2,70.2,2.7,372.5,Very Poor
2024-12-25,Station_West,Winter,76.42,160.31,53.88,27.77,2.32,5.43,19.0,52.0,8.1,156.3,Moderate
2024-12-26,Station_West,Winter,31.12,60.56,29.26,38.93,1.43,6.01,15.0,47.8,13.0,69.8,Satisfactory
2024-12-27,Station_West,Winter,76.97,113.08,49.3,36.15,1.12,5.0,8.5,71.3,3.7,157.1,Moderate
2024-12-28,Station_West,Winter,154.34,277.15,55.64,23.83,0.94,5.0,11.4,73.7,5.2,328.0,Very Poor
2024-12-29,Station_West,Winter,182.87,396.75,67.31,19.35,2.23,5.0,13.7,64.6,7.9,356.7,Very Poor
2024-12-30,Station_West,Winter,170.02,288.6,92.2,7.03,0.65,8.6,14.1,57.8,6.0,338.1,Very Poor
